--
-- PostgreSQL database dump
--

-- Dumped from database version 9.6.5
-- Dumped by pg_dump version 9.6.5

SET statement_timeout = 0;
SET lock_timeout = 0;
SET idle_in_transaction_session_timeout = 0;
SET client_encoding = 'UTF8';
SET standard_conforming_strings = on;
SET check_function_bodies = false;
SET client_min_messages = warning;
SET row_security = off;

--
-- Name: plpgsql; Type: EXTENSION; Schema: -; Owner: 
--

CREATE EXTENSION IF NOT EXISTS plpgsql WITH SCHEMA pg_catalog;


--
-- Name: EXTENSION plpgsql; Type: COMMENT; Schema: -; Owner: 
--

COMMENT ON EXTENSION plpgsql IS 'PL/pgSQL procedural language';


--
-- Name: adminpack; Type: EXTENSION; Schema: -; Owner: 
--

CREATE EXTENSION IF NOT EXISTS adminpack WITH SCHEMA pg_catalog;


--
-- Name: EXTENSION adminpack; Type: COMMENT; Schema: -; Owner: 
--

COMMENT ON EXTENSION adminpack IS 'administrative functions for PostgreSQL';


SET search_path = public, pg_catalog;

SET default_tablespace = '';

SET default_with_oids = false;

--
-- Name: auth_group; Type: TABLE; Schema: public; Owner: nobel
--

CREATE TABLE auth_group (
    id integer NOT NULL,
    name character varying(80) NOT NULL
);


ALTER TABLE auth_group OWNER TO nobel;

--
-- Name: auth_group_id_seq; Type: SEQUENCE; Schema: public; Owner: nobel
--

CREATE SEQUENCE auth_group_id_seq
    START WITH 1
    INCREMENT BY 1
    NO MINVALUE
    NO MAXVALUE
    CACHE 1;


ALTER TABLE auth_group_id_seq OWNER TO nobel;

--
-- Name: auth_group_id_seq; Type: SEQUENCE OWNED BY; Schema: public; Owner: nobel
--

ALTER SEQUENCE auth_group_id_seq OWNED BY auth_group.id;


--
-- Name: auth_group_permissions; Type: TABLE; Schema: public; Owner: nobel
--

CREATE TABLE auth_group_permissions (
    id integer NOT NULL,
    group_id integer NOT NULL,
    permission_id integer NOT NULL
);


ALTER TABLE auth_group_permissions OWNER TO nobel;

--
-- Name: auth_group_permissions_id_seq; Type: SEQUENCE; Schema: public; Owner: nobel
--

CREATE SEQUENCE auth_group_permissions_id_seq
    START WITH 1
    INCREMENT BY 1
    NO MINVALUE
    NO MAXVALUE
    CACHE 1;


ALTER TABLE auth_group_permissions_id_seq OWNER TO nobel;

--
-- Name: auth_group_permissions_id_seq; Type: SEQUENCE OWNED BY; Schema: public; Owner: nobel
--

ALTER SEQUENCE auth_group_permissions_id_seq OWNED BY auth_group_permissions.id;


--
-- Name: auth_permission; Type: TABLE; Schema: public; Owner: nobel
--

CREATE TABLE auth_permission (
    id integer NOT NULL,
    name character varying(255) NOT NULL,
    content_type_id integer NOT NULL,
    codename character varying(100) NOT NULL
);


ALTER TABLE auth_permission OWNER TO nobel;

--
-- Name: auth_permission_id_seq; Type: SEQUENCE; Schema: public; Owner: nobel
--

CREATE SEQUENCE auth_permission_id_seq
    START WITH 1
    INCREMENT BY 1
    NO MINVALUE
    NO MAXVALUE
    CACHE 1;


ALTER TABLE auth_permission_id_seq OWNER TO nobel;

--
-- Name: auth_permission_id_seq; Type: SEQUENCE OWNED BY; Schema: public; Owner: nobel
--

ALTER SEQUENCE auth_permission_id_seq OWNED BY auth_permission.id;


--
-- Name: auth_user; Type: TABLE; Schema: public; Owner: nobel
--

CREATE TABLE auth_user (
    id integer NOT NULL,
    password character varying(128) NOT NULL,
    last_login timestamp with time zone,
    is_superuser boolean NOT NULL,
    username character varying(150) NOT NULL,
    first_name character varying(30) NOT NULL,
    last_name character varying(30) NOT NULL,
    email character varying(254) NOT NULL,
    is_staff boolean NOT NULL,
    is_active boolean NOT NULL,
    date_joined timestamp with time zone NOT NULL
);


ALTER TABLE auth_user OWNER TO nobel;

--
-- Name: auth_user_groups; Type: TABLE; Schema: public; Owner: nobel
--

CREATE TABLE auth_user_groups (
    id integer NOT NULL,
    user_id integer NOT NULL,
    group_id integer NOT NULL
);


ALTER TABLE auth_user_groups OWNER TO nobel;

--
-- Name: auth_user_groups_id_seq; Type: SEQUENCE; Schema: public; Owner: nobel
--

CREATE SEQUENCE auth_user_groups_id_seq
    START WITH 1
    INCREMENT BY 1
    NO MINVALUE
    NO MAXVALUE
    CACHE 1;


ALTER TABLE auth_user_groups_id_seq OWNER TO nobel;

--
-- Name: auth_user_groups_id_seq; Type: SEQUENCE OWNED BY; Schema: public; Owner: nobel
--

ALTER SEQUENCE auth_user_groups_id_seq OWNED BY auth_user_groups.id;


--
-- Name: auth_user_id_seq; Type: SEQUENCE; Schema: public; Owner: nobel
--

CREATE SEQUENCE auth_user_id_seq
    START WITH 1
    INCREMENT BY 1
    NO MINVALUE
    NO MAXVALUE
    CACHE 1;


ALTER TABLE auth_user_id_seq OWNER TO nobel;

--
-- Name: auth_user_id_seq; Type: SEQUENCE OWNED BY; Schema: public; Owner: nobel
--

ALTER SEQUENCE auth_user_id_seq OWNED BY auth_user.id;


--
-- Name: auth_user_user_permissions; Type: TABLE; Schema: public; Owner: nobel
--

CREATE TABLE auth_user_user_permissions (
    id integer NOT NULL,
    user_id integer NOT NULL,
    permission_id integer NOT NULL
);


ALTER TABLE auth_user_user_permissions OWNER TO nobel;

--
-- Name: auth_user_user_permissions_id_seq; Type: SEQUENCE; Schema: public; Owner: nobel
--

CREATE SEQUENCE auth_user_user_permissions_id_seq
    START WITH 1
    INCREMENT BY 1
    NO MINVALUE
    NO MAXVALUE
    CACHE 1;


ALTER TABLE auth_user_user_permissions_id_seq OWNER TO nobel;

--
-- Name: auth_user_user_permissions_id_seq; Type: SEQUENCE OWNED BY; Schema: public; Owner: nobel
--

ALTER SEQUENCE auth_user_user_permissions_id_seq OWNED BY auth_user_user_permissions.id;


--
-- Name: django_admin_log; Type: TABLE; Schema: public; Owner: nobel
--

CREATE TABLE django_admin_log (
    id integer NOT NULL,
    action_time timestamp with time zone NOT NULL,
    object_id text,
    object_repr character varying(200) NOT NULL,
    action_flag smallint NOT NULL,
    change_message text NOT NULL,
    content_type_id integer,
    user_id integer NOT NULL,
    CONSTRAINT django_admin_log_action_flag_check CHECK ((action_flag >= 0))
);


ALTER TABLE django_admin_log OWNER TO nobel;

--
-- Name: django_admin_log_id_seq; Type: SEQUENCE; Schema: public; Owner: nobel
--

CREATE SEQUENCE django_admin_log_id_seq
    START WITH 1
    INCREMENT BY 1
    NO MINVALUE
    NO MAXVALUE
    CACHE 1;


ALTER TABLE django_admin_log_id_seq OWNER TO nobel;

--
-- Name: django_admin_log_id_seq; Type: SEQUENCE OWNED BY; Schema: public; Owner: nobel
--

ALTER SEQUENCE django_admin_log_id_seq OWNED BY django_admin_log.id;


--
-- Name: django_content_type; Type: TABLE; Schema: public; Owner: nobel
--

CREATE TABLE django_content_type (
    id integer NOT NULL,
    app_label character varying(100) NOT NULL,
    model character varying(100) NOT NULL
);


ALTER TABLE django_content_type OWNER TO nobel;

--
-- Name: django_content_type_id_seq; Type: SEQUENCE; Schema: public; Owner: nobel
--

CREATE SEQUENCE django_content_type_id_seq
    START WITH 1
    INCREMENT BY 1
    NO MINVALUE
    NO MAXVALUE
    CACHE 1;


ALTER TABLE django_content_type_id_seq OWNER TO nobel;

--
-- Name: django_content_type_id_seq; Type: SEQUENCE OWNED BY; Schema: public; Owner: nobel
--

ALTER SEQUENCE django_content_type_id_seq OWNED BY django_content_type.id;


--
-- Name: django_migrations; Type: TABLE; Schema: public; Owner: nobel
--

CREATE TABLE django_migrations (
    id integer NOT NULL,
    app character varying(255) NOT NULL,
    name character varying(255) NOT NULL,
    applied timestamp with time zone NOT NULL
);


ALTER TABLE django_migrations OWNER TO nobel;

--
-- Name: django_migrations_id_seq; Type: SEQUENCE; Schema: public; Owner: nobel
--

CREATE SEQUENCE django_migrations_id_seq
    START WITH 1
    INCREMENT BY 1
    NO MINVALUE
    NO MAXVALUE
    CACHE 1;


ALTER TABLE django_migrations_id_seq OWNER TO nobel;

--
-- Name: django_migrations_id_seq; Type: SEQUENCE OWNED BY; Schema: public; Owner: nobel
--

ALTER SEQUENCE django_migrations_id_seq OWNED BY django_migrations.id;


--
-- Name: django_session; Type: TABLE; Schema: public; Owner: nobel
--

CREATE TABLE django_session (
    session_key character varying(40) NOT NULL,
    session_data text NOT NULL,
    expire_date timestamp with time zone NOT NULL
);


ALTER TABLE django_session OWNER TO nobel;

--
-- Name: products_category; Type: TABLE; Schema: public; Owner: nobel
--

CREATE TABLE products_category (
    id integer NOT NULL,
    category character varying(25) NOT NULL,
    count integer NOT NULL,
    CONSTRAINT products_categories_count_check CHECK ((count >= 0))
);


ALTER TABLE products_category OWNER TO nobel;

--
-- Name: products_categories_id_seq; Type: SEQUENCE; Schema: public; Owner: nobel
--

CREATE SEQUENCE products_categories_id_seq
    START WITH 1
    INCREMENT BY 1
    NO MINVALUE
    NO MAXVALUE
    CACHE 1;


ALTER TABLE products_categories_id_seq OWNER TO nobel;

--
-- Name: products_categories_id_seq; Type: SEQUENCE OWNED BY; Schema: public; Owner: nobel
--

ALTER SEQUENCE products_categories_id_seq OWNED BY products_category.id;


--
-- Name: products_product; Type: TABLE; Schema: public; Owner: nobel
--

CREATE TABLE products_product (
    id integer NOT NULL,
    name character varying(255) NOT NULL,
    slug character varying(50) NOT NULL,
    company character varying(100) NOT NULL,
    description character varying(400) NOT NULL,
    price integer NOT NULL,
    added_date timestamp with time zone NOT NULL,
    available_quantity integer NOT NULL,
    image character varying(100) NOT NULL,
    size_id integer,
    category_id integer,
    CONSTRAINT products_product_available_quantity_check CHECK ((available_quantity >= 0)),
    CONSTRAINT products_product_price_check CHECK ((price >= 0))
);


ALTER TABLE products_product OWNER TO nobel;

--
-- Name: products_product_id_seq; Type: SEQUENCE; Schema: public; Owner: nobel
--

CREATE SEQUENCE products_product_id_seq
    START WITH 1
    INCREMENT BY 1
    NO MINVALUE
    NO MAXVALUE
    CACHE 1;


ALTER TABLE products_product_id_seq OWNER TO nobel;

--
-- Name: products_product_id_seq; Type: SEQUENCE OWNED BY; Schema: public; Owner: nobel
--

ALTER SEQUENCE products_product_id_seq OWNED BY products_product.id;


--
-- Name: products_productsize; Type: TABLE; Schema: public; Owner: nobel
--

CREATE TABLE products_productsize (
    id integer NOT NULL,
    size character varying(20) NOT NULL
);


ALTER TABLE products_productsize OWNER TO nobel;

--
-- Name: products_productsize_id_seq; Type: SEQUENCE; Schema: public; Owner: nobel
--

CREATE SEQUENCE products_productsize_id_seq
    START WITH 1
    INCREMENT BY 1
    NO MINVALUE
    NO MAXVALUE
    CACHE 1;


ALTER TABLE products_productsize_id_seq OWNER TO nobel;

--
-- Name: products_productsize_id_seq; Type: SEQUENCE OWNED BY; Schema: public; Owner: nobel
--

ALTER SEQUENCE products_productsize_id_seq OWNED BY products_productsize.id;


--
-- Name: auth_group id; Type: DEFAULT; Schema: public; Owner: nobel
--

ALTER TABLE ONLY auth_group ALTER COLUMN id SET DEFAULT nextval('auth_group_id_seq'::regclass);


--
-- Name: auth_group_permissions id; Type: DEFAULT; Schema: public; Owner: nobel
--

ALTER TABLE ONLY auth_group_permissions ALTER COLUMN id SET DEFAULT nextval('auth_group_permissions_id_seq'::regclass);


--
-- Name: auth_permission id; Type: DEFAULT; Schema: public; Owner: nobel
--

ALTER TABLE ONLY auth_permission ALTER COLUMN id SET DEFAULT nextval('auth_permission_id_seq'::regclass);


--
-- Name: auth_user id; Type: DEFAULT; Schema: public; Owner: nobel
--

ALTER TABLE ONLY auth_user ALTER COLUMN id SET DEFAULT nextval('auth_user_id_seq'::regclass);


--
-- Name: auth_user_groups id; Type: DEFAULT; Schema: public; Owner: nobel
--

ALTER TABLE ONLY auth_user_groups ALTER COLUMN id SET DEFAULT nextval('auth_user_groups_id_seq'::regclass);


--
-- Name: auth_user_user_permissions id; Type: DEFAULT; Schema: public; Owner: nobel
--

ALTER TABLE ONLY auth_user_user_permissions ALTER COLUMN id SET DEFAULT nextval('auth_user_user_permissions_id_seq'::regclass);


--
-- Name: django_admin_log id; Type: DEFAULT; Schema: public; Owner: nobel
--

ALTER TABLE ONLY django_admin_log ALTER COLUMN id SET DEFAULT nextval('django_admin_log_id_seq'::regclass);


--
-- Name: django_content_type id; Type: DEFAULT; Schema: public; Owner: nobel
--

ALTER TABLE ONLY django_content_type ALTER COLUMN id SET DEFAULT nextval('django_content_type_id_seq'::regclass);


--
-- Name: django_migrations id; Type: DEFAULT; Schema: public; Owner: nobel
--

ALTER TABLE ONLY django_migrations ALTER COLUMN id SET DEFAULT nextval('django_migrations_id_seq'::regclass);


--
-- Name: products_category id; Type: DEFAULT; Schema: public; Owner: nobel
--

ALTER TABLE ONLY products_category ALTER COLUMN id SET DEFAULT nextval('products_categories_id_seq'::regclass);


--
-- Name: products_product id; Type: DEFAULT; Schema: public; Owner: nobel
--

ALTER TABLE ONLY products_product ALTER COLUMN id SET DEFAULT nextval('products_product_id_seq'::regclass);


--
-- Name: products_productsize id; Type: DEFAULT; Schema: public; Owner: nobel
--

ALTER TABLE ONLY products_productsize ALTER COLUMN id SET DEFAULT nextval('products_productsize_id_seq'::regclass);


--
-- Data for Name: auth_group; Type: TABLE DATA; Schema: public; Owner: nobel
--

COPY auth_group (id, name) FROM stdin;
\.


--
-- Name: auth_group_id_seq; Type: SEQUENCE SET; Schema: public; Owner: nobel
--

SELECT pg_catalog.setval('auth_group_id_seq', 1, false);


--
-- Data for Name: auth_group_permissions; Type: TABLE DATA; Schema: public; Owner: nobel
--

COPY auth_group_permissions (id, group_id, permission_id) FROM stdin;
\.


--
-- Name: auth_group_permissions_id_seq; Type: SEQUENCE SET; Schema: public; Owner: nobel
--

SELECT pg_catalog.setval('auth_group_permissions_id_seq', 1, false);


--
-- Data for Name: auth_permission; Type: TABLE DATA; Schema: public; Owner: nobel
--

COPY auth_permission (id, name, content_type_id, codename) FROM stdin;
1	Can add log entry	1	add_logentry
2	Can change log entry	1	change_logentry
3	Can delete log entry	1	delete_logentry
4	Can add permission	2	add_permission
5	Can change permission	2	change_permission
6	Can delete permission	2	delete_permission
7	Can add group	3	add_group
8	Can change group	3	change_group
9	Can delete group	3	delete_group
10	Can add user	4	add_user
11	Can change user	4	change_user
12	Can delete user	4	delete_user
13	Can add content type	5	add_contenttype
14	Can change content type	5	change_contenttype
15	Can delete content type	5	delete_contenttype
16	Can add session	6	add_session
17	Can change session	6	change_session
18	Can delete session	6	delete_session
19	Can add categories	7	add_categories
20	Can change categories	7	change_categories
21	Can delete categories	7	delete_categories
22	Can add product size	8	add_productsize
23	Can change product size	8	change_productsize
24	Can delete product size	8	delete_productsize
25	Can add product	9	add_product
26	Can change product	9	change_product
27	Can delete product	9	delete_product
28	Can add category	7	add_category
29	Can change category	7	change_category
30	Can delete category	7	delete_category
\.


--
-- Name: auth_permission_id_seq; Type: SEQUENCE SET; Schema: public; Owner: nobel
--

SELECT pg_catalog.setval('auth_permission_id_seq', 27, true);


--
-- Data for Name: auth_user; Type: TABLE DATA; Schema: public; Owner: nobel
--

COPY auth_user (id, password, last_login, is_superuser, username, first_name, last_name, email, is_staff, is_active, date_joined) FROM stdin;
1	pbkdf2_sha256$36000$zGiqxTPaAlLp$w6bo4dz7luxMMMD7Vb9kW5ISRQQo617sxR0TEt+QXDY=	2017-06-30 17:53:07.466842+06	t	hoho			asif.nobel@gmail.com	t	t	2017-06-29 12:52:55.19238+06
\.


--
-- Data for Name: auth_user_groups; Type: TABLE DATA; Schema: public; Owner: nobel
--

COPY auth_user_groups (id, user_id, group_id) FROM stdin;
\.


--
-- Name: auth_user_groups_id_seq; Type: SEQUENCE SET; Schema: public; Owner: nobel
--

SELECT pg_catalog.setval('auth_user_groups_id_seq', 1, false);


--
-- Name: auth_user_id_seq; Type: SEQUENCE SET; Schema: public; Owner: nobel
--

SELECT pg_catalog.setval('auth_user_id_seq', 1, true);


--
-- Data for Name: auth_user_user_permissions; Type: TABLE DATA; Schema: public; Owner: nobel
--

COPY auth_user_user_permissions (id, user_id, permission_id) FROM stdin;
\.


--
-- Name: auth_user_user_permissions_id_seq; Type: SEQUENCE SET; Schema: public; Owner: nobel
--

SELECT pg_catalog.setval('auth_user_user_permissions_id_seq', 1, false);


--
-- Data for Name: django_admin_log; Type: TABLE DATA; Schema: public; Owner: nobel
--

COPY django_admin_log (id, action_time, object_id, object_repr, action_flag, change_message, content_type_id, user_id) FROM stdin;
1	2017-06-29 13:01:52.645134+06	1	Sunglasses	1	[{"added": {}}, {"added": {"object": "Black Sunglass", "name": "product"}}, {"added": {"object": "Silver Sunglass", "name": "product"}}]	7	1
2	2017-06-29 13:11:14.657135+06	2	Smartphones	1	[{"added": {}}, {"added": {"object": "iPhone 7 Plus", "name": "product"}}]	7	1
3	2017-06-29 13:13:02.145372+06	3	TV	1	[{"added": {}}, {"added": {"object": "3D TV", "name": "product"}}]	7	1
4	2017-06-29 13:16:41.529994+06	4	Shoes-Men	1	[{"added": {}}, {"added": {"object": "All Star Snickers", "name": "product"}}]	7	1
5	2017-06-29 13:20:55.93685+06	4	3D TV	2	[{"changed": {"fields": ["image"]}}]	8	1
6	2017-06-30 17:57:47.933864+06	4	3D TV	2	[{"changed": {"fields": ["image"]}}]	8	1
7	2017-06-30 18:00:45.097374+06	5	All Star Snickers	2	[{"changed": {"fields": ["image"]}}]	8	1
8	2017-06-30 18:01:53.641916+06	3	iPhone 7 Plus	2	[{"changed": {"fields": ["image"]}}]	8	1
9	2017-06-30 18:05:40.65479+06	2	Silver Sunglass	2	[{"changed": {"fields": ["image"]}}]	8	1
10	2017-06-30 18:08:47.557556+06	1	Black Sunglass	2	[{"changed": {"fields": ["image"]}}]	8	1
\.


--
-- Name: django_admin_log_id_seq; Type: SEQUENCE SET; Schema: public; Owner: nobel
--

SELECT pg_catalog.setval('django_admin_log_id_seq', 10, true);


--
-- Data for Name: django_content_type; Type: TABLE DATA; Schema: public; Owner: nobel
--

COPY django_content_type (id, app_label, model) FROM stdin;
1	admin	logentry
2	auth	permission
3	auth	group
4	auth	user
5	contenttypes	contenttype
6	sessions	session
8	products	productsize
9	products	product
7	products	category
\.


--
-- Name: django_content_type_id_seq; Type: SEQUENCE SET; Schema: public; Owner: nobel
--

SELECT pg_catalog.setval('django_content_type_id_seq', 9, true);


--
-- Data for Name: django_migrations; Type: TABLE DATA; Schema: public; Owner: nobel
--

COPY django_migrations (id, app, name, applied) FROM stdin;
1	contenttypes	0001_initial	2017-06-29 00:45:33.409272+06
2	auth	0001_initial	2017-06-29 00:45:33.583234+06
3	admin	0001_initial	2017-06-29 00:45:33.706025+06
4	admin	0002_logentry_remove_auto_add	2017-06-29 00:45:33.761176+06
5	contenttypes	0002_remove_content_type_name	2017-06-29 00:45:33.811506+06
6	auth	0002_alter_permission_name_max_length	2017-06-29 00:45:33.830592+06
7	auth	0003_alter_user_email_max_length	2017-06-29 00:45:33.863735+06
8	auth	0004_alter_user_username_opts	2017-06-29 00:45:33.897628+06
9	auth	0005_alter_user_last_login_null	2017-06-29 00:45:33.942286+06
10	auth	0006_require_contenttypes_0002	2017-06-29 00:45:33.959945+06
11	auth	0007_alter_validators_add_error_messages	2017-06-29 00:45:33.999249+06
12	auth	0008_alter_user_username_max_length	2017-06-29 00:45:34.034885+06
13	products	0001_initial	2017-06-29 00:45:34.101739+06
14	products	0002_product_category	2017-06-29 00:45:34.134858+06
15	products	0003_auto_20170628_1543	2017-06-29 00:45:34.152227+06
16	products	0004_auto_20170628_1551	2017-06-29 00:45:34.224789+06
17	products	0005_auto_20170628_1556	2017-06-29 00:45:34.253682+06
18	products	0006_auto_20170628_1658	2017-06-29 00:45:34.269497+06
19	products	0007_auto_20170628_1659	2017-06-29 00:45:34.292605+06
20	products	0008_auto_20170628_1705	2017-06-29 00:45:34.330721+06
21	products	0009_auto_20170628_1708	2017-06-29 00:45:34.359871+06
22	products	0010_auto_20170628_1710	2017-06-29 00:45:34.390415+06
23	products	0011_auto_20170628_1726	2017-06-29 00:45:34.409665+06
24	products	0012_auto_20170628_1834	2017-06-29 00:45:34.422287+06
25	sessions	0001_initial	2017-06-29 00:45:34.467488+06
\.


--
-- Name: django_migrations_id_seq; Type: SEQUENCE SET; Schema: public; Owner: nobel
--

SELECT pg_catalog.setval('django_migrations_id_seq', 25, true);


--
-- Data for Name: django_session; Type: TABLE DATA; Schema: public; Owner: nobel
--

COPY django_session (session_key, session_data, expire_date) FROM stdin;
chne1ff9ca4ed5e07f1a6f39badb8638	NWZiMDk2ZjE1YTVhMjcyZGE4ODQ4ZDE0YzkxODFkOTY0ZDkwODU5Yjp7Il9fY2hhbm5lbHNfbmV4dF9vcmRlciI6M30=	2017-09-17 23:46:32.720527+06
chnaef6e74f74068920b0c5dc961941d	OTA3MWI5NDBlYjViYmVlZjg0YmRjZjFhZDQ0ZGI3ZjNjYzdlYjI3ZDp7Il9fY2hhbm5lbHNfbmV4dF9vcmRlciI6Nn0=	2017-09-18 00:03:21.777301+06
chn2be53c1495f7d83c25ada8f995d52	MjlhY2YxOGY2N2RmMDljMWFhMzNkOTExYjhhNjdjNjMzNWYzNTdhZDp7Il9fY2hhbm5lbHNfbmV4dF9vcmRlciI6NH0=	2017-09-18 00:33:05.989222+06
\.


--
-- Name: products_categories_id_seq; Type: SEQUENCE SET; Schema: public; Owner: nobel
--

SELECT pg_catalog.setval('products_categories_id_seq', 4, true);


--
-- Data for Name: products_category; Type: TABLE DATA; Schema: public; Owner: nobel
--

COPY products_category (id, category, count) FROM stdin;
1	Sunglasses	0
2	Smartphones	0
3	TV	0
4	Shoes-Men	0
\.


--
-- Data for Name: products_product; Type: TABLE DATA; Schema: public; Owner: nobel
--

COPY products_product (id, name, slug, company, description, price, added_date, available_quantity, image, size_id, category_id) FROM stdin;
4	3D TV	1hC8XGuUT68e	Sony	50 Inch TV. Lorem ipsum dolor sit amet, consectetuer adipiscing elit. Aenean commodo ligula eget dolor. Aenean massa. Cum sociis natoque penatibus et magnis dis parturient montes, nascetur ridiculus mus. Donec quam felis, ultricies nec, pellentesque eu, pretium quis, sem. Nulla consequat massa quis enim. Donec.	66000	2017-06-29 13:13:02.141549+06	23	product_images/sony_KDL-50W800C_3D.jpg	\N	3
5	All Star Snickers	l0VdKk8Zbwe8	Converse	Lorem ipsum dolor sit amet, consectetuer adipiscing elit. Aenean commodo ligula eget dolor. Aenean massa. Cum sociis natoque penatibus et magnis dis parturient montes, nascetur ridiculus mus. Donec quam felis, ultricies nec, pellentesque eu, pretium quis, sem. Nulla consequat massa quis enim. Donec.	1200	2017-06-29 13:16:41.521791+06	7	product_images/converse_all_star_shoe.jpg	\N	4
3	iPhone 7 Plus	9ObMLAjDU1vj	Apple	Lorem ipsum dolor sit amet, consectetuer adipiscing elit. Aenean commodo ligula eget dolor. Aenean massa. Cum sociis natoque penatibus et magnis dis parturient montes, nascetur ridiculus mus. Donec quam felis, ultricies nec, pellentesque eu, pretium quis, sem. Nulla consequat massa quis enim. Donec.	76000	2017-06-29 13:11:14.653798+06	3	product_images/i7plus.jpg	\N	2
2	Silver Sunglass	1H77ND0RX6Fo	Ray-Ban	Sed ut perspiciatis unde omnis iste natus error sit voluptatem accusantium doloremque laudantium, totam rem aperiam, eaque ipsa quae ab illo inventore veritatis et quasi architecto beatae vitae dicta sunt explicabo. Nemo enim ipsam voluptatem quia voluptas sit aspernatur aut odit aut fugit, sed quia	2500	2017-06-29 13:01:52.638181+06	12	product_images/silver-sunglass.jpg	\N	1
1	Black Sunglass	XjHPxMjTHNIe	Ray-Ban	Lorem ipsum dolor sit amet, consectetuer adipiscing elit. Aenean commodo ligula eget dolor. Aenean massa. Cum sociis natoque penatibus et magnis dis parturient montes, nascetur ridiculus mus. Donec quam felis, ultricies nec, pellentesque eu, pretium quis, sem. Nulla consequat massa quis enim. Donec.	1850	2017-06-29 13:01:52.630263+06	5	product_images/black-sunglass.jpg	\N	1
\.


--
-- Name: products_product_id_seq; Type: SEQUENCE SET; Schema: public; Owner: nobel
--

SELECT pg_catalog.setval('products_product_id_seq', 5, true);


--
-- Data for Name: products_productsize; Type: TABLE DATA; Schema: public; Owner: nobel
--

COPY products_productsize (id, size) FROM stdin;
\.


--
-- Name: products_productsize_id_seq; Type: SEQUENCE SET; Schema: public; Owner: nobel
--

SELECT pg_catalog.setval('products_productsize_id_seq', 1, false);


--
-- Name: auth_group auth_group_name_key; Type: CONSTRAINT; Schema: public; Owner: nobel
--

ALTER TABLE ONLY auth_group
    ADD CONSTRAINT auth_group_name_key UNIQUE (name);


--
-- Name: auth_group_permissions auth_group_permissions_group_id_permission_id_0cd325b0_uniq; Type: CONSTRAINT; Schema: public; Owner: nobel
--

ALTER TABLE ONLY auth_group_permissions
    ADD CONSTRAINT auth_group_permissions_group_id_permission_id_0cd325b0_uniq UNIQUE (group_id, permission_id);


--
-- Name: auth_group_permissions auth_group_permissions_pkey; Type: CONSTRAINT; Schema: public; Owner: nobel
--

ALTER TABLE ONLY auth_group_permissions
    ADD CONSTRAINT auth_group_permissions_pkey PRIMARY KEY (id);


--
-- Name: auth_group auth_group_pkey; Type: CONSTRAINT; Schema: public; Owner: nobel
--

ALTER TABLE ONLY auth_group
    ADD CONSTRAINT auth_group_pkey PRIMARY KEY (id);


--
-- Name: auth_permission auth_permission_content_type_id_01ab375a_uniq; Type: CONSTRAINT; Schema: public; Owner: nobel
--

ALTER TABLE ONLY auth_permission
    ADD CONSTRAINT auth_permission_content_type_id_01ab375a_uniq UNIQUE (content_type_id, codename);


--
-- Name: auth_permission auth_permission_content_type_id_codename_01ab375a_uniq; Type: CONSTRAINT; Schema: public; Owner: nobel
--

ALTER TABLE ONLY auth_permission
    ADD CONSTRAINT auth_permission_content_type_id_codename_01ab375a_uniq UNIQUE (content_type_id, codename);


--
-- Name: auth_permission auth_permission_pkey; Type: CONSTRAINT; Schema: public; Owner: nobel
--

ALTER TABLE ONLY auth_permission
    ADD CONSTRAINT auth_permission_pkey PRIMARY KEY (id);


--
-- Name: auth_user_groups auth_user_groups_pkey; Type: CONSTRAINT; Schema: public; Owner: nobel
--

ALTER TABLE ONLY auth_user_groups
    ADD CONSTRAINT auth_user_groups_pkey PRIMARY KEY (id);


--
-- Name: auth_user_groups auth_user_groups_user_id_group_id_94350c0c_uniq; Type: CONSTRAINT; Schema: public; Owner: nobel
--

ALTER TABLE ONLY auth_user_groups
    ADD CONSTRAINT auth_user_groups_user_id_group_id_94350c0c_uniq UNIQUE (user_id, group_id);


--
-- Name: auth_user auth_user_pkey; Type: CONSTRAINT; Schema: public; Owner: nobel
--

ALTER TABLE ONLY auth_user
    ADD CONSTRAINT auth_user_pkey PRIMARY KEY (id);


--
-- Name: auth_user_user_permissions auth_user_user_permissions_pkey; Type: CONSTRAINT; Schema: public; Owner: nobel
--

ALTER TABLE ONLY auth_user_user_permissions
    ADD CONSTRAINT auth_user_user_permissions_pkey PRIMARY KEY (id);


--
-- Name: auth_user_user_permissions auth_user_user_permissions_user_id_permission_id_14a6b632_uniq; Type: CONSTRAINT; Schema: public; Owner: nobel
--

ALTER TABLE ONLY auth_user_user_permissions
    ADD CONSTRAINT auth_user_user_permissions_user_id_permission_id_14a6b632_uniq UNIQUE (user_id, permission_id);


--
-- Name: auth_user auth_user_username_key; Type: CONSTRAINT; Schema: public; Owner: nobel
--

ALTER TABLE ONLY auth_user
    ADD CONSTRAINT auth_user_username_key UNIQUE (username);


--
-- Name: django_admin_log django_admin_log_pkey; Type: CONSTRAINT; Schema: public; Owner: nobel
--

ALTER TABLE ONLY django_admin_log
    ADD CONSTRAINT django_admin_log_pkey PRIMARY KEY (id);


--
-- Name: django_content_type django_content_type_app_label_76bd3d3b_uniq; Type: CONSTRAINT; Schema: public; Owner: nobel
--

ALTER TABLE ONLY django_content_type
    ADD CONSTRAINT django_content_type_app_label_76bd3d3b_uniq UNIQUE (app_label, model);


--
-- Name: django_content_type django_content_type_app_label_model_76bd3d3b_uniq; Type: CONSTRAINT; Schema: public; Owner: nobel
--

ALTER TABLE ONLY django_content_type
    ADD CONSTRAINT django_content_type_app_label_model_76bd3d3b_uniq UNIQUE (app_label, model);


--
-- Name: django_content_type django_content_type_pkey; Type: CONSTRAINT; Schema: public; Owner: nobel
--

ALTER TABLE ONLY django_content_type
    ADD CONSTRAINT django_content_type_pkey PRIMARY KEY (id);


--
-- Name: django_migrations django_migrations_pkey; Type: CONSTRAINT; Schema: public; Owner: nobel
--

ALTER TABLE ONLY django_migrations
    ADD CONSTRAINT django_migrations_pkey PRIMARY KEY (id);


--
-- Name: django_session django_session_pkey; Type: CONSTRAINT; Schema: public; Owner: nobel
--

ALTER TABLE ONLY django_session
    ADD CONSTRAINT django_session_pkey PRIMARY KEY (session_key);


--
-- Name: products_category products_categories_pkey; Type: CONSTRAINT; Schema: public; Owner: nobel
--

ALTER TABLE ONLY products_category
    ADD CONSTRAINT products_categories_pkey PRIMARY KEY (id);


--
-- Name: products_product products_product_pkey; Type: CONSTRAINT; Schema: public; Owner: nobel
--

ALTER TABLE ONLY products_product
    ADD CONSTRAINT products_product_pkey PRIMARY KEY (id);


--
-- Name: products_product products_product_slug_key; Type: CONSTRAINT; Schema: public; Owner: nobel
--

ALTER TABLE ONLY products_product
    ADD CONSTRAINT products_product_slug_key UNIQUE (slug);


--
-- Name: products_productsize products_productsize_pkey; Type: CONSTRAINT; Schema: public; Owner: nobel
--

ALTER TABLE ONLY products_productsize
    ADD CONSTRAINT products_productsize_pkey PRIMARY KEY (id);


--
-- Name: auth_group_name_a6ea08ec_like; Type: INDEX; Schema: public; Owner: nobel
--

CREATE INDEX auth_group_name_a6ea08ec_like ON auth_group USING btree (name varchar_pattern_ops);


--
-- Name: auth_group_permissions_group_id_b120cbf9; Type: INDEX; Schema: public; Owner: nobel
--

CREATE INDEX auth_group_permissions_group_id_b120cbf9 ON auth_group_permissions USING btree (group_id);


--
-- Name: auth_group_permissions_permission_id_84c5c92e; Type: INDEX; Schema: public; Owner: nobel
--

CREATE INDEX auth_group_permissions_permission_id_84c5c92e ON auth_group_permissions USING btree (permission_id);


--
-- Name: auth_permission_417f1b1c; Type: INDEX; Schema: public; Owner: nobel
--

CREATE INDEX auth_permission_417f1b1c ON auth_permission USING btree (content_type_id);


--
-- Name: auth_permission_content_type_id_2f476e4b; Type: INDEX; Schema: public; Owner: nobel
--

CREATE INDEX auth_permission_content_type_id_2f476e4b ON auth_permission USING btree (content_type_id);


--
-- Name: auth_user_groups_group_id_97559544; Type: INDEX; Schema: public; Owner: nobel
--

CREATE INDEX auth_user_groups_group_id_97559544 ON auth_user_groups USING btree (group_id);


--
-- Name: auth_user_groups_user_id_6a12ed8b; Type: INDEX; Schema: public; Owner: nobel
--

CREATE INDEX auth_user_groups_user_id_6a12ed8b ON auth_user_groups USING btree (user_id);


--
-- Name: auth_user_user_permissions_permission_id_1fbb5f2c; Type: INDEX; Schema: public; Owner: nobel
--

CREATE INDEX auth_user_user_permissions_permission_id_1fbb5f2c ON auth_user_user_permissions USING btree (permission_id);


--
-- Name: auth_user_user_permissions_user_id_a95ead1b; Type: INDEX; Schema: public; Owner: nobel
--

CREATE INDEX auth_user_user_permissions_user_id_a95ead1b ON auth_user_user_permissions USING btree (user_id);


--
-- Name: auth_user_username_6821ab7c_like; Type: INDEX; Schema: public; Owner: nobel
--

CREATE INDEX auth_user_username_6821ab7c_like ON auth_user USING btree (username varchar_pattern_ops);


--
-- Name: django_admin_log_content_type_id_c4bce8eb; Type: INDEX; Schema: public; Owner: nobel
--

CREATE INDEX django_admin_log_content_type_id_c4bce8eb ON django_admin_log USING btree (content_type_id);


--
-- Name: django_admin_log_user_id_c564eba6; Type: INDEX; Schema: public; Owner: nobel
--

CREATE INDEX django_admin_log_user_id_c564eba6 ON django_admin_log USING btree (user_id);


--
-- Name: django_session_expire_date_a5c62663; Type: INDEX; Schema: public; Owner: nobel
--

CREATE INDEX django_session_expire_date_a5c62663 ON django_session USING btree (expire_date);


--
-- Name: django_session_session_key_c0390e0f_like; Type: INDEX; Schema: public; Owner: nobel
--

CREATE INDEX django_session_session_key_c0390e0f_like ON django_session USING btree (session_key varchar_pattern_ops);


--
-- Name: products_product_category_id_9b594869; Type: INDEX; Schema: public; Owner: nobel
--

CREATE INDEX products_product_category_id_9b594869 ON products_product USING btree (category_id);


--
-- Name: products_product_size_id_24f71d67; Type: INDEX; Schema: public; Owner: nobel
--

CREATE INDEX products_product_size_id_24f71d67 ON products_product USING btree (size_id);


--
-- Name: products_product_slug_70d3148d_like; Type: INDEX; Schema: public; Owner: nobel
--

CREATE INDEX products_product_slug_70d3148d_like ON products_product USING btree (slug varchar_pattern_ops);


--
-- Name: auth_group_permissions auth_group_permissio_permission_id_84c5c92e_fk_auth_perm; Type: FK CONSTRAINT; Schema: public; Owner: nobel
--

ALTER TABLE ONLY auth_group_permissions
    ADD CONSTRAINT auth_group_permissio_permission_id_84c5c92e_fk_auth_perm FOREIGN KEY (permission_id) REFERENCES auth_permission(id) DEFERRABLE INITIALLY DEFERRED;


--
-- Name: auth_group_permissions auth_group_permissions_group_id_b120cbf9_fk_auth_group_id; Type: FK CONSTRAINT; Schema: public; Owner: nobel
--

ALTER TABLE ONLY auth_group_permissions
    ADD CONSTRAINT auth_group_permissions_group_id_b120cbf9_fk_auth_group_id FOREIGN KEY (group_id) REFERENCES auth_group(id) DEFERRABLE INITIALLY DEFERRED;


--
-- Name: auth_permission auth_permiss_content_type_id_2f476e4b_fk_django_content_type_id; Type: FK CONSTRAINT; Schema: public; Owner: nobel
--

ALTER TABLE ONLY auth_permission
    ADD CONSTRAINT auth_permiss_content_type_id_2f476e4b_fk_django_content_type_id FOREIGN KEY (content_type_id) REFERENCES django_content_type(id) DEFERRABLE INITIALLY DEFERRED;


--
-- Name: auth_permission auth_permission_content_type_id_2f476e4b_fk_django_co; Type: FK CONSTRAINT; Schema: public; Owner: nobel
--

ALTER TABLE ONLY auth_permission
    ADD CONSTRAINT auth_permission_content_type_id_2f476e4b_fk_django_co FOREIGN KEY (content_type_id) REFERENCES django_content_type(id) DEFERRABLE INITIALLY DEFERRED;


--
-- Name: auth_user_groups auth_user_groups_group_id_97559544_fk_auth_group_id; Type: FK CONSTRAINT; Schema: public; Owner: nobel
--

ALTER TABLE ONLY auth_user_groups
    ADD CONSTRAINT auth_user_groups_group_id_97559544_fk_auth_group_id FOREIGN KEY (group_id) REFERENCES auth_group(id) DEFERRABLE INITIALLY DEFERRED;


--
-- Name: auth_user_groups auth_user_groups_user_id_6a12ed8b_fk_auth_user_id; Type: FK CONSTRAINT; Schema: public; Owner: nobel
--

ALTER TABLE ONLY auth_user_groups
    ADD CONSTRAINT auth_user_groups_user_id_6a12ed8b_fk_auth_user_id FOREIGN KEY (user_id) REFERENCES auth_user(id) DEFERRABLE INITIALLY DEFERRED;


--
-- Name: auth_user_user_permissions auth_user_user_permi_permission_id_1fbb5f2c_fk_auth_perm; Type: FK CONSTRAINT; Schema: public; Owner: nobel
--

ALTER TABLE ONLY auth_user_user_permissions
    ADD CONSTRAINT auth_user_user_permi_permission_id_1fbb5f2c_fk_auth_perm FOREIGN KEY (permission_id) REFERENCES auth_permission(id) DEFERRABLE INITIALLY DEFERRED;


--
-- Name: auth_user_user_permissions auth_user_user_permissions_user_id_a95ead1b_fk_auth_user_id; Type: FK CONSTRAINT; Schema: public; Owner: nobel
--

ALTER TABLE ONLY auth_user_user_permissions
    ADD CONSTRAINT auth_user_user_permissions_user_id_a95ead1b_fk_auth_user_id FOREIGN KEY (user_id) REFERENCES auth_user(id) DEFERRABLE INITIALLY DEFERRED;


--
-- Name: django_admin_log django_admin_log_content_type_id_c4bce8eb_fk_django_co; Type: FK CONSTRAINT; Schema: public; Owner: nobel
--

ALTER TABLE ONLY django_admin_log
    ADD CONSTRAINT django_admin_log_content_type_id_c4bce8eb_fk_django_co FOREIGN KEY (content_type_id) REFERENCES django_content_type(id) DEFERRABLE INITIALLY DEFERRED;


--
-- Name: django_admin_log django_admin_log_user_id_c564eba6_fk_auth_user_id; Type: FK CONSTRAINT; Schema: public; Owner: nobel
--

ALTER TABLE ONLY django_admin_log
    ADD CONSTRAINT django_admin_log_user_id_c564eba6_fk_auth_user_id FOREIGN KEY (user_id) REFERENCES auth_user(id) DEFERRABLE INITIALLY DEFERRED;


--
-- Name: products_product products_product_category_id_9b594869_fk_products_category_id; Type: FK CONSTRAINT; Schema: public; Owner: nobel
--

ALTER TABLE ONLY products_product
    ADD CONSTRAINT products_product_category_id_9b594869_fk_products_category_id FOREIGN KEY (category_id) REFERENCES products_category(id) DEFERRABLE INITIALLY DEFERRED;


--
-- Name: products_product products_product_size_id_24f71d67_fk_products_productsize_id; Type: FK CONSTRAINT; Schema: public; Owner: nobel
--

ALTER TABLE ONLY products_product
    ADD CONSTRAINT products_product_size_id_24f71d67_fk_products_productsize_id FOREIGN KEY (size_id) REFERENCES products_productsize(id) DEFERRABLE INITIALLY DEFERRED;


--
-- PostgreSQL database dump complete
--

