--
-- PostgreSQL database dump
--

-- Dumped from database version 9.6.5
-- Dumped by pg_dump version 9.6.5

SET statement_timeout = 0;
SET lock_timeout = 0;
SET idle_in_transaction_session_timeout = 0;
SET client_encoding = 'UTF8';
SET standard_conforming_strings = on;
SET check_function_bodies = false;
SET client_min_messages = warning;
SET row_security = off;

--
-- Name: plpgsql; Type: EXTENSION; Schema: -; Owner: 
--

CREATE EXTENSION IF NOT EXISTS plpgsql WITH SCHEMA pg_catalog;


--
-- Name: EXTENSION plpgsql; Type: COMMENT; Schema: -; Owner: 
--

COMMENT ON EXTENSION plpgsql IS 'PL/pgSQL procedural language';


--
-- Name: adminpack; Type: EXTENSION; Schema: -; Owner: 
--

CREATE EXTENSION IF NOT EXISTS adminpack WITH SCHEMA pg_catalog;


--
-- Name: EXTENSION adminpack; Type: COMMENT; Schema: -; Owner: 
--

COMMENT ON EXTENSION adminpack IS 'administrative functions for PostgreSQL';


SET search_path = public, pg_catalog;

SET default_tablespace = '';

SET default_with_oids = false;

--
-- Name: auth_group; Type: TABLE; Schema: public; Owner: nobel
--

CREATE TABLE auth_group (
    id integer NOT NULL,
    name character varying(80) NOT NULL
);


ALTER TABLE auth_group OWNER TO nobel;

--
-- Name: auth_group_id_seq; Type: SEQUENCE; Schema: public; Owner: nobel
--

CREATE SEQUENCE auth_group_id_seq
    START WITH 1
    INCREMENT BY 1
    NO MINVALUE
    NO MAXVALUE
    CACHE 1;


ALTER TABLE auth_group_id_seq OWNER TO nobel;

--
-- Name: auth_group_id_seq; Type: SEQUENCE OWNED BY; Schema: public; Owner: nobel
--

ALTER SEQUENCE auth_group_id_seq OWNED BY auth_group.id;


--
-- Name: auth_group_permissions; Type: TABLE; Schema: public; Owner: nobel
--

CREATE TABLE auth_group_permissions (
    id integer NOT NULL,
    group_id integer NOT NULL,
    permission_id integer NOT NULL
);


ALTER TABLE auth_group_permissions OWNER TO nobel;

--
-- Name: auth_group_permissions_id_seq; Type: SEQUENCE; Schema: public; Owner: nobel
--

CREATE SEQUENCE auth_group_permissions_id_seq
    START WITH 1
    INCREMENT BY 1
    NO MINVALUE
    NO MAXVALUE
    CACHE 1;


ALTER TABLE auth_group_permissions_id_seq OWNER TO nobel;

--
-- Name: auth_group_permissions_id_seq; Type: SEQUENCE OWNED BY; Schema: public; Owner: nobel
--

ALTER SEQUENCE auth_group_permissions_id_seq OWNED BY auth_group_permissions.id;


--
-- Name: auth_permission; Type: TABLE; Schema: public; Owner: nobel
--

CREATE TABLE auth_permission (
    id integer NOT NULL,
    name character varying(255) NOT NULL,
    content_type_id integer NOT NULL,
    codename character varying(100) NOT NULL
);


ALTER TABLE auth_permission OWNER TO nobel;

--
-- Name: auth_permission_id_seq; Type: SEQUENCE; Schema: public; Owner: nobel
--

CREATE SEQUENCE auth_permission_id_seq
    START WITH 1
    INCREMENT BY 1
    NO MINVALUE
    NO MAXVALUE
    CACHE 1;


ALTER TABLE auth_permission_id_seq OWNER TO nobel;

--
-- Name: auth_permission_id_seq; Type: SEQUENCE OWNED BY; Schema: public; Owner: nobel
--

ALTER SEQUENCE auth_permission_id_seq OWNED BY auth_permission.id;


--
-- Name: auth_user; Type: TABLE; Schema: public; Owner: nobel
--

CREATE TABLE auth_user (
    id integer NOT NULL,
    password character varying(128) NOT NULL,
    last_login timestamp with time zone,
    is_superuser boolean NOT NULL,
    username character varying(150) NOT NULL,
    first_name character varying(30) NOT NULL,
    last_name character varying(30) NOT NULL,
    email character varying(254) NOT NULL,
    is_staff boolean NOT NULL,
    is_active boolean NOT NULL,
    date_joined timestamp with time zone NOT NULL
);


ALTER TABLE auth_user OWNER TO nobel;

--
-- Name: auth_user_groups; Type: TABLE; Schema: public; Owner: nobel
--

CREATE TABLE auth_user_groups (
    id integer NOT NULL,
    user_id integer NOT NULL,
    group_id integer NOT NULL
);


ALTER TABLE auth_user_groups OWNER TO nobel;

--
-- Name: auth_user_groups_id_seq; Type: SEQUENCE; Schema: public; Owner: nobel
--

CREATE SEQUENCE auth_user_groups_id_seq
    START WITH 1
    INCREMENT BY 1
    NO MINVALUE
    NO MAXVALUE
    CACHE 1;


ALTER TABLE auth_user_groups_id_seq OWNER TO nobel;

--
-- Name: auth_user_groups_id_seq; Type: SEQUENCE OWNED BY; Schema: public; Owner: nobel
--

ALTER SEQUENCE auth_user_groups_id_seq OWNED BY auth_user_groups.id;


--
-- Name: auth_user_id_seq; Type: SEQUENCE; Schema: public; Owner: nobel
--

CREATE SEQUENCE auth_user_id_seq
    START WITH 1
    INCREMENT BY 1
    NO MINVALUE
    NO MAXVALUE
    CACHE 1;


ALTER TABLE auth_user_id_seq OWNER TO nobel;

--
-- Name: auth_user_id_seq; Type: SEQUENCE OWNED BY; Schema: public; Owner: nobel
--

ALTER SEQUENCE auth_user_id_seq OWNED BY auth_user.id;


--
-- Name: auth_user_user_permissions; Type: TABLE; Schema: public; Owner: nobel
--

CREATE TABLE auth_user_user_permissions (
    id integer NOT NULL,
    user_id integer NOT NULL,
    permission_id integer NOT NULL
);


ALTER TABLE auth_user_user_permissions OWNER TO nobel;

--
-- Name: auth_user_user_permissions_id_seq; Type: SEQUENCE; Schema: public; Owner: nobel
--

CREATE SEQUENCE auth_user_user_permissions_id_seq
    START WITH 1
    INCREMENT BY 1
    NO MINVALUE
    NO MAXVALUE
    CACHE 1;


ALTER TABLE auth_user_user_permissions_id_seq OWNER TO nobel;

--
-- Name: auth_user_user_permissions_id_seq; Type: SEQUENCE OWNED BY; Schema: public; Owner: nobel
--

ALTER SEQUENCE auth_user_user_permissions_id_seq OWNED BY auth_user_user_permissions.id;


--
-- Name: chatbot_banglarequests; Type: TABLE; Schema: public; Owner: nobel
--

CREATE TABLE chatbot_banglarequests (
    id integer NOT NULL,
    request character varying(500) NOT NULL,
    tag_id integer
);


ALTER TABLE chatbot_banglarequests OWNER TO nobel;

--
-- Name: chatbot_banglarequests_id_seq; Type: SEQUENCE; Schema: public; Owner: nobel
--

CREATE SEQUENCE chatbot_banglarequests_id_seq
    START WITH 1
    INCREMENT BY 1
    NO MINVALUE
    NO MAXVALUE
    CACHE 1;


ALTER TABLE chatbot_banglarequests_id_seq OWNER TO nobel;

--
-- Name: chatbot_banglarequests_id_seq; Type: SEQUENCE OWNED BY; Schema: public; Owner: nobel
--

ALTER SEQUENCE chatbot_banglarequests_id_seq OWNED BY chatbot_banglarequests.id;


--
-- Name: chatbot_banglaresponses; Type: TABLE; Schema: public; Owner: nobel
--

CREATE TABLE chatbot_banglaresponses (
    id integer NOT NULL,
    response character varying(2000) NOT NULL,
    tag_id integer
);


ALTER TABLE chatbot_banglaresponses OWNER TO nobel;

--
-- Name: chatbot_banglaresponses_id_seq; Type: SEQUENCE; Schema: public; Owner: nobel
--

CREATE SEQUENCE chatbot_banglaresponses_id_seq
    START WITH 1
    INCREMENT BY 1
    NO MINVALUE
    NO MAXVALUE
    CACHE 1;


ALTER TABLE chatbot_banglaresponses_id_seq OWNER TO nobel;

--
-- Name: chatbot_banglaresponses_id_seq; Type: SEQUENCE OWNED BY; Schema: public; Owner: nobel
--

ALTER SEQUENCE chatbot_banglaresponses_id_seq OWNED BY chatbot_banglaresponses.id;


--
-- Name: chatbot_classtag; Type: TABLE; Schema: public; Owner: nobel
--

CREATE TABLE chatbot_classtag (
    id integer NOT NULL,
    "tagName" character varying(255) NOT NULL
);


ALTER TABLE chatbot_classtag OWNER TO nobel;

--
-- Name: chatbot_classtag_id_seq; Type: SEQUENCE; Schema: public; Owner: nobel
--

CREATE SEQUENCE chatbot_classtag_id_seq
    START WITH 1
    INCREMENT BY 1
    NO MINVALUE
    NO MAXVALUE
    CACHE 1;


ALTER TABLE chatbot_classtag_id_seq OWNER TO nobel;

--
-- Name: chatbot_classtag_id_seq; Type: SEQUENCE OWNED BY; Schema: public; Owner: nobel
--

ALTER SEQUENCE chatbot_classtag_id_seq OWNED BY chatbot_classtag.id;


--
-- Name: chatbot_complaints; Type: TABLE; Schema: public; Owner: nobel
--

CREATE TABLE chatbot_complaints (
    id integer NOT NULL,
    request character varying(500) NOT NULL,
    response character varying(2000) NOT NULL,
    created timestamp with time zone NOT NULL
);


ALTER TABLE chatbot_complaints OWNER TO nobel;

--
-- Name: chatbot_complaints_id_seq; Type: SEQUENCE; Schema: public; Owner: nobel
--

CREATE SEQUENCE chatbot_complaints_id_seq
    START WITH 1
    INCREMENT BY 1
    NO MINVALUE
    NO MAXVALUE
    CACHE 1;


ALTER TABLE chatbot_complaints_id_seq OWNER TO nobel;

--
-- Name: chatbot_complaints_id_seq; Type: SEQUENCE OWNED BY; Schema: public; Owner: nobel
--

ALTER SEQUENCE chatbot_complaints_id_seq OWNED BY chatbot_complaints.id;


--
-- Name: chatbot_contexttag; Type: TABLE; Schema: public; Owner: nobel
--

CREATE TABLE chatbot_contexttag (
    id integer NOT NULL,
    "tagName" character varying(255) NOT NULL
);


ALTER TABLE chatbot_contexttag OWNER TO nobel;

--
-- Name: chatbot_contexttag_id_seq; Type: SEQUENCE; Schema: public; Owner: nobel
--

CREATE SEQUENCE chatbot_contexttag_id_seq
    START WITH 1
    INCREMENT BY 1
    NO MINVALUE
    NO MAXVALUE
    CACHE 1;


ALTER TABLE chatbot_contexttag_id_seq OWNER TO nobel;

--
-- Name: chatbot_contexttag_id_seq; Type: SEQUENCE OWNED BY; Schema: public; Owner: nobel
--

ALTER SEQUENCE chatbot_contexttag_id_seq OWNED BY chatbot_contexttag.id;


--
-- Name: chatbot_englishrequests; Type: TABLE; Schema: public; Owner: nobel
--

CREATE TABLE chatbot_englishrequests (
    id integer NOT NULL,
    request character varying(500) NOT NULL,
    tag_id integer
);


ALTER TABLE chatbot_englishrequests OWNER TO nobel;

--
-- Name: chatbot_englishrequests_id_seq; Type: SEQUENCE; Schema: public; Owner: nobel
--

CREATE SEQUENCE chatbot_englishrequests_id_seq
    START WITH 1
    INCREMENT BY 1
    NO MINVALUE
    NO MAXVALUE
    CACHE 1;


ALTER TABLE chatbot_englishrequests_id_seq OWNER TO nobel;

--
-- Name: chatbot_englishrequests_id_seq; Type: SEQUENCE OWNED BY; Schema: public; Owner: nobel
--

ALTER SEQUENCE chatbot_englishrequests_id_seq OWNED BY chatbot_englishrequests.id;


--
-- Name: chatbot_englishresponses; Type: TABLE; Schema: public; Owner: nobel
--

CREATE TABLE chatbot_englishresponses (
    id integer NOT NULL,
    response character varying(2000) NOT NULL,
    tag_id integer
);


ALTER TABLE chatbot_englishresponses OWNER TO nobel;

--
-- Name: chatbot_englishresponses_id_seq; Type: SEQUENCE; Schema: public; Owner: nobel
--

CREATE SEQUENCE chatbot_englishresponses_id_seq
    START WITH 1
    INCREMENT BY 1
    NO MINVALUE
    NO MAXVALUE
    CACHE 1;


ALTER TABLE chatbot_englishresponses_id_seq OWNER TO nobel;

--
-- Name: chatbot_englishresponses_id_seq; Type: SEQUENCE OWNED BY; Schema: public; Owner: nobel
--

ALTER SEQUENCE chatbot_englishresponses_id_seq OWNED BY chatbot_englishresponses.id;


--
-- Name: chatbot_feedbacks; Type: TABLE; Schema: public; Owner: nobel
--

CREATE TABLE chatbot_feedbacks (
    id integer NOT NULL,
    name character varying(50) NOT NULL,
    comment character varying(3000) NOT NULL
);


ALTER TABLE chatbot_feedbacks OWNER TO nobel;

--
-- Name: chatbot_feedbacks_id_seq; Type: SEQUENCE; Schema: public; Owner: nobel
--

CREATE SEQUENCE chatbot_feedbacks_id_seq
    START WITH 1
    INCREMENT BY 1
    NO MINVALUE
    NO MAXVALUE
    CACHE 1;


ALTER TABLE chatbot_feedbacks_id_seq OWNER TO nobel;

--
-- Name: chatbot_feedbacks_id_seq; Type: SEQUENCE OWNED BY; Schema: public; Owner: nobel
--

ALTER SEQUENCE chatbot_feedbacks_id_seq OWNED BY chatbot_feedbacks.id;


--
-- Name: django_admin_log; Type: TABLE; Schema: public; Owner: nobel
--

CREATE TABLE django_admin_log (
    id integer NOT NULL,
    action_time timestamp with time zone NOT NULL,
    object_id text,
    object_repr character varying(200) NOT NULL,
    action_flag smallint NOT NULL,
    change_message text NOT NULL,
    content_type_id integer,
    user_id integer NOT NULL,
    CONSTRAINT django_admin_log_action_flag_check CHECK ((action_flag >= 0))
);


ALTER TABLE django_admin_log OWNER TO nobel;

--
-- Name: django_admin_log_id_seq; Type: SEQUENCE; Schema: public; Owner: nobel
--

CREATE SEQUENCE django_admin_log_id_seq
    START WITH 1
    INCREMENT BY 1
    NO MINVALUE
    NO MAXVALUE
    CACHE 1;


ALTER TABLE django_admin_log_id_seq OWNER TO nobel;

--
-- Name: django_admin_log_id_seq; Type: SEQUENCE OWNED BY; Schema: public; Owner: nobel
--

ALTER SEQUENCE django_admin_log_id_seq OWNED BY django_admin_log.id;


--
-- Name: django_content_type; Type: TABLE; Schema: public; Owner: nobel
--

CREATE TABLE django_content_type (
    id integer NOT NULL,
    app_label character varying(100) NOT NULL,
    model character varying(100) NOT NULL
);


ALTER TABLE django_content_type OWNER TO nobel;

--
-- Name: django_content_type_id_seq; Type: SEQUENCE; Schema: public; Owner: nobel
--

CREATE SEQUENCE django_content_type_id_seq
    START WITH 1
    INCREMENT BY 1
    NO MINVALUE
    NO MAXVALUE
    CACHE 1;


ALTER TABLE django_content_type_id_seq OWNER TO nobel;

--
-- Name: django_content_type_id_seq; Type: SEQUENCE OWNED BY; Schema: public; Owner: nobel
--

ALTER SEQUENCE django_content_type_id_seq OWNED BY django_content_type.id;


--
-- Name: django_migrations; Type: TABLE; Schema: public; Owner: nobel
--

CREATE TABLE django_migrations (
    id integer NOT NULL,
    app character varying(255) NOT NULL,
    name character varying(255) NOT NULL,
    applied timestamp with time zone NOT NULL
);


ALTER TABLE django_migrations OWNER TO nobel;

--
-- Name: django_migrations_id_seq; Type: SEQUENCE; Schema: public; Owner: nobel
--

CREATE SEQUENCE django_migrations_id_seq
    START WITH 1
    INCREMENT BY 1
    NO MINVALUE
    NO MAXVALUE
    CACHE 1;


ALTER TABLE django_migrations_id_seq OWNER TO nobel;

--
-- Name: django_migrations_id_seq; Type: SEQUENCE OWNED BY; Schema: public; Owner: nobel
--

ALTER SEQUENCE django_migrations_id_seq OWNED BY django_migrations.id;


--
-- Name: django_session; Type: TABLE; Schema: public; Owner: nobel
--

CREATE TABLE django_session (
    session_key character varying(40) NOT NULL,
    session_data text NOT NULL,
    expire_date timestamp with time zone NOT NULL
);


ALTER TABLE django_session OWNER TO nobel;

--
-- Name: products_category; Type: TABLE; Schema: public; Owner: nobel
--

CREATE TABLE products_category (
    id integer NOT NULL,
    category character varying(25) NOT NULL,
    count integer NOT NULL,
    CONSTRAINT products_categories_count_check CHECK ((count >= 0))
);


ALTER TABLE products_category OWNER TO nobel;

--
-- Name: products_categories_id_seq; Type: SEQUENCE; Schema: public; Owner: nobel
--

CREATE SEQUENCE products_categories_id_seq
    START WITH 1
    INCREMENT BY 1
    NO MINVALUE
    NO MAXVALUE
    CACHE 1;


ALTER TABLE products_categories_id_seq OWNER TO nobel;

--
-- Name: products_categories_id_seq; Type: SEQUENCE OWNED BY; Schema: public; Owner: nobel
--

ALTER SEQUENCE products_categories_id_seq OWNED BY products_category.id;


--
-- Name: products_product; Type: TABLE; Schema: public; Owner: nobel
--

CREATE TABLE products_product (
    id integer NOT NULL,
    name character varying(255) NOT NULL,
    slug character varying(50) NOT NULL,
    company character varying(100) NOT NULL,
    description character varying(400) NOT NULL,
    price integer NOT NULL,
    added_date timestamp with time zone NOT NULL,
    available_quantity integer NOT NULL,
    image character varying(100) NOT NULL,
    size_id integer,
    category_id integer,
    CONSTRAINT products_product_available_quantity_check CHECK ((available_quantity >= 0)),
    CONSTRAINT products_product_price_check CHECK ((price >= 0))
);


ALTER TABLE products_product OWNER TO nobel;

--
-- Name: products_product_id_seq; Type: SEQUENCE; Schema: public; Owner: nobel
--

CREATE SEQUENCE products_product_id_seq
    START WITH 1
    INCREMENT BY 1
    NO MINVALUE
    NO MAXVALUE
    CACHE 1;


ALTER TABLE products_product_id_seq OWNER TO nobel;

--
-- Name: products_product_id_seq; Type: SEQUENCE OWNED BY; Schema: public; Owner: nobel
--

ALTER SEQUENCE products_product_id_seq OWNED BY products_product.id;


--
-- Name: products_productsize; Type: TABLE; Schema: public; Owner: nobel
--

CREATE TABLE products_productsize (
    id integer NOT NULL,
    size character varying(20) NOT NULL
);


ALTER TABLE products_productsize OWNER TO nobel;

--
-- Name: products_productsize_id_seq; Type: SEQUENCE; Schema: public; Owner: nobel
--

CREATE SEQUENCE products_productsize_id_seq
    START WITH 1
    INCREMENT BY 1
    NO MINVALUE
    NO MAXVALUE
    CACHE 1;


ALTER TABLE products_productsize_id_seq OWNER TO nobel;

--
-- Name: products_productsize_id_seq; Type: SEQUENCE OWNED BY; Schema: public; Owner: nobel
--

ALTER SEQUENCE products_productsize_id_seq OWNED BY products_productsize.id;


--
-- Name: auth_group id; Type: DEFAULT; Schema: public; Owner: nobel
--

ALTER TABLE ONLY auth_group ALTER COLUMN id SET DEFAULT nextval('auth_group_id_seq'::regclass);


--
-- Name: auth_group_permissions id; Type: DEFAULT; Schema: public; Owner: nobel
--

ALTER TABLE ONLY auth_group_permissions ALTER COLUMN id SET DEFAULT nextval('auth_group_permissions_id_seq'::regclass);


--
-- Name: auth_permission id; Type: DEFAULT; Schema: public; Owner: nobel
--

ALTER TABLE ONLY auth_permission ALTER COLUMN id SET DEFAULT nextval('auth_permission_id_seq'::regclass);


--
-- Name: auth_user id; Type: DEFAULT; Schema: public; Owner: nobel
--

ALTER TABLE ONLY auth_user ALTER COLUMN id SET DEFAULT nextval('auth_user_id_seq'::regclass);


--
-- Name: auth_user_groups id; Type: DEFAULT; Schema: public; Owner: nobel
--

ALTER TABLE ONLY auth_user_groups ALTER COLUMN id SET DEFAULT nextval('auth_user_groups_id_seq'::regclass);


--
-- Name: auth_user_user_permissions id; Type: DEFAULT; Schema: public; Owner: nobel
--

ALTER TABLE ONLY auth_user_user_permissions ALTER COLUMN id SET DEFAULT nextval('auth_user_user_permissions_id_seq'::regclass);


--
-- Name: chatbot_banglarequests id; Type: DEFAULT; Schema: public; Owner: nobel
--

ALTER TABLE ONLY chatbot_banglarequests ALTER COLUMN id SET DEFAULT nextval('chatbot_banglarequests_id_seq'::regclass);


--
-- Name: chatbot_banglaresponses id; Type: DEFAULT; Schema: public; Owner: nobel
--

ALTER TABLE ONLY chatbot_banglaresponses ALTER COLUMN id SET DEFAULT nextval('chatbot_banglaresponses_id_seq'::regclass);


--
-- Name: chatbot_classtag id; Type: DEFAULT; Schema: public; Owner: nobel
--

ALTER TABLE ONLY chatbot_classtag ALTER COLUMN id SET DEFAULT nextval('chatbot_classtag_id_seq'::regclass);


--
-- Name: chatbot_complaints id; Type: DEFAULT; Schema: public; Owner: nobel
--

ALTER TABLE ONLY chatbot_complaints ALTER COLUMN id SET DEFAULT nextval('chatbot_complaints_id_seq'::regclass);


--
-- Name: chatbot_contexttag id; Type: DEFAULT; Schema: public; Owner: nobel
--

ALTER TABLE ONLY chatbot_contexttag ALTER COLUMN id SET DEFAULT nextval('chatbot_contexttag_id_seq'::regclass);


--
-- Name: chatbot_englishrequests id; Type: DEFAULT; Schema: public; Owner: nobel
--

ALTER TABLE ONLY chatbot_englishrequests ALTER COLUMN id SET DEFAULT nextval('chatbot_englishrequests_id_seq'::regclass);


--
-- Name: chatbot_englishresponses id; Type: DEFAULT; Schema: public; Owner: nobel
--

ALTER TABLE ONLY chatbot_englishresponses ALTER COLUMN id SET DEFAULT nextval('chatbot_englishresponses_id_seq'::regclass);


--
-- Name: chatbot_feedbacks id; Type: DEFAULT; Schema: public; Owner: nobel
--

ALTER TABLE ONLY chatbot_feedbacks ALTER COLUMN id SET DEFAULT nextval('chatbot_feedbacks_id_seq'::regclass);


--
-- Name: django_admin_log id; Type: DEFAULT; Schema: public; Owner: nobel
--

ALTER TABLE ONLY django_admin_log ALTER COLUMN id SET DEFAULT nextval('django_admin_log_id_seq'::regclass);


--
-- Name: django_content_type id; Type: DEFAULT; Schema: public; Owner: nobel
--

ALTER TABLE ONLY django_content_type ALTER COLUMN id SET DEFAULT nextval('django_content_type_id_seq'::regclass);


--
-- Name: django_migrations id; Type: DEFAULT; Schema: public; Owner: nobel
--

ALTER TABLE ONLY django_migrations ALTER COLUMN id SET DEFAULT nextval('django_migrations_id_seq'::regclass);


--
-- Name: products_category id; Type: DEFAULT; Schema: public; Owner: nobel
--

ALTER TABLE ONLY products_category ALTER COLUMN id SET DEFAULT nextval('products_categories_id_seq'::regclass);


--
-- Name: products_product id; Type: DEFAULT; Schema: public; Owner: nobel
--

ALTER TABLE ONLY products_product ALTER COLUMN id SET DEFAULT nextval('products_product_id_seq'::regclass);


--
-- Name: products_productsize id; Type: DEFAULT; Schema: public; Owner: nobel
--

ALTER TABLE ONLY products_productsize ALTER COLUMN id SET DEFAULT nextval('products_productsize_id_seq'::regclass);


--
-- Data for Name: auth_group; Type: TABLE DATA; Schema: public; Owner: nobel
--

COPY auth_group (id, name) FROM stdin;
1	Chatbot Moderators
\.


--
-- Name: auth_group_id_seq; Type: SEQUENCE SET; Schema: public; Owner: nobel
--

SELECT pg_catalog.setval('auth_group_id_seq', 1, true);


--
-- Data for Name: auth_group_permissions; Type: TABLE DATA; Schema: public; Owner: nobel
--

COPY auth_group_permissions (id, group_id, permission_id) FROM stdin;
1	1	31
2	1	32
3	1	33
4	1	34
5	1	35
6	1	36
7	1	37
8	1	38
9	1	39
10	1	42
11	1	43
12	1	44
13	1	45
14	1	46
15	1	47
16	1	48
17	1	49
18	1	50
19	1	51
20	1	53
21	1	54
\.


--
-- Name: auth_group_permissions_id_seq; Type: SEQUENCE SET; Schema: public; Owner: nobel
--

SELECT pg_catalog.setval('auth_group_permissions_id_seq', 21, true);


--
-- Data for Name: auth_permission; Type: TABLE DATA; Schema: public; Owner: nobel
--

COPY auth_permission (id, name, content_type_id, codename) FROM stdin;
1	Can add log entry	1	add_logentry
2	Can change log entry	1	change_logentry
3	Can delete log entry	1	delete_logentry
4	Can add permission	2	add_permission
5	Can change permission	2	change_permission
6	Can delete permission	2	delete_permission
7	Can add group	3	add_group
8	Can change group	3	change_group
9	Can delete group	3	delete_group
10	Can add user	4	add_user
11	Can change user	4	change_user
12	Can delete user	4	delete_user
13	Can add content type	5	add_contenttype
14	Can change content type	5	change_contenttype
15	Can delete content type	5	delete_contenttype
16	Can add session	6	add_session
17	Can change session	6	change_session
18	Can delete session	6	delete_session
19	Can add categories	7	add_categories
20	Can change categories	7	change_categories
21	Can delete categories	7	delete_categories
22	Can add product size	8	add_productsize
23	Can change product size	8	change_productsize
24	Can delete product size	8	delete_productsize
25	Can add product	9	add_product
26	Can change product	9	change_product
27	Can delete product	9	delete_product
28	Can add category	7	add_category
29	Can change category	7	change_category
30	Can delete category	7	delete_category
31	Can add bangla requests	16	add_banglarequests
32	Can change bangla requests	16	change_banglarequests
33	Can delete bangla requests	16	delete_banglarequests
34	Can add bangla responses	13	add_banglaresponses
35	Can change bangla responses	13	change_banglaresponses
36	Can delete bangla responses	13	delete_banglaresponses
37	Can add class tag	14	add_classtag
38	Can change class tag	14	change_classtag
39	Can delete class tag	14	delete_classtag
40	Can add complaints	10	add_complaints
41	Can change complaints	10	change_complaints
42	Can delete complaints	10	delete_complaints
43	Can add context tag	11	add_contexttag
44	Can change context tag	11	change_contexttag
45	Can delete context tag	11	delete_contexttag
46	Can add english requests	15	add_englishrequests
47	Can change english requests	15	change_englishrequests
48	Can delete english requests	15	delete_englishrequests
49	Can add english responses	17	add_englishresponses
50	Can change english responses	17	change_englishresponses
51	Can delete english responses	17	delete_englishresponses
52	Can add feedbacks	12	add_feedbacks
53	Can change feedbacks	12	change_feedbacks
54	Can delete feedbacks	12	delete_feedbacks
\.


--
-- Name: auth_permission_id_seq; Type: SEQUENCE SET; Schema: public; Owner: nobel
--

SELECT pg_catalog.setval('auth_permission_id_seq', 54, true);


--
-- Data for Name: auth_user; Type: TABLE DATA; Schema: public; Owner: nobel
--

COPY auth_user (id, password, last_login, is_superuser, username, first_name, last_name, email, is_staff, is_active, date_joined) FROM stdin;
1	pbkdf2_sha256$36000$zGiqxTPaAlLp$w6bo4dz7luxMMMD7Vb9kW5ISRQQo617sxR0TEt+QXDY=	2017-10-01 02:27:41.886817+06	t	hoho			asif.nobel@gmail.com	t	t	2017-06-29 12:52:55.19238+06
3	pbkdf2_sha256$36000$rUWGivsNx0hS$6bh0C2cT5W3UCfChxRtf2TB94wP2tHgvrUmd/LhsrJA=	\N	f	adnan				f	t	2017-10-01 02:30:16+06
4	pbkdf2_sha256$36000$fFvRShOPztcd$iIH4zP2mGTOoKwykJmNEu6nQxc5Kp1NASB4UZknT7gI=	\N	f	anirudha				f	t	2017-10-01 02:31:40+06
\.


--
-- Data for Name: auth_user_groups; Type: TABLE DATA; Schema: public; Owner: nobel
--

COPY auth_user_groups (id, user_id, group_id) FROM stdin;
1	3	1
2	4	1
\.


--
-- Name: auth_user_groups_id_seq; Type: SEQUENCE SET; Schema: public; Owner: nobel
--

SELECT pg_catalog.setval('auth_user_groups_id_seq', 2, true);


--
-- Name: auth_user_id_seq; Type: SEQUENCE SET; Schema: public; Owner: nobel
--

SELECT pg_catalog.setval('auth_user_id_seq', 4, true);


--
-- Data for Name: auth_user_user_permissions; Type: TABLE DATA; Schema: public; Owner: nobel
--

COPY auth_user_user_permissions (id, user_id, permission_id) FROM stdin;
\.


--
-- Name: auth_user_user_permissions_id_seq; Type: SEQUENCE SET; Schema: public; Owner: nobel
--

SELECT pg_catalog.setval('auth_user_user_permissions_id_seq', 1, false);


--
-- Data for Name: chatbot_banglarequests; Type: TABLE DATA; Schema: public; Owner: nobel
--

COPY chatbot_banglarequests (id, request, tag_id) FROM stdin;
\.


--
-- Name: chatbot_banglarequests_id_seq; Type: SEQUENCE SET; Schema: public; Owner: nobel
--

SELECT pg_catalog.setval('chatbot_banglarequests_id_seq', 1, false);


--
-- Data for Name: chatbot_banglaresponses; Type: TABLE DATA; Schema: public; Owner: nobel
--

COPY chatbot_banglaresponses (id, response, tag_id) FROM stdin;
\.


--
-- Name: chatbot_banglaresponses_id_seq; Type: SEQUENCE SET; Schema: public; Owner: nobel
--

SELECT pg_catalog.setval('chatbot_banglaresponses_id_seq', 1, false);


--
-- Data for Name: chatbot_classtag; Type: TABLE DATA; Schema: public; Owner: nobel
--

COPY chatbot_classtag (id, "tagName") FROM stdin;
\.


--
-- Name: chatbot_classtag_id_seq; Type: SEQUENCE SET; Schema: public; Owner: nobel
--

SELECT pg_catalog.setval('chatbot_classtag_id_seq', 1, false);


--
-- Data for Name: chatbot_complaints; Type: TABLE DATA; Schema: public; Owner: nobel
--

COPY chatbot_complaints (id, request, response, created) FROM stdin;
\.


--
-- Name: chatbot_complaints_id_seq; Type: SEQUENCE SET; Schema: public; Owner: nobel
--

SELECT pg_catalog.setval('chatbot_complaints_id_seq', 1, false);


--
-- Data for Name: chatbot_contexttag; Type: TABLE DATA; Schema: public; Owner: nobel
--

COPY chatbot_contexttag (id, "tagName") FROM stdin;
\.


--
-- Name: chatbot_contexttag_id_seq; Type: SEQUENCE SET; Schema: public; Owner: nobel
--

SELECT pg_catalog.setval('chatbot_contexttag_id_seq', 1, false);


--
-- Data for Name: chatbot_englishrequests; Type: TABLE DATA; Schema: public; Owner: nobel
--

COPY chatbot_englishrequests (id, request, tag_id) FROM stdin;
\.


--
-- Name: chatbot_englishrequests_id_seq; Type: SEQUENCE SET; Schema: public; Owner: nobel
--

SELECT pg_catalog.setval('chatbot_englishrequests_id_seq', 1, false);


--
-- Data for Name: chatbot_englishresponses; Type: TABLE DATA; Schema: public; Owner: nobel
--

COPY chatbot_englishresponses (id, response, tag_id) FROM stdin;
\.


--
-- Name: chatbot_englishresponses_id_seq; Type: SEQUENCE SET; Schema: public; Owner: nobel
--

SELECT pg_catalog.setval('chatbot_englishresponses_id_seq', 1, false);


--
-- Data for Name: chatbot_feedbacks; Type: TABLE DATA; Schema: public; Owner: nobel
--

COPY chatbot_feedbacks (id, name, comment) FROM stdin;
\.


--
-- Name: chatbot_feedbacks_id_seq; Type: SEQUENCE SET; Schema: public; Owner: nobel
--

SELECT pg_catalog.setval('chatbot_feedbacks_id_seq', 1, false);


--
-- Data for Name: django_admin_log; Type: TABLE DATA; Schema: public; Owner: nobel
--

COPY django_admin_log (id, action_time, object_id, object_repr, action_flag, change_message, content_type_id, user_id) FROM stdin;
1	2017-06-29 13:01:52.645134+06	1	Sunglasses	1	[{"added": {}}, {"added": {"object": "Black Sunglass", "name": "product"}}, {"added": {"object": "Silver Sunglass", "name": "product"}}]	7	1
2	2017-06-29 13:11:14.657135+06	2	Smartphones	1	[{"added": {}}, {"added": {"object": "iPhone 7 Plus", "name": "product"}}]	7	1
3	2017-06-29 13:13:02.145372+06	3	TV	1	[{"added": {}}, {"added": {"object": "3D TV", "name": "product"}}]	7	1
4	2017-06-29 13:16:41.529994+06	4	Shoes-Men	1	[{"added": {}}, {"added": {"object": "All Star Snickers", "name": "product"}}]	7	1
5	2017-06-29 13:20:55.93685+06	4	3D TV	2	[{"changed": {"fields": ["image"]}}]	8	1
6	2017-06-30 17:57:47.933864+06	4	3D TV	2	[{"changed": {"fields": ["image"]}}]	8	1
7	2017-06-30 18:00:45.097374+06	5	All Star Snickers	2	[{"changed": {"fields": ["image"]}}]	8	1
8	2017-06-30 18:01:53.641916+06	3	iPhone 7 Plus	2	[{"changed": {"fields": ["image"]}}]	8	1
9	2017-06-30 18:05:40.65479+06	2	Silver Sunglass	2	[{"changed": {"fields": ["image"]}}]	8	1
10	2017-06-30 18:08:47.557556+06	1	Black Sunglass	2	[{"changed": {"fields": ["image"]}}]	8	1
11	2017-10-01 02:28:08.047986+06	2	jojo	3		4	1
12	2017-10-01 02:30:16.091598+06	3	adnan	1	[{"added": {}}]	4	1
13	2017-10-01 02:31:40.820822+06	4	anirudha	1	[{"added": {}}]	4	1
14	2017-10-01 02:33:46.607889+06	1	Chatbot Moderators	1	[{"added": {}}]	3	1
15	2017-10-01 02:34:15.206544+06	3	adnan	2	[]	4	1
16	2017-10-01 02:34:28.732999+06	4	anirudha	2	[]	4	1
\.


--
-- Name: django_admin_log_id_seq; Type: SEQUENCE SET; Schema: public; Owner: nobel
--

SELECT pg_catalog.setval('django_admin_log_id_seq', 16, true);


--
-- Data for Name: django_content_type; Type: TABLE DATA; Schema: public; Owner: nobel
--

COPY django_content_type (id, app_label, model) FROM stdin;
1	admin	logentry
2	auth	permission
3	auth	group
4	auth	user
5	contenttypes	contenttype
6	sessions	session
8	products	productsize
9	products	product
7	products	category
10	chatbot	complaints
11	chatbot	contexttag
12	chatbot	feedbacks
13	chatbot	banglaresponses
14	chatbot	classtag
15	chatbot	englishrequests
16	chatbot	banglarequests
17	chatbot	englishresponses
\.


--
-- Name: django_content_type_id_seq; Type: SEQUENCE SET; Schema: public; Owner: nobel
--

SELECT pg_catalog.setval('django_content_type_id_seq', 17, true);


--
-- Data for Name: django_migrations; Type: TABLE DATA; Schema: public; Owner: nobel
--

COPY django_migrations (id, app, name, applied) FROM stdin;
1	contenttypes	0001_initial	2017-06-29 00:45:33.409272+06
2	auth	0001_initial	2017-06-29 00:45:33.583234+06
3	admin	0001_initial	2017-06-29 00:45:33.706025+06
4	admin	0002_logentry_remove_auto_add	2017-06-29 00:45:33.761176+06
5	contenttypes	0002_remove_content_type_name	2017-06-29 00:45:33.811506+06
6	auth	0002_alter_permission_name_max_length	2017-06-29 00:45:33.830592+06
7	auth	0003_alter_user_email_max_length	2017-06-29 00:45:33.863735+06
8	auth	0004_alter_user_username_opts	2017-06-29 00:45:33.897628+06
9	auth	0005_alter_user_last_login_null	2017-06-29 00:45:33.942286+06
10	auth	0006_require_contenttypes_0002	2017-06-29 00:45:33.959945+06
11	auth	0007_alter_validators_add_error_messages	2017-06-29 00:45:33.999249+06
12	auth	0008_alter_user_username_max_length	2017-06-29 00:45:34.034885+06
13	products	0001_initial	2017-06-29 00:45:34.101739+06
14	products	0002_product_category	2017-06-29 00:45:34.134858+06
15	products	0003_auto_20170628_1543	2017-06-29 00:45:34.152227+06
16	products	0004_auto_20170628_1551	2017-06-29 00:45:34.224789+06
17	products	0005_auto_20170628_1556	2017-06-29 00:45:34.253682+06
18	products	0006_auto_20170628_1658	2017-06-29 00:45:34.269497+06
19	products	0007_auto_20170628_1659	2017-06-29 00:45:34.292605+06
20	products	0008_auto_20170628_1705	2017-06-29 00:45:34.330721+06
21	products	0009_auto_20170628_1708	2017-06-29 00:45:34.359871+06
22	products	0010_auto_20170628_1710	2017-06-29 00:45:34.390415+06
23	products	0011_auto_20170628_1726	2017-06-29 00:45:34.409665+06
24	products	0012_auto_20170628_1834	2017-06-29 00:45:34.422287+06
25	sessions	0001_initial	2017-06-29 00:45:34.467488+06
26	chatbot	0001_initial	2017-10-01 01:55:02.898859+06
27	chatbot	0002_auto_20171001_0156	2017-10-01 01:57:05.82294+06
28	chatbot	0002_auto_20171001_0214	2017-10-01 02:15:10.52992+06
\.


--
-- Name: django_migrations_id_seq; Type: SEQUENCE SET; Schema: public; Owner: nobel
--

SELECT pg_catalog.setval('django_migrations_id_seq', 28, true);


--
-- Data for Name: django_session; Type: TABLE DATA; Schema: public; Owner: nobel
--

COPY django_session (session_key, session_data, expire_date) FROM stdin;
chn38400dbf7834e61315656ca147c78	MjlhY2YxOGY2N2RmMDljMWFhMzNkOTExYjhhNjdjNjMzNWYzNTdhZDp7Il9fY2hhbm5lbHNfbmV4dF9vcmRlciI6NH0=	2017-09-26 21:10:05.428893+06
chne1ff9ca4ed5e07f1a6f39badb8638	NWZiMDk2ZjE1YTVhMjcyZGE4ODQ4ZDE0YzkxODFkOTY0ZDkwODU5Yjp7Il9fY2hhbm5lbHNfbmV4dF9vcmRlciI6M30=	2017-09-17 23:46:32.720527+06
chn080035e0b2ea1b78bd29abdbfa46e	M2YzZjk2N2NmMmMxNTgyY2YwNTE3ZjhhYTAyN2EyNjlhOGEwYzA2MTp7Il9fY2hhbm5lbHNfbmV4dF9vcmRlciI6N30=	2017-09-26 22:20:53.369847+06
chn371806e563666114cf675611e209b	NWZiMDk2ZjE1YTVhMjcyZGE4ODQ4ZDE0YzkxODFkOTY0ZDkwODU5Yjp7Il9fY2hhbm5lbHNfbmV4dF9vcmRlciI6M30=	2017-09-26 21:58:35.062308+06
chnaef6e74f74068920b0c5dc961941d	OTA3MWI5NDBlYjViYmVlZjg0YmRjZjFhZDQ0ZGI3ZjNjYzdlYjI3ZDp7Il9fY2hhbm5lbHNfbmV4dF9vcmRlciI6Nn0=	2017-09-18 00:03:21.777301+06
chne2dab250928a9a6705269d46b11a4	NWZiMDk2ZjE1YTVhMjcyZGE4ODQ4ZDE0YzkxODFkOTY0ZDkwODU5Yjp7Il9fY2hhbm5lbHNfbmV4dF9vcmRlciI6M30=	2017-09-26 21:59:59.942764+06
chn4ad29e18819ec4df35a79ac9ef807	MjlhY2YxOGY2N2RmMDljMWFhMzNkOTExYjhhNjdjNjMzNWYzNTdhZDp7Il9fY2hhbm5lbHNfbmV4dF9vcmRlciI6NH0=	2017-09-29 19:10:27.743988+06
chnc080dfc939ecd3d2e7e8d4ef3c69b	ODQzY2FjYjEyZjJkMWI0Mjg5Y2UwYmNhNjAyYmJiMWVjNmJmMGVlYTp7Il9fY2hhbm5lbHNfbmV4dF9vcmRlciI6Mn0=	2017-09-26 22:00:47.762245+06
chn2be53c1495f7d83c25ada8f995d52	MjlhY2YxOGY2N2RmMDljMWFhMzNkOTExYjhhNjdjNjMzNWYzNTdhZDp7Il9fY2hhbm5lbHNfbmV4dF9vcmRlciI6NH0=	2017-09-18 00:33:05.989222+06
chneda5bfcdbb9b768838a239cc3aa2d	ODQzY2FjYjEyZjJkMWI0Mjg5Y2UwYmNhNjAyYmJiMWVjNmJmMGVlYTp7Il9fY2hhbm5lbHNfbmV4dF9vcmRlciI6Mn0=	2017-09-29 19:12:08.295186+06
chn330d2150059c6199b74d4de2a9cab	ODQzY2FjYjEyZjJkMWI0Mjg5Y2UwYmNhNjAyYmJiMWVjNmJmMGVlYTp7Il9fY2hhbm5lbHNfbmV4dF9vcmRlciI6Mn0=	2017-09-26 22:01:17.833714+06
chn2903c8eb0f82420b00d90fe78b003	MjlhY2YxOGY2N2RmMDljMWFhMzNkOTExYjhhNjdjNjMzNWYzNTdhZDp7Il9fY2hhbm5lbHNfbmV4dF9vcmRlciI6NH0=	2017-09-18 12:22:35.354736+06
chnfcb51de2b56e2e37357ed2425e675	ODQzY2FjYjEyZjJkMWI0Mjg5Y2UwYmNhNjAyYmJiMWVjNmJmMGVlYTp7Il9fY2hhbm5lbHNfbmV4dF9vcmRlciI6Mn0=	2017-09-26 22:01:30.15677+06
chn22bf5aab99927bb9d696ba8cdceb9	ODQzY2FjYjEyZjJkMWI0Mjg5Y2UwYmNhNjAyYmJiMWVjNmJmMGVlYTp7Il9fY2hhbm5lbHNfbmV4dF9vcmRlciI6Mn0=	2017-09-26 22:02:14.859839+06
chn1249741ee2f2710829f49e4ebf203	ZTc5NmUxMWUwZjc1NmIxMDVkNGMxMjg5ODIxYTdhYjc5OTk1MjIzODp7Il9fY2hhbm5lbHNfbmV4dF9vcmRlciI6NX0=	2017-09-25 13:47:45.81761+06
chnce343222fdf64e79aaa7925ce82e7	ZTc5NmUxMWUwZjc1NmIxMDVkNGMxMjg5ODIxYTdhYjc5OTk1MjIzODp7Il9fY2hhbm5lbHNfbmV4dF9vcmRlciI6NX0=	2017-09-29 19:13:30.493545+06
chneb1cabb8c5095e94b9ddc2c2b5be6	ODQzY2FjYjEyZjJkMWI0Mjg5Y2UwYmNhNjAyYmJiMWVjNmJmMGVlYTp7Il9fY2hhbm5lbHNfbmV4dF9vcmRlciI6Mn0=	2017-09-26 22:02:35.148748+06
chn0842974686d2d45eee04b5f95decb	NWZiMDk2ZjE1YTVhMjcyZGE4ODQ4ZDE0YzkxODFkOTY0ZDkwODU5Yjp7Il9fY2hhbm5lbHNfbmV4dF9vcmRlciI6M30=	2017-09-25 14:02:13.069739+06
chncc9c861e7b7867c93fbf6035039cd	ODQzY2FjYjEyZjJkMWI0Mjg5Y2UwYmNhNjAyYmJiMWVjNmJmMGVlYTp7Il9fY2hhbm5lbHNfbmV4dF9vcmRlciI6Mn0=	2017-09-25 14:03:06.39841+06
chnbb4a3f8227a00f833d45646815bf3	ODQzY2FjYjEyZjJkMWI0Mjg5Y2UwYmNhNjAyYmJiMWVjNmJmMGVlYTp7Il9fY2hhbm5lbHNfbmV4dF9vcmRlciI6Mn0=	2017-09-26 22:03:24.413681+06
chn1d08adaf8e64f27615acfec5b16e7	ODQzY2FjYjEyZjJkMWI0Mjg5Y2UwYmNhNjAyYmJiMWVjNmJmMGVlYTp7Il9fY2hhbm5lbHNfbmV4dF9vcmRlciI6Mn0=	2017-09-25 14:03:17.483072+06
chn235729cc0e1e08b97cc69f749d951	ODQzY2FjYjEyZjJkMWI0Mjg5Y2UwYmNhNjAyYmJiMWVjNmJmMGVlYTp7Il9fY2hhbm5lbHNfbmV4dF9vcmRlciI6Mn0=	2017-09-26 22:03:47.839277+06
chneea76bb4260ac4e83da231ccbb3f4	NWZiMDk2ZjE1YTVhMjcyZGE4ODQ4ZDE0YzkxODFkOTY0ZDkwODU5Yjp7Il9fY2hhbm5lbHNfbmV4dF9vcmRlciI6M30=	2017-09-25 14:04:05.129939+06
chn1ddcc29287cb3815cdcd871ce13cc	ODQzY2FjYjEyZjJkMWI0Mjg5Y2UwYmNhNjAyYmJiMWVjNmJmMGVlYTp7Il9fY2hhbm5lbHNfbmV4dF9vcmRlciI6Mn0=	2017-09-26 22:04:10.459709+06
chn989bf80b570b421c09386c729548b	OTA3MWI5NDBlYjViYmVlZjg0YmRjZjFhZDQ0ZGI3ZjNjYzdlYjI3ZDp7Il9fY2hhbm5lbHNfbmV4dF9vcmRlciI6Nn0=	2017-09-30 11:52:20.386896+06
chn84e4b0231ed9c543a5429e57dcaa3	NWZiMDk2ZjE1YTVhMjcyZGE4ODQ4ZDE0YzkxODFkOTY0ZDkwODU5Yjp7Il9fY2hhbm5lbHNfbmV4dF9vcmRlciI6M30=	2017-09-25 14:05:08.068212+06
chn3e40756345c37d57d5d9490964af5	ODQzY2FjYjEyZjJkMWI0Mjg5Y2UwYmNhNjAyYmJiMWVjNmJmMGVlYTp7Il9fY2hhbm5lbHNfbmV4dF9vcmRlciI6Mn0=	2017-09-26 22:04:27.004101+06
chn8fce875490eb3793b6019269efef6	MjlhY2YxOGY2N2RmMDljMWFhMzNkOTExYjhhNjdjNjMzNWYzNTdhZDp7Il9fY2hhbm5lbHNfbmV4dF9vcmRlciI6NH0=	2017-09-25 14:05:23.659918+06
chnd30392182a8ad343b975196d6db73	ODQzY2FjYjEyZjJkMWI0Mjg5Y2UwYmNhNjAyYmJiMWVjNmJmMGVlYTp7Il9fY2hhbm5lbHNfbmV4dF9vcmRlciI6Mn0=	2017-09-26 22:04:37.035804+06
chnad3e768d09077be2c6c090c5e1cd6	NWZiMDk2ZjE1YTVhMjcyZGE4ODQ4ZDE0YzkxODFkOTY0ZDkwODU5Yjp7Il9fY2hhbm5lbHNfbmV4dF9vcmRlciI6M30=	2017-09-26 20:50:47.656902+06
chnc7bf4b3285328daf1fe59fb18881c	ODQzY2FjYjEyZjJkMWI0Mjg5Y2UwYmNhNjAyYmJiMWVjNmJmMGVlYTp7Il9fY2hhbm5lbHNfbmV4dF9vcmRlciI6Mn0=	2017-09-26 22:04:57.400317+06
chncd01d810d5d9bd9b0fbf4ba649399	ZTc5NmUxMWUwZjc1NmIxMDVkNGMxMjg5ODIxYTdhYjc5OTk1MjIzODp7Il9fY2hhbm5lbHNfbmV4dF9vcmRlciI6NX0=	2017-09-30 22:07:54.023232+06
chnb0e072455cca5ed0b10f920fea237	ODQzY2FjYjEyZjJkMWI0Mjg5Y2UwYmNhNjAyYmJiMWVjNmJmMGVlYTp7Il9fY2hhbm5lbHNfbmV4dF9vcmRlciI6Mn0=	2017-09-26 22:05:08.614887+06
chn59fe84e9858a913abd24443082ee9	NWZiMDk2ZjE1YTVhMjcyZGE4ODQ4ZDE0YzkxODFkOTY0ZDkwODU5Yjp7Il9fY2hhbm5lbHNfbmV4dF9vcmRlciI6M30=	2017-09-26 22:05:34.934714+06
chnd5fda8ae93ab5c7d9693bade25071	N2UzOGQ5NWUzYzI3OTA1MTk0ZTMyODdjMDdhNWVmYTUzZWI5MTA0Njp7Il9fY2hhbm5lbHNfbmV4dF9vcmRlciI6OX0=	2017-09-26 20:54:29.583796+06
chnd85f48bcddca630ddb3b4110bfab9	NWZiMDk2ZjE1YTVhMjcyZGE4ODQ4ZDE0YzkxODFkOTY0ZDkwODU5Yjp7Il9fY2hhbm5lbHNfbmV4dF9vcmRlciI6M30=	2017-09-26 22:05:38.713916+06
chn1268ae177fe8bac37eb6799f45283	N2UzOGQ5NWUzYzI3OTA1MTk0ZTMyODdjMDdhNWVmYTUzZWI5MTA0Njp7Il9fY2hhbm5lbHNfbmV4dF9vcmRlciI6OX0=	2017-10-01 00:28:20.294112+06
chn4d1af3f231c9166f802dbdf32dfb1	ODQzY2FjYjEyZjJkMWI0Mjg5Y2UwYmNhNjAyYmJiMWVjNmJmMGVlYTp7Il9fY2hhbm5lbHNfbmV4dF9vcmRlciI6Mn0=	2017-09-26 22:06:58.942543+06
chn9dece8acb0face063c24020ffc619	MjlhY2YxOGY2N2RmMDljMWFhMzNkOTExYjhhNjdjNjMzNWYzNTdhZDp7Il9fY2hhbm5lbHNfbmV4dF9vcmRlciI6NH0=	2017-10-01 12:40:14.859483+06
chn40319c90ef2b8236bcb30aea1b457	ZTc5NmUxMWUwZjc1NmIxMDVkNGMxMjg5ODIxYTdhYjc5OTk1MjIzODp7Il9fY2hhbm5lbHNfbmV4dF9vcmRlciI6NX0=	2017-09-26 22:08:15.095652+06
chnf8f2adef9d0f2225e72361e61005f	ODQzY2FjYjEyZjJkMWI0Mjg5Y2UwYmNhNjAyYmJiMWVjNmJmMGVlYTp7Il9fY2hhbm5lbHNfbmV4dF9vcmRlciI6Mn0=	2017-09-26 22:11:00.013157+06
chn7ff1f4f5571d2527d6cc05da72241	NWZiMDk2ZjE1YTVhMjcyZGE4ODQ4ZDE0YzkxODFkOTY0ZDkwODU5Yjp7Il9fY2hhbm5lbHNfbmV4dF9vcmRlciI6M30=	2017-10-01 12:52:32.792413+06
chnd22a709b2cb90b73f05c4cdbaa373	ODQzY2FjYjEyZjJkMWI0Mjg5Y2UwYmNhNjAyYmJiMWVjNmJmMGVlYTp7Il9fY2hhbm5lbHNfbmV4dF9vcmRlciI6Mn0=	2017-10-01 12:53:27.353281+06
chn05469e1c9b8e6912e1cfdbef69d67	ZTc5NmUxMWUwZjc1NmIxMDVkNGMxMjg5ODIxYTdhYjc5OTk1MjIzODp7Il9fY2hhbm5lbHNfbmV4dF9vcmRlciI6NX0=	2017-09-26 22:12:01.286445+06
chn8d289aaa374f3f09fa1bdc4951aac	MjlhY2YxOGY2N2RmMDljMWFhMzNkOTExYjhhNjdjNjMzNWYzNTdhZDp7Il9fY2hhbm5lbHNfbmV4dF9vcmRlciI6NH0=	2017-10-01 12:54:19.944976+06
chn665babbda86466ffddafe6ce411fc	ZTc5NmUxMWUwZjc1NmIxMDVkNGMxMjg5ODIxYTdhYjc5OTk1MjIzODp7Il9fY2hhbm5lbHNfbmV4dF9vcmRlciI6NX0=	2017-10-01 20:05:14.660119+06
chn6a9ace9b1264cdb72b1a2b3469504	ZTc5NmUxMWUwZjc1NmIxMDVkNGMxMjg5ODIxYTdhYjc5OTk1MjIzODp7Il9fY2hhbm5lbHNfbmV4dF9vcmRlciI6NX0=	2017-10-02 01:24:02.219324+06
chn70fb078ba157ab5c772e7e396e42b	NWZiMDk2ZjE1YTVhMjcyZGE4ODQ4ZDE0YzkxODFkOTY0ZDkwODU5Yjp7Il9fY2hhbm5lbHNfbmV4dF9vcmRlciI6M30=	2017-10-02 01:24:36.986093+06
chnff281f575c12c50b2f99c45124bd7	NWZiMDk2ZjE1YTVhMjcyZGE4ODQ4ZDE0YzkxODFkOTY0ZDkwODU5Yjp7Il9fY2hhbm5lbHNfbmV4dF9vcmRlciI6M30=	2017-10-02 02:09:53.318557+06
chn806016125a34ffc103fee70b52f12	MjlhY2YxOGY2N2RmMDljMWFhMzNkOTExYjhhNjdjNjMzNWYzNTdhZDp7Il9fY2hhbm5lbHNfbmV4dF9vcmRlciI6NH0=	2017-10-02 02:31:16.671639+06
chn9f37ac26ebcca9aa5a1fb4581a630	NWZiMDk2ZjE1YTVhMjcyZGE4ODQ4ZDE0YzkxODFkOTY0ZDkwODU5Yjp7Il9fY2hhbm5lbHNfbmV4dF9vcmRlciI6M30=	2017-10-02 01:25:50.795304+06
chn5217f0daba02bad851618144da6b7	NWZiMDk2ZjE1YTVhMjcyZGE4ODQ4ZDE0YzkxODFkOTY0ZDkwODU5Yjp7Il9fY2hhbm5lbHNfbmV4dF9vcmRlciI6M30=	2017-10-02 02:10:43.536484+06
chndf9fbe7e673f0b83d23285112bab8	MjlhY2YxOGY2N2RmMDljMWFhMzNkOTExYjhhNjdjNjMzNWYzNTdhZDp7Il9fY2hhbm5lbHNfbmV4dF9vcmRlciI6NH0=	2017-10-02 02:31:21.84117+06
chne54e3e973192ed94f0bb3552ecc76	MjlhY2YxOGY2N2RmMDljMWFhMzNkOTExYjhhNjdjNjMzNWYzNTdhZDp7Il9fY2hhbm5lbHNfbmV4dF9vcmRlciI6NH0=	2017-10-02 01:33:06.301885+06
chn83855143f5d8ee48874bfb529d677	NWZiMDk2ZjE1YTVhMjcyZGE4ODQ4ZDE0YzkxODFkOTY0ZDkwODU5Yjp7Il9fY2hhbm5lbHNfbmV4dF9vcmRlciI6M30=	2017-10-02 02:12:23.185652+06
chn4b272a267dc7ac7bd4b4202d47640	NWZiMDk2ZjE1YTVhMjcyZGE4ODQ4ZDE0YzkxODFkOTY0ZDkwODU5Yjp7Il9fY2hhbm5lbHNfbmV4dF9vcmRlciI6M30=	2017-10-02 01:35:52.051775+06
chnd581d73bb61ac2a1dad85b5b69e21	NWZiMDk2ZjE1YTVhMjcyZGE4ODQ4ZDE0YzkxODFkOTY0ZDkwODU5Yjp7Il9fY2hhbm5lbHNfbmV4dF9vcmRlciI6M30=	2017-10-02 02:12:37.448631+06
chn05c084a926356d3167a6146b3af2e	ODQzY2FjYjEyZjJkMWI0Mjg5Y2UwYmNhNjAyYmJiMWVjNmJmMGVlYTp7Il9fY2hhbm5lbHNfbmV4dF9vcmRlciI6Mn0=	2017-10-02 01:35:52.417707+06
chneab48ebeffc29559498c4e25a36a6	MjlhY2YxOGY2N2RmMDljMWFhMzNkOTExYjhhNjdjNjMzNWYzNTdhZDp7Il9fY2hhbm5lbHNfbmV4dF9vcmRlciI6NH0=	2017-10-02 10:02:12.025709+06
chn64a8610cf3a800322e11513a7b593	NWZiMDk2ZjE1YTVhMjcyZGE4ODQ4ZDE0YzkxODFkOTY0ZDkwODU5Yjp7Il9fY2hhbm5lbHNfbmV4dF9vcmRlciI6M30=	2017-10-02 01:37:56.315518+06
chn1cc9c9120bccd8828faf06b2c7b27	NWZiMDk2ZjE1YTVhMjcyZGE4ODQ4ZDE0YzkxODFkOTY0ZDkwODU5Yjp7Il9fY2hhbm5lbHNfbmV4dF9vcmRlciI6M30=	2017-10-02 02:12:42.796908+06
chn707a45089c8f4426d38f8b2926eae	NWZiMDk2ZjE1YTVhMjcyZGE4ODQ4ZDE0YzkxODFkOTY0ZDkwODU5Yjp7Il9fY2hhbm5lbHNfbmV4dF9vcmRlciI6M30=	2017-10-02 01:40:53.718642+06
chnde041d079b5eb4bc287e86e0da942	NWZiMDk2ZjE1YTVhMjcyZGE4ODQ4ZDE0YzkxODFkOTY0ZDkwODU5Yjp7Il9fY2hhbm5lbHNfbmV4dF9vcmRlciI6M30=	2017-10-02 02:12:49.782449+06
chn8e4108719394caa9e149b3cbe77ae	MjlhY2YxOGY2N2RmMDljMWFhMzNkOTExYjhhNjdjNjMzNWYzNTdhZDp7Il9fY2hhbm5lbHNfbmV4dF9vcmRlciI6NH0=	2017-10-02 11:17:52.893544+06
chn75e917a58bc1b4922451b185cc5c3	MjlhY2YxOGY2N2RmMDljMWFhMzNkOTExYjhhNjdjNjMzNWYzNTdhZDp7Il9fY2hhbm5lbHNfbmV4dF9vcmRlciI6NH0=	2017-10-02 01:41:23.176381+06
chn8ef265594c714ab8f8e44881e35b5	NWZiMDk2ZjE1YTVhMjcyZGE4ODQ4ZDE0YzkxODFkOTY0ZDkwODU5Yjp7Il9fY2hhbm5lbHNfbmV4dF9vcmRlciI6M30=	2017-10-02 02:12:54.161775+06
chnbcbf511d6caabbef7f0ce5166e43a	NWZiMDk2ZjE1YTVhMjcyZGE4ODQ4ZDE0YzkxODFkOTY0ZDkwODU5Yjp7Il9fY2hhbm5lbHNfbmV4dF9vcmRlciI6M30=	2017-10-02 01:42:31.350944+06
chn552a66b37daa51c995f3bd3091138	NWZiMDk2ZjE1YTVhMjcyZGE4ODQ4ZDE0YzkxODFkOTY0ZDkwODU5Yjp7Il9fY2hhbm5lbHNfbmV4dF9vcmRlciI6M30=	2017-10-02 11:28:25.96749+06
chn0ad30e329cb69bf48ae65618ec183	NWZiMDk2ZjE1YTVhMjcyZGE4ODQ4ZDE0YzkxODFkOTY0ZDkwODU5Yjp7Il9fY2hhbm5lbHNfbmV4dF9vcmRlciI6M30=	2017-10-02 02:12:58.855724+06
chn728fdf93cc5f249fb4241a36b0d7b	NWZiMDk2ZjE1YTVhMjcyZGE4ODQ4ZDE0YzkxODFkOTY0ZDkwODU5Yjp7Il9fY2hhbm5lbHNfbmV4dF9vcmRlciI6M30=	2017-10-02 01:42:53.818851+06
chnd42e35a36859367ba4ca46b931194	NWZiMDk2ZjE1YTVhMjcyZGE4ODQ4ZDE0YzkxODFkOTY0ZDkwODU5Yjp7Il9fY2hhbm5lbHNfbmV4dF9vcmRlciI6M30=	2017-10-02 01:43:13.270962+06
chn451369cdc98054b7ad08c366a4c3e	NWZiMDk2ZjE1YTVhMjcyZGE4ODQ4ZDE0YzkxODFkOTY0ZDkwODU5Yjp7Il9fY2hhbm5lbHNfbmV4dF9vcmRlciI6M30=	2017-10-02 02:13:48.983184+06
chnc07e669fa4d633fb2bd6f292fa5e2	NWZiMDk2ZjE1YTVhMjcyZGE4ODQ4ZDE0YzkxODFkOTY0ZDkwODU5Yjp7Il9fY2hhbm5lbHNfbmV4dF9vcmRlciI6M30=	2017-10-02 01:45:33.102514+06
chnf9fdcc137a301519219c46e08df77	NWZiMDk2ZjE1YTVhMjcyZGE4ODQ4ZDE0YzkxODFkOTY0ZDkwODU5Yjp7Il9fY2hhbm5lbHNfbmV4dF9vcmRlciI6M30=	2017-10-02 02:15:22.179724+06
chnc00fbeca0a0e984e7b96f5a92d1df	NWZiMDk2ZjE1YTVhMjcyZGE4ODQ4ZDE0YzkxODFkOTY0ZDkwODU5Yjp7Il9fY2hhbm5lbHNfbmV4dF9vcmRlciI6M30=	2017-10-02 01:45:43.044149+06
chneaa66a7efe4b25c82d78a96b20d89	NWZiMDk2ZjE1YTVhMjcyZGE4ODQ4ZDE0YzkxODFkOTY0ZDkwODU5Yjp7Il9fY2hhbm5lbHNfbmV4dF9vcmRlciI6M30=	2017-10-02 02:18:29.611456+06
chn6a4cd7d0f16161b64c8ad6b201c21	ZTc5NmUxMWUwZjc1NmIxMDVkNGMxMjg5ODIxYTdhYjc5OTk1MjIzODp7Il9fY2hhbm5lbHNfbmV4dF9vcmRlciI6NX0=	2017-10-02 01:59:36.339593+06
chn41dac4c1c0b402027e2e9a73a86eb	NWZiMDk2ZjE1YTVhMjcyZGE4ODQ4ZDE0YzkxODFkOTY0ZDkwODU5Yjp7Il9fY2hhbm5lbHNfbmV4dF9vcmRlciI6M30=	2017-10-02 02:19:57.73945+06
chn4e182ba7ac69e2704d5a088ff8b26	NWZiMDk2ZjE1YTVhMjcyZGE4ODQ4ZDE0YzkxODFkOTY0ZDkwODU5Yjp7Il9fY2hhbm5lbHNfbmV4dF9vcmRlciI6M30=	2017-10-02 01:59:57.852035+06
chn122ddf1b1ede375deee3c9d61ed09	NWZiMDk2ZjE1YTVhMjcyZGE4ODQ4ZDE0YzkxODFkOTY0ZDkwODU5Yjp7Il9fY2hhbm5lbHNfbmV4dF9vcmRlciI6M30=	2017-10-02 02:20:22.393469+06
chn4a808ecfc5c7ec0535980e30d47d6	NWZiMDk2ZjE1YTVhMjcyZGE4ODQ4ZDE0YzkxODFkOTY0ZDkwODU5Yjp7Il9fY2hhbm5lbHNfbmV4dF9vcmRlciI6M30=	2017-10-02 02:00:22.799725+06
chn9b2027f0c32c0621519102a40b54b	NWZiMDk2ZjE1YTVhMjcyZGE4ODQ4ZDE0YzkxODFkOTY0ZDkwODU5Yjp7Il9fY2hhbm5lbHNfbmV4dF9vcmRlciI6M30=	2017-10-02 02:01:17.747475+06
chnb4eb19172d42ccaa67615ee80df71	NWZiMDk2ZjE1YTVhMjcyZGE4ODQ4ZDE0YzkxODFkOTY0ZDkwODU5Yjp7Il9fY2hhbm5lbHNfbmV4dF9vcmRlciI6M30=	2017-10-02 02:20:52.017482+06
chn2607871c27edde7a5fe5091bf739f	NWZiMDk2ZjE1YTVhMjcyZGE4ODQ4ZDE0YzkxODFkOTY0ZDkwODU5Yjp7Il9fY2hhbm5lbHNfbmV4dF9vcmRlciI6M30=	2017-10-02 02:02:47.21841+06
chn6f6117e481531b1b00b53a3602e84	NWZiMDk2ZjE1YTVhMjcyZGE4ODQ4ZDE0YzkxODFkOTY0ZDkwODU5Yjp7Il9fY2hhbm5lbHNfbmV4dF9vcmRlciI6M30=	2017-10-02 02:22:35.133552+06
chna3405449d4c68a3bdcf50009efc4a	NWZiMDk2ZjE1YTVhMjcyZGE4ODQ4ZDE0YzkxODFkOTY0ZDkwODU5Yjp7Il9fY2hhbm5lbHNfbmV4dF9vcmRlciI6M30=	2017-10-02 02:03:05.679635+06
chn9a0e91348cd9c617c18c8e66f750a	NWZiMDk2ZjE1YTVhMjcyZGE4ODQ4ZDE0YzkxODFkOTY0ZDkwODU5Yjp7Il9fY2hhbm5lbHNfbmV4dF9vcmRlciI6M30=	2017-10-02 02:23:30.173953+06
chn8bb24be88b724f0ccfafa26c7492f	NWZiMDk2ZjE1YTVhMjcyZGE4ODQ4ZDE0YzkxODFkOTY0ZDkwODU5Yjp7Il9fY2hhbm5lbHNfbmV4dF9vcmRlciI6M30=	2017-10-02 02:05:42.537207+06
chnb1090d193874ac9099703f79793ab	NWZiMDk2ZjE1YTVhMjcyZGE4ODQ4ZDE0YzkxODFkOTY0ZDkwODU5Yjp7Il9fY2hhbm5lbHNfbmV4dF9vcmRlciI6M30=	2017-10-02 02:23:49.024113+06
chnd5401e7358f60bff40575eee3d269	ODQzY2FjYjEyZjJkMWI0Mjg5Y2UwYmNhNjAyYmJiMWVjNmJmMGVlYTp7Il9fY2hhbm5lbHNfbmV4dF9vcmRlciI6Mn0=	2017-10-02 02:23:49.509689+06
chnc3ef9efcad31b448d6712f645db80	NWZiMDk2ZjE1YTVhMjcyZGE4ODQ4ZDE0YzkxODFkOTY0ZDkwODU5Yjp7Il9fY2hhbm5lbHNfbmV4dF9vcmRlciI6M30=	2017-10-02 02:26:52.050774+06
chnf667c8a22d16d8e65fae1beb37ae2	MjlhY2YxOGY2N2RmMDljMWFhMzNkOTExYjhhNjdjNjMzNWYzNTdhZDp7Il9fY2hhbm5lbHNfbmV4dF9vcmRlciI6NH0=	2017-10-02 02:28:02.950133+06
chn75e66e2e829c7605ebc7c953fbde3	MjlhY2YxOGY2N2RmMDljMWFhMzNkOTExYjhhNjdjNjMzNWYzNTdhZDp7Il9fY2hhbm5lbHNfbmV4dF9vcmRlciI6NH0=	2017-10-02 02:29:24.18085+06
chn9f472ba2091699819c457dee75345	NWZiMDk2ZjE1YTVhMjcyZGE4ODQ4ZDE0YzkxODFkOTY0ZDkwODU5Yjp7Il9fY2hhbm5lbHNfbmV4dF9vcmRlciI6M30=	2017-10-02 02:30:29.091017+06
chn67eeecdb5db85f8ccd619f2f4c71e	NWZiMDk2ZjE1YTVhMjcyZGE4ODQ4ZDE0YzkxODFkOTY0ZDkwODU5Yjp7Il9fY2hhbm5lbHNfbmV4dF9vcmRlciI6M30=	2017-10-03 22:01:46.694117+06
chn447aaf8c82ba3d2e418da159255b8	NWZiMDk2ZjE1YTVhMjcyZGE4ODQ4ZDE0YzkxODFkOTY0ZDkwODU5Yjp7Il9fY2hhbm5lbHNfbmV4dF9vcmRlciI6M30=	2017-10-03 23:28:11.5992+06
chne7ea861a76ceb182a5ee8ded6fca2	NWZiMDk2ZjE1YTVhMjcyZGE4ODQ4ZDE0YzkxODFkOTY0ZDkwODU5Yjp7Il9fY2hhbm5lbHNfbmV4dF9vcmRlciI6M30=	2017-10-03 22:01:55.253462+06
chnc23d03a73343f0e86e6986774a07c	NWZiMDk2ZjE1YTVhMjcyZGE4ODQ4ZDE0YzkxODFkOTY0ZDkwODU5Yjp7Il9fY2hhbm5lbHNfbmV4dF9vcmRlciI6M30=	2017-10-03 23:28:26.73213+06
chnfd38a86c201dde1900a83ccfbad51	NWZiMDk2ZjE1YTVhMjcyZGE4ODQ4ZDE0YzkxODFkOTY0ZDkwODU5Yjp7Il9fY2hhbm5lbHNfbmV4dF9vcmRlciI6M30=	2017-10-03 22:03:55.293517+06
chn0e161c5ca594af52b2bf8f7da4297	NDgzZTQ1NDBiZDI2MzgzZjMxMTczYjVmNWM2MjYwMzI5NTlhMTYwMDp7Il9fY2hhbm5lbHNfbmV4dF9vcmRlciI6OH0=	2017-10-02 11:29:12.73743+06
chn9f17fc509cb5187bff0a389a2e21c	NWZiMDk2ZjE1YTVhMjcyZGE4ODQ4ZDE0YzkxODFkOTY0ZDkwODU5Yjp7Il9fY2hhbm5lbHNfbmV4dF9vcmRlciI6M30=	2017-10-03 23:28:28.01023+06
chnbece7155285c85a2ca9657d8d950a	NWZiMDk2ZjE1YTVhMjcyZGE4ODQ4ZDE0YzkxODFkOTY0ZDkwODU5Yjp7Il9fY2hhbm5lbHNfbmV4dF9vcmRlciI6M30=	2017-10-03 22:03:56.569335+06
chn8de3d2e71556d27b3d12e0c6a7b52	ZTc5NmUxMWUwZjc1NmIxMDVkNGMxMjg5ODIxYTdhYjc5OTk1MjIzODp7Il9fY2hhbm5lbHNfbmV4dF9vcmRlciI6NX0=	2017-10-02 13:27:45.351571+06
chn8a13cf4ab8edbd8e9aa58e0402ab2	NWZiMDk2ZjE1YTVhMjcyZGE4ODQ4ZDE0YzkxODFkOTY0ZDkwODU5Yjp7Il9fY2hhbm5lbHNfbmV4dF9vcmRlciI6M30=	2017-10-03 22:03:58.72108+06
chn029b7c6be3a661e2cfb3837cdb73a	NWZiMDk2ZjE1YTVhMjcyZGE4ODQ4ZDE0YzkxODFkOTY0ZDkwODU5Yjp7Il9fY2hhbm5lbHNfbmV4dF9vcmRlciI6M30=	2017-10-03 23:28:36.320683+06
chn9e46144ca22ac66c961e1fe9d4348	NWZiMDk2ZjE1YTVhMjcyZGE4ODQ4ZDE0YzkxODFkOTY0ZDkwODU5Yjp7Il9fY2hhbm5lbHNfbmV4dF9vcmRlciI6M30=	2017-10-02 13:53:55.928444+06
chn0c54211331fa13da32d5f9bcd6c38	NWZiMDk2ZjE1YTVhMjcyZGE4ODQ4ZDE0YzkxODFkOTY0ZDkwODU5Yjp7Il9fY2hhbm5lbHNfbmV4dF9vcmRlciI6M30=	2017-10-03 22:04:42.854216+06
chnaf1523386a050683f1c50f141e5ec	NWZiMDk2ZjE1YTVhMjcyZGE4ODQ4ZDE0YzkxODFkOTY0ZDkwODU5Yjp7Il9fY2hhbm5lbHNfbmV4dF9vcmRlciI6M30=	2017-10-03 11:08:49.344605+06
chnb4cb2973ae09dad49a9ec2c98241f	NWZiMDk2ZjE1YTVhMjcyZGE4ODQ4ZDE0YzkxODFkOTY0ZDkwODU5Yjp7Il9fY2hhbm5lbHNfbmV4dF9vcmRlciI6M30=	2017-10-06 21:13:03.062861+06
chne5b931c4404ce70da81ea57c01f9f	NWZiMDk2ZjE1YTVhMjcyZGE4ODQ4ZDE0YzkxODFkOTY0ZDkwODU5Yjp7Il9fY2hhbm5lbHNfbmV4dF9vcmRlciI6M30=	2017-10-03 23:29:01.729726+06
chnefa11dfde5b71c63b400e0973c51d	NWZiMDk2ZjE1YTVhMjcyZGE4ODQ4ZDE0YzkxODFkOTY0ZDkwODU5Yjp7Il9fY2hhbm5lbHNfbmV4dF9vcmRlciI6M30=	2017-10-03 11:08:56.022049+06
chnad30cd84d3331585c1279c89ebd9b	NWZiMDk2ZjE1YTVhMjcyZGE4ODQ4ZDE0YzkxODFkOTY0ZDkwODU5Yjp7Il9fY2hhbm5lbHNfbmV4dF9vcmRlciI6M30=	2017-10-03 22:04:50.392311+06
chnbfcee6f0aa337c4224ac5dbb2edf5	NWZiMDk2ZjE1YTVhMjcyZGE4ODQ4ZDE0YzkxODFkOTY0ZDkwODU5Yjp7Il9fY2hhbm5lbHNfbmV4dF9vcmRlciI6M30=	2017-10-03 11:09:24.699434+06
chn7e831316009c4679a5e331f04b084	NWZiMDk2ZjE1YTVhMjcyZGE4ODQ4ZDE0YzkxODFkOTY0ZDkwODU5Yjp7Il9fY2hhbm5lbHNfbmV4dF9vcmRlciI6M30=	2017-10-03 22:05:34.272979+06
chnb8a60a499727091f283285db83a9f	NWZiMDk2ZjE1YTVhMjcyZGE4ODQ4ZDE0YzkxODFkOTY0ZDkwODU5Yjp7Il9fY2hhbm5lbHNfbmV4dF9vcmRlciI6M30=	2017-10-03 21:55:12.205902+06
chn1963d71507327ce3c75c8b4861aa9	NWZiMDk2ZjE1YTVhMjcyZGE4ODQ4ZDE0YzkxODFkOTY0ZDkwODU5Yjp7Il9fY2hhbm5lbHNfbmV4dF9vcmRlciI6M30=	2017-10-03 21:55:21.427488+06
chn31056de789302d7ba7ec9c66e8c3a	NWZiMDk2ZjE1YTVhMjcyZGE4ODQ4ZDE0YzkxODFkOTY0ZDkwODU5Yjp7Il9fY2hhbm5lbHNfbmV4dF9vcmRlciI6M30=	2017-10-03 21:55:32.74194+06
chnc4f6e90dfd1d87ac5a9388cbe924d	M2YzZjk2N2NmMmMxNTgyY2YwNTE3ZjhhYTAyN2EyNjlhOGEwYzA2MTp7Il9fY2hhbm5lbHNfbmV4dF9vcmRlciI6N30=	2017-10-03 22:06:36.598555+06
chn90c3d315a084da234a1c7bfd8d40d	NWZiMDk2ZjE1YTVhMjcyZGE4ODQ4ZDE0YzkxODFkOTY0ZDkwODU5Yjp7Il9fY2hhbm5lbHNfbmV4dF9vcmRlciI6M30=	2017-10-03 21:56:44.506571+06
chnd0bc7d2335cb5cd309205cb2d3974	NWZiMDk2ZjE1YTVhMjcyZGE4ODQ4ZDE0YzkxODFkOTY0ZDkwODU5Yjp7Il9fY2hhbm5lbHNfbmV4dF9vcmRlciI6M30=	2017-10-03 22:08:44.523009+06
chnabb40bca49241da9aaece40173f18	NWZiMDk2ZjE1YTVhMjcyZGE4ODQ4ZDE0YzkxODFkOTY0ZDkwODU5Yjp7Il9fY2hhbm5lbHNfbmV4dF9vcmRlciI6M30=	2017-10-03 21:57:47.459156+06
chn16023b12dccc9d47ca4f843093dbe	NWZiMDk2ZjE1YTVhMjcyZGE4ODQ4ZDE0YzkxODFkOTY0ZDkwODU5Yjp7Il9fY2hhbm5lbHNfbmV4dF9vcmRlciI6M30=	2017-10-03 21:58:21.363511+06
chn1c37da2a6c1b77838f9f4b200d295	MjlhY2YxOGY2N2RmMDljMWFhMzNkOTExYjhhNjdjNjMzNWYzNTdhZDp7Il9fY2hhbm5lbHNfbmV4dF9vcmRlciI6NH0=	2017-10-03 22:50:01.15354+06
chn46f89cac039b8f1d95c37429d46ef	NWZiMDk2ZjE1YTVhMjcyZGE4ODQ4ZDE0YzkxODFkOTY0ZDkwODU5Yjp7Il9fY2hhbm5lbHNfbmV4dF9vcmRlciI6M30=	2017-10-03 21:58:37.059185+06
chn0898e3c6ef9772595fd22b1d5d53d	MjlhY2YxOGY2N2RmMDljMWFhMzNkOTExYjhhNjdjNjMzNWYzNTdhZDp7Il9fY2hhbm5lbHNfbmV4dF9vcmRlciI6NH0=	2017-10-03 23:24:04.969281+06
chnfe1cd3140163805d9880b1a1c11ac	NWZiMDk2ZjE1YTVhMjcyZGE4ODQ4ZDE0YzkxODFkOTY0ZDkwODU5Yjp7Il9fY2hhbm5lbHNfbmV4dF9vcmRlciI6M30=	2017-10-03 21:58:43.006641+06
chna24ba4e2238dc3fabea1e785f22d8	NWZiMDk2ZjE1YTVhMjcyZGE4ODQ4ZDE0YzkxODFkOTY0ZDkwODU5Yjp7Il9fY2hhbm5lbHNfbmV4dF9vcmRlciI6M30=	2017-10-03 21:59:51.367532+06
chn9292ad10629611927df9eec7cdf6b	ODQzY2FjYjEyZjJkMWI0Mjg5Y2UwYmNhNjAyYmJiMWVjNmJmMGVlYTp7Il9fY2hhbm5lbHNfbmV4dF9vcmRlciI6Mn0=	2017-10-03 21:59:51.763962+06
chn81825dc272c78e920d87bacbd5a72	NWZiMDk2ZjE1YTVhMjcyZGE4ODQ4ZDE0YzkxODFkOTY0ZDkwODU5Yjp7Il9fY2hhbm5lbHNfbmV4dF9vcmRlciI6M30=	2017-10-03 22:00:16.014876+06
chnbf384dc3719b793476ab00838ee4e	NWZiMDk2ZjE1YTVhMjcyZGE4ODQ4ZDE0YzkxODFkOTY0ZDkwODU5Yjp7Il9fY2hhbm5lbHNfbmV4dF9vcmRlciI6M30=	2017-10-03 22:00:46.961775+06
chn98b874cd4e7ad115bf56f2b2bb86c	NWZiMDk2ZjE1YTVhMjcyZGE4ODQ4ZDE0YzkxODFkOTY0ZDkwODU5Yjp7Il9fY2hhbm5lbHNfbmV4dF9vcmRlciI6M30=	2017-10-03 22:00:53.225647+06
chnb602f2c60a438d515d916d5d48715	ZTU5NTIzYjI1ODNmOGY3ZjUyY2NiZjQ4YzY3NjI5ZWM1NGMzYjdhYjp7Il9fY2hhbm5lbHNfbmV4dF9vcmRlciI6MTd9	2017-10-03 23:25:39.896922+06
chn713cf957253939f0b08760e07c8a8	NWZiMDk2ZjE1YTVhMjcyZGE4ODQ4ZDE0YzkxODFkOTY0ZDkwODU5Yjp7Il9fY2hhbm5lbHNfbmV4dF9vcmRlciI6M30=	2017-10-03 23:26:00.160669+06
chna98078363c840877f31a1f8a4a0d9	NWZiMDk2ZjE1YTVhMjcyZGE4ODQ4ZDE0YzkxODFkOTY0ZDkwODU5Yjp7Il9fY2hhbm5lbHNfbmV4dF9vcmRlciI6M30=	2017-10-03 23:26:15.873173+06
chn255f257cf19ade39204fea7092dac	NWZiMDk2ZjE1YTVhMjcyZGE4ODQ4ZDE0YzkxODFkOTY0ZDkwODU5Yjp7Il9fY2hhbm5lbHNfbmV4dF9vcmRlciI6M30=	2017-10-03 23:26:24.988781+06
chn2495660cebc8cf081b06e810ed2ff	NWZiMDk2ZjE1YTVhMjcyZGE4ODQ4ZDE0YzkxODFkOTY0ZDkwODU5Yjp7Il9fY2hhbm5lbHNfbmV4dF9vcmRlciI6M30=	2017-10-03 23:26:30.586768+06
chn8de96cd34f7280b69a279424b1485	NWZiMDk2ZjE1YTVhMjcyZGE4ODQ4ZDE0YzkxODFkOTY0ZDkwODU5Yjp7Il9fY2hhbm5lbHNfbmV4dF9vcmRlciI6M30=	2017-10-03 23:26:36.146249+06
chn38ab3c6e426692044bbf45aa53c7d	NWZiMDk2ZjE1YTVhMjcyZGE4ODQ4ZDE0YzkxODFkOTY0ZDkwODU5Yjp7Il9fY2hhbm5lbHNfbmV4dF9vcmRlciI6M30=	2017-10-03 23:27:23.996248+06
chnffe06dd4e390523f0007866a54f88	NWZiMDk2ZjE1YTVhMjcyZGE4ODQ4ZDE0YzkxODFkOTY0ZDkwODU5Yjp7Il9fY2hhbm5lbHNfbmV4dF9vcmRlciI6M30=	2017-10-03 23:27:33.971531+06
chn66ca54a17c590fd09f357f90afe60	NWZiMDk2ZjE1YTVhMjcyZGE4ODQ4ZDE0YzkxODFkOTY0ZDkwODU5Yjp7Il9fY2hhbm5lbHNfbmV4dF9vcmRlciI6M30=	2017-10-03 23:27:45.228062+06
chn5c58b083590fe8287f51917c54d43	NWZiMDk2ZjE1YTVhMjcyZGE4ODQ4ZDE0YzkxODFkOTY0ZDkwODU5Yjp7Il9fY2hhbm5lbHNfbmV4dF9vcmRlciI6M30=	2017-10-03 23:28:01.113611+06
chn5f1c3c0de73d628124b62be8054e2	NWZiMDk2ZjE1YTVhMjcyZGE4ODQ4ZDE0YzkxODFkOTY0ZDkwODU5Yjp7Il9fY2hhbm5lbHNfbmV4dF9vcmRlciI6M30=	2017-10-03 23:41:13.959396+06
chn46a9e946a3553016cc1db5d17b2a8	MjlhY2YxOGY2N2RmMDljMWFhMzNkOTExYjhhNjdjNjMzNWYzNTdhZDp7Il9fY2hhbm5lbHNfbmV4dF9vcmRlciI6NH0=	2017-10-03 23:56:13.850172+06
chnf55f7a16eec614a97e747a7880179	NWZiMDk2ZjE1YTVhMjcyZGE4ODQ4ZDE0YzkxODFkOTY0ZDkwODU5Yjp7Il9fY2hhbm5lbHNfbmV4dF9vcmRlciI6M30=	2017-10-03 23:41:18.608217+06
chn2d1d4ee6a5114e703216aa66cd883	OTA3MWI5NDBlYjViYmVlZjg0YmRjZjFhZDQ0ZGI3ZjNjYzdlYjI3ZDp7Il9fY2hhbm5lbHNfbmV4dF9vcmRlciI6Nn0=	2017-10-03 23:30:06.975006+06
chnf3c0522a629e698da9dcf7f685a7c	NWZiMDk2ZjE1YTVhMjcyZGE4ODQ4ZDE0YzkxODFkOTY0ZDkwODU5Yjp7Il9fY2hhbm5lbHNfbmV4dF9vcmRlciI6M30=	2017-10-03 23:41:23.920323+06
chn3767ff4b64feba56a50ede1200708	MjlhY2YxOGY2N2RmMDljMWFhMzNkOTExYjhhNjdjNjMzNWYzNTdhZDp7Il9fY2hhbm5lbHNfbmV4dF9vcmRlciI6NH0=	2017-10-03 23:57:28.053524+06
chn1ebc7a12d5e2c8bbe8c1c34b93ec6	NWZiMDk2ZjE1YTVhMjcyZGE4ODQ4ZDE0YzkxODFkOTY0ZDkwODU5Yjp7Il9fY2hhbm5lbHNfbmV4dF9vcmRlciI6M30=	2017-10-03 23:41:42.747251+06
chncdd3209df00441dc359c37ab990ad	NWZiMDk2ZjE1YTVhMjcyZGE4ODQ4ZDE0YzkxODFkOTY0ZDkwODU5Yjp7Il9fY2hhbm5lbHNfbmV4dF9vcmRlciI6M30=	2017-10-03 23:41:59.658165+06
chn156bd4d7d1a878409fc51447226f0	NWZiMDk2ZjE1YTVhMjcyZGE4ODQ4ZDE0YzkxODFkOTY0ZDkwODU5Yjp7Il9fY2hhbm5lbHNfbmV4dF9vcmRlciI6M30=	2017-10-03 23:42:06.796881+06
chn92fef9b36e69db2b268590402cdac	MjlhY2YxOGY2N2RmMDljMWFhMzNkOTExYjhhNjdjNjMzNWYzNTdhZDp7Il9fY2hhbm5lbHNfbmV4dF9vcmRlciI6NH0=	2017-10-03 23:57:36.009933+06
chna96792e0270ed60187176d6a37998	NWU3YjQzZDY4M2FkMjg4NTlhNGQ0OGIwOTkzZTRkYmNhNzY3NTM0NDp7Il9fY2hhbm5lbHNfbmV4dF9vcmRlciI6MTB9	2017-10-03 23:33:31.859873+06
chneb24cac8e15662a33cb5719f2309c	NWZiMDk2ZjE1YTVhMjcyZGE4ODQ4ZDE0YzkxODFkOTY0ZDkwODU5Yjp7Il9fY2hhbm5lbHNfbmV4dF9vcmRlciI6M30=	2017-10-03 23:42:15.352541+06
chn5d28de5cfbd81bfd42ac2b61b2e46	NWZiMDk2ZjE1YTVhMjcyZGE4ODQ4ZDE0YzkxODFkOTY0ZDkwODU5Yjp7Il9fY2hhbm5lbHNfbmV4dF9vcmRlciI6M30=	2017-10-03 23:33:49.626424+06
chn4a1cbe9b1550dfcda60ab410b637b	NWZiMDk2ZjE1YTVhMjcyZGE4ODQ4ZDE0YzkxODFkOTY0ZDkwODU5Yjp7Il9fY2hhbm5lbHNfbmV4dF9vcmRlciI6M30=	2017-10-03 23:34:15.153557+06
chn4ff8a0c68e60c44404fded305c755	NWZiMDk2ZjE1YTVhMjcyZGE4ODQ4ZDE0YzkxODFkOTY0ZDkwODU5Yjp7Il9fY2hhbm5lbHNfbmV4dF9vcmRlciI6M30=	2017-10-03 23:42:21.418834+06
chn029e6951a367ec5bcf85c83e10683	NWZiMDk2ZjE1YTVhMjcyZGE4ODQ4ZDE0YzkxODFkOTY0ZDkwODU5Yjp7Il9fY2hhbm5lbHNfbmV4dF9vcmRlciI6M30=	2017-10-03 23:34:30.036169+06
chnfaa69c80c14533717de7af3374737	NWZiMDk2ZjE1YTVhMjcyZGE4ODQ4ZDE0YzkxODFkOTY0ZDkwODU5Yjp7Il9fY2hhbm5lbHNfbmV4dF9vcmRlciI6M30=	2017-10-03 23:34:38.348323+06
chnf4164647059c515218ec067eb5529	NWZiMDk2ZjE1YTVhMjcyZGE4ODQ4ZDE0YzkxODFkOTY0ZDkwODU5Yjp7Il9fY2hhbm5lbHNfbmV4dF9vcmRlciI6M30=	2017-10-03 23:42:27.343399+06
chne59748ebf8c7709b2c90bee53858b	NWZiMDk2ZjE1YTVhMjcyZGE4ODQ4ZDE0YzkxODFkOTY0ZDkwODU5Yjp7Il9fY2hhbm5lbHNfbmV4dF9vcmRlciI6M30=	2017-10-03 23:34:51.338899+06
chnec4440195c69df7cc0e54dd9058c8	MjlhY2YxOGY2N2RmMDljMWFhMzNkOTExYjhhNjdjNjMzNWYzNTdhZDp7Il9fY2hhbm5lbHNfbmV4dF9vcmRlciI6NH0=	2017-10-03 23:58:20.565834+06
chndda86f4a10901bf83bd004047a3f1	NWZiMDk2ZjE1YTVhMjcyZGE4ODQ4ZDE0YzkxODFkOTY0ZDkwODU5Yjp7Il9fY2hhbm5lbHNfbmV4dF9vcmRlciI6M30=	2017-10-03 23:34:58.676836+06
chn7e01e14386681bb44e5343362ca4c	NWZiMDk2ZjE1YTVhMjcyZGE4ODQ4ZDE0YzkxODFkOTY0ZDkwODU5Yjp7Il9fY2hhbm5lbHNfbmV4dF9vcmRlciI6M30=	2017-10-03 23:43:08.091197+06
chn3798f16562e79d30517144870f6a2	NWZiMDk2ZjE1YTVhMjcyZGE4ODQ4ZDE0YzkxODFkOTY0ZDkwODU5Yjp7Il9fY2hhbm5lbHNfbmV4dF9vcmRlciI6M30=	2017-10-03 23:35:17.12686+06
chn486cdf7999687ea983698f5da8fa0	ODQzY2FjYjEyZjJkMWI0Mjg5Y2UwYmNhNjAyYmJiMWVjNmJmMGVlYTp7Il9fY2hhbm5lbHNfbmV4dF9vcmRlciI6Mn0=	2017-10-03 23:58:20.929907+06
chn3469803ac5021c074f8f7e33c9a8a	NWZiMDk2ZjE1YTVhMjcyZGE4ODQ4ZDE0YzkxODFkOTY0ZDkwODU5Yjp7Il9fY2hhbm5lbHNfbmV4dF9vcmRlciI6M30=	2017-10-03 23:35:22.390844+06
chn5842afde2795c40e89800d2badc2d	NWZiMDk2ZjE1YTVhMjcyZGE4ODQ4ZDE0YzkxODFkOTY0ZDkwODU5Yjp7Il9fY2hhbm5lbHNfbmV4dF9vcmRlciI6M30=	2017-10-03 23:43:25.41091+06
chnd826305a3e8458f6e385b832a357d	NWZiMDk2ZjE1YTVhMjcyZGE4ODQ4ZDE0YzkxODFkOTY0ZDkwODU5Yjp7Il9fY2hhbm5lbHNfbmV4dF9vcmRlciI6M30=	2017-10-03 23:35:35.019781+06
chn8f3c8c16c4bc3dc0ce13bddd46570	NWZiMDk2ZjE1YTVhMjcyZGE4ODQ4ZDE0YzkxODFkOTY0ZDkwODU5Yjp7Il9fY2hhbm5lbHNfbmV4dF9vcmRlciI6M30=	2017-10-03 23:36:27.078659+06
chna4dc0137af77999f01b7e0943de9e	NWZiMDk2ZjE1YTVhMjcyZGE4ODQ4ZDE0YzkxODFkOTY0ZDkwODU5Yjp7Il9fY2hhbm5lbHNfbmV4dF9vcmRlciI6M30=	2017-10-03 23:43:45.255178+06
chndc5c47d76804af13556b25770aee5	NWZiMDk2ZjE1YTVhMjcyZGE4ODQ4ZDE0YzkxODFkOTY0ZDkwODU5Yjp7Il9fY2hhbm5lbHNfbmV4dF9vcmRlciI6M30=	2017-10-03 23:37:39.763669+06
chn0ed41800733bbb730323b55bf4244	NWZiMDk2ZjE1YTVhMjcyZGE4ODQ4ZDE0YzkxODFkOTY0ZDkwODU5Yjp7Il9fY2hhbm5lbHNfbmV4dF9vcmRlciI6M30=	2017-10-03 23:37:52.255366+06
chn661265d4612617bb8ddfcf77e2b07	ODQzY2FjYjEyZjJkMWI0Mjg5Y2UwYmNhNjAyYmJiMWVjNmJmMGVlYTp7Il9fY2hhbm5lbHNfbmV4dF9vcmRlciI6Mn0=	2017-10-03 23:37:55.117325+06
chn83f642c86d30515885cf2dc23612d	NWZiMDk2ZjE1YTVhMjcyZGE4ODQ4ZDE0YzkxODFkOTY0ZDkwODU5Yjp7Il9fY2hhbm5lbHNfbmV4dF9vcmRlciI6M30=	2017-10-03 23:43:54.470259+06
chnfb8e0dff3c30d15ed210546400e6b	NWZiMDk2ZjE1YTVhMjcyZGE4ODQ4ZDE0YzkxODFkOTY0ZDkwODU5Yjp7Il9fY2hhbm5lbHNfbmV4dF9vcmRlciI6M30=	2017-10-03 23:39:27.903619+06
chn7a3654bbbad2cd22ffcdbf4033db8	NWZiMDk2ZjE1YTVhMjcyZGE4ODQ4ZDE0YzkxODFkOTY0ZDkwODU5Yjp7Il9fY2hhbm5lbHNfbmV4dF9vcmRlciI6M30=	2017-10-03 23:39:46.454888+06
chnd20935ce68563716e1826c893211c	NWZiMDk2ZjE1YTVhMjcyZGE4ODQ4ZDE0YzkxODFkOTY0ZDkwODU5Yjp7Il9fY2hhbm5lbHNfbmV4dF9vcmRlciI6M30=	2017-10-03 23:44:53.63597+06
chnde3c73d2e35b83212c953f429db82	NWZiMDk2ZjE1YTVhMjcyZGE4ODQ4ZDE0YzkxODFkOTY0ZDkwODU5Yjp7Il9fY2hhbm5lbHNfbmV4dF9vcmRlciI6M30=	2017-10-03 23:39:50.487165+06
chn94b725c2c99b424acc99a01dec0d2	NWZiMDk2ZjE1YTVhMjcyZGE4ODQ4ZDE0YzkxODFkOTY0ZDkwODU5Yjp7Il9fY2hhbm5lbHNfbmV4dF9vcmRlciI6M30=	2017-10-03 23:40:20.873381+06
chn259692114f9f9681e73e06888da56	NWZiMDk2ZjE1YTVhMjcyZGE4ODQ4ZDE0YzkxODFkOTY0ZDkwODU5Yjp7Il9fY2hhbm5lbHNfbmV4dF9vcmRlciI6M30=	2017-10-03 23:45:06.773664+06
chn7fc51a939826a02030d0aeec27977	NWZiMDk2ZjE1YTVhMjcyZGE4ODQ4ZDE0YzkxODFkOTY0ZDkwODU5Yjp7Il9fY2hhbm5lbHNfbmV4dF9vcmRlciI6M30=	2017-10-03 23:41:01.950878+06
chnc9bd1be8a9dc2bd71c8d5c75b841c	MjlhY2YxOGY2N2RmMDljMWFhMzNkOTExYjhhNjdjNjMzNWYzNTdhZDp7Il9fY2hhbm5lbHNfbmV4dF9vcmRlciI6NH0=	2017-10-03 23:46:00.600909+06
chn02a1a06554110bbc1d0fa91026c5b	MjlhY2YxOGY2N2RmMDljMWFhMzNkOTExYjhhNjdjNjMzNWYzNTdhZDp7Il9fY2hhbm5lbHNfbmV4dF9vcmRlciI6NH0=	2017-10-03 23:47:48.443439+06
chnd7ff07c36588623f5130c4403215c	MjlhY2YxOGY2N2RmMDljMWFhMzNkOTExYjhhNjdjNjMzNWYzNTdhZDp7Il9fY2hhbm5lbHNfbmV4dF9vcmRlciI6NH0=	2017-10-03 23:48:12.268068+06
chnb05ee17d974e012a06bee003da91d	ZTc5NmUxMWUwZjc1NmIxMDVkNGMxMjg5ODIxYTdhYjc5OTk1MjIzODp7Il9fY2hhbm5lbHNfbmV4dF9vcmRlciI6NX0=	2017-10-03 23:48:25.362775+06
chne433d6c24e410daeddcf92b4cbbc9	MjlhY2YxOGY2N2RmMDljMWFhMzNkOTExYjhhNjdjNjMzNWYzNTdhZDp7Il9fY2hhbm5lbHNfbmV4dF9vcmRlciI6NH0=	2017-10-03 23:48:51.175017+06
chnea9234a69227872d403933d4188be	MjlhY2YxOGY2N2RmMDljMWFhMzNkOTExYjhhNjdjNjMzNWYzNTdhZDp7Il9fY2hhbm5lbHNfbmV4dF9vcmRlciI6NH0=	2017-10-03 23:51:32.456331+06
chnf1e2e5f64d4afcea2ef049faa13dc	MjlhY2YxOGY2N2RmMDljMWFhMzNkOTExYjhhNjdjNjMzNWYzNTdhZDp7Il9fY2hhbm5lbHNfbmV4dF9vcmRlciI6NH0=	2017-10-03 23:51:46.215398+06
chn133e8cf4749bde5db274a18925989	MjlhY2YxOGY2N2RmMDljMWFhMzNkOTExYjhhNjdjNjMzNWYzNTdhZDp7Il9fY2hhbm5lbHNfbmV4dF9vcmRlciI6NH0=	2017-10-03 23:52:00.590049+06
chnb2a232c65aed5f97a90533403cf26	MjlhY2YxOGY2N2RmMDljMWFhMzNkOTExYjhhNjdjNjMzNWYzNTdhZDp7Il9fY2hhbm5lbHNfbmV4dF9vcmRlciI6NH0=	2017-10-03 23:53:26.297107+06
chnd9ff8d0295ca22038b91ecffc9dff	MjlhY2YxOGY2N2RmMDljMWFhMzNkOTExYjhhNjdjNjMzNWYzNTdhZDp7Il9fY2hhbm5lbHNfbmV4dF9vcmRlciI6NH0=	2017-10-04 00:19:04.679379+06
chnb3498d5df5a6cadf1b2255beeeb89	MjlhY2YxOGY2N2RmMDljMWFhMzNkOTExYjhhNjdjNjMzNWYzNTdhZDp7Il9fY2hhbm5lbHNfbmV4dF9vcmRlciI6NH0=	2017-10-04 00:00:15.357884+06
chnad56726a2a97b18002d0fc2489460	MjlhY2YxOGY2N2RmMDljMWFhMzNkOTExYjhhNjdjNjMzNWYzNTdhZDp7Il9fY2hhbm5lbHNfbmV4dF9vcmRlciI6NH0=	2017-10-06 20:50:01.543879+06
chn0c05d8f21e223b771b7ca7913ae1d	MjlhY2YxOGY2N2RmMDljMWFhMzNkOTExYjhhNjdjNjMzNWYzNTdhZDp7Il9fY2hhbm5lbHNfbmV4dF9vcmRlciI6NH0=	2017-10-04 00:00:29.413865+06
chn15e15877342300940202407eea19c	MjlhY2YxOGY2N2RmMDljMWFhMzNkOTExYjhhNjdjNjMzNWYzNTdhZDp7Il9fY2hhbm5lbHNfbmV4dF9vcmRlciI6NH0=	2017-10-04 00:20:15.648495+06
chn7fcc744efd9e135796539c537f8c5	MjlhY2YxOGY2N2RmMDljMWFhMzNkOTExYjhhNjdjNjMzNWYzNTdhZDp7Il9fY2hhbm5lbHNfbmV4dF9vcmRlciI6NH0=	2017-10-04 00:00:34.053563+06
chn690197a79108c8f90108c55445866	NWZiMDk2ZjE1YTVhMjcyZGE4ODQ4ZDE0YzkxODFkOTY0ZDkwODU5Yjp7Il9fY2hhbm5lbHNfbmV4dF9vcmRlciI6M30=	2017-10-04 00:00:36.533733+06
chnf8c5f766981b6eee2f7406d78ec9c	ZTc5NmUxMWUwZjc1NmIxMDVkNGMxMjg5ODIxYTdhYjc5OTk1MjIzODp7Il9fY2hhbm5lbHNfbmV4dF9vcmRlciI6NX0=	2017-10-06 20:54:58.213017+06
chn2ee4e14c1178a75b1a866b6598822	NWZiMDk2ZjE1YTVhMjcyZGE4ODQ4ZDE0YzkxODFkOTY0ZDkwODU5Yjp7Il9fY2hhbm5lbHNfbmV4dF9vcmRlciI6M30=	2017-10-04 00:00:52.022738+06
chn836306ea0e6b15f13fc891402758b	MjlhY2YxOGY2N2RmMDljMWFhMzNkOTExYjhhNjdjNjMzNWYzNTdhZDp7Il9fY2hhbm5lbHNfbmV4dF9vcmRlciI6NH0=	2017-10-04 00:02:26.183784+06
chnd3652162b80dfe317d50463c8bb2b	M2YzZjk2N2NmMmMxNTgyY2YwNTE3ZjhhYTAyN2EyNjlhOGEwYzA2MTp7Il9fY2hhbm5lbHNfbmV4dF9vcmRlciI6N30=	2017-10-04 09:32:41.204316+06
chn3ab502e9b5bde11b3a07727e49a7d	MjlhY2YxOGY2N2RmMDljMWFhMzNkOTExYjhhNjdjNjMzNWYzNTdhZDp7Il9fY2hhbm5lbHNfbmV4dF9vcmRlciI6NH0=	2017-10-06 21:02:07.324042+06
chndb00a0edb196a395ab18e8403b0f7	MjlhY2YxOGY2N2RmMDljMWFhMzNkOTExYjhhNjdjNjMzNWYzNTdhZDp7Il9fY2hhbm5lbHNfbmV4dF9vcmRlciI6NH0=	2017-10-04 00:02:44.331121+06
chna2483a21448a4617e3a47202c3155	NWZiMDk2ZjE1YTVhMjcyZGE4ODQ4ZDE0YzkxODFkOTY0ZDkwODU5Yjp7Il9fY2hhbm5lbHNfbmV4dF9vcmRlciI6M30=	2017-10-04 00:03:48.139387+06
chnc0018a056daff2fc0d94cab033116	NWZiMDk2ZjE1YTVhMjcyZGE4ODQ4ZDE0YzkxODFkOTY0ZDkwODU5Yjp7Il9fY2hhbm5lbHNfbmV4dF9vcmRlciI6M30=	2017-10-04 00:04:14.903936+06
chnf939d38ecffe04c9e305c1d6c78cb	MjlhY2YxOGY2N2RmMDljMWFhMzNkOTExYjhhNjdjNjMzNWYzNTdhZDp7Il9fY2hhbm5lbHNfbmV4dF9vcmRlciI6NH0=	2017-10-06 21:03:52.91547+06
chnc60a5579995fc455c879624bf7c57	NWZiMDk2ZjE1YTVhMjcyZGE4ODQ4ZDE0YzkxODFkOTY0ZDkwODU5Yjp7Il9fY2hhbm5lbHNfbmV4dF9vcmRlciI6M30=	2017-10-04 00:05:36.192966+06
chn52c20bfdb02230a40cd24b20ed6ad	NWZiMDk2ZjE1YTVhMjcyZGE4ODQ4ZDE0YzkxODFkOTY0ZDkwODU5Yjp7Il9fY2hhbm5lbHNfbmV4dF9vcmRlciI6M30=	2017-10-04 00:05:44.190506+06
chnbe4548e58a9a7be6ff0be2f6e8464	NWZiMDk2ZjE1YTVhMjcyZGE4ODQ4ZDE0YzkxODFkOTY0ZDkwODU5Yjp7Il9fY2hhbm5lbHNfbmV4dF9vcmRlciI6M30=	2017-10-04 00:05:47.868992+06
chn040d1ee397f9524760bad1b0973a1	NWZiMDk2ZjE1YTVhMjcyZGE4ODQ4ZDE0YzkxODFkOTY0ZDkwODU5Yjp7Il9fY2hhbm5lbHNfbmV4dF9vcmRlciI6M30=	2017-10-04 00:06:29.807956+06
chnd0ba6be0efa6802f4de718dc492f5	NWZiMDk2ZjE1YTVhMjcyZGE4ODQ4ZDE0YzkxODFkOTY0ZDkwODU5Yjp7Il9fY2hhbm5lbHNfbmV4dF9vcmRlciI6M30=	2017-10-04 00:06:58.230115+06
chna30712616250d0204557f4ca4f5cd	NWU3YjQzZDY4M2FkMjg4NTlhNGQ0OGIwOTkzZTRkYmNhNzY3NTM0NDp7Il9fY2hhbm5lbHNfbmV4dF9vcmRlciI6MTB9	2017-10-06 12:42:11.873832+06
chnd798afc554cd761cd8ec04e79b2e3	OTA3MWI5NDBlYjViYmVlZjg0YmRjZjFhZDQ0ZGI3ZjNjYzdlYjI3ZDp7Il9fY2hhbm5lbHNfbmV4dF9vcmRlciI6Nn0=	2017-10-04 00:07:46.642422+06
chn223bdbcc86f50eff3826ad374ce3f	ZTc5NmUxMWUwZjc1NmIxMDVkNGMxMjg5ODIxYTdhYjc5OTk1MjIzODp7Il9fY2hhbm5lbHNfbmV4dF9vcmRlciI6NX0=	2017-10-06 12:48:49.773548+06
chnca3afaaef69a7bf784228461ac4ed	MjlhY2YxOGY2N2RmMDljMWFhMzNkOTExYjhhNjdjNjMzNWYzNTdhZDp7Il9fY2hhbm5lbHNfbmV4dF9vcmRlciI6NH0=	2017-10-04 00:11:18.829664+06
chn36a9219b36b6b9ab23d16e907b2e9	NWZiMDk2ZjE1YTVhMjcyZGE4ODQ4ZDE0YzkxODFkOTY0ZDkwODU5Yjp7Il9fY2hhbm5lbHNfbmV4dF9vcmRlciI6M30=	2017-10-06 16:19:01.170678+06
chn8917b1ca96e1ffb4990a1b46cea6e	NWZiMDk2ZjE1YTVhMjcyZGE4ODQ4ZDE0YzkxODFkOTY0ZDkwODU5Yjp7Il9fY2hhbm5lbHNfbmV4dF9vcmRlciI6M30=	2017-10-04 00:11:33.705623+06
chn878c5418b94eb79c9ef26d7f0ec77	YmU1MTgwMDdkNzMyZDMwOTYwOTI2MjMzNmUwZGZhZjkzZWE0MzY0Yjp7Il9fY2hhbm5lbHNfbmV4dF9vcmRlciI6MjB9	2017-10-06 21:10:38.819458+06
chn7ab31a1419333e415dfa555690271	NWZiMDk2ZjE1YTVhMjcyZGE4ODQ4ZDE0YzkxODFkOTY0ZDkwODU5Yjp7Il9fY2hhbm5lbHNfbmV4dF9vcmRlciI6M30=	2017-10-04 00:12:14.004053+06
chn8e82a7ef8ec02e66f472aa70db55e	NWZiMDk2ZjE1YTVhMjcyZGE4ODQ4ZDE0YzkxODFkOTY0ZDkwODU5Yjp7Il9fY2hhbm5lbHNfbmV4dF9vcmRlciI6M30=	2017-10-06 19:08:19.426246+06
chn6afb50648f4b159eec6224b002bb8	NWZiMDk2ZjE1YTVhMjcyZGE4ODQ4ZDE0YzkxODFkOTY0ZDkwODU5Yjp7Il9fY2hhbm5lbHNfbmV4dF9vcmRlciI6M30=	2017-10-04 00:12:15.611426+06
chn12c0a354b86d76c4361a11c8ac103	NWZiMDk2ZjE1YTVhMjcyZGE4ODQ4ZDE0YzkxODFkOTY0ZDkwODU5Yjp7Il9fY2hhbm5lbHNfbmV4dF9vcmRlciI6M30=	2017-10-04 00:12:24.591537+06
chnc753fd57f683f86dbd1fcb1e9cbdd	NWZiMDk2ZjE1YTVhMjcyZGE4ODQ4ZDE0YzkxODFkOTY0ZDkwODU5Yjp7Il9fY2hhbm5lbHNfbmV4dF9vcmRlciI6M30=	2017-10-06 19:17:24.013336+06
chn9e127c8b6bcfa5083456b93e8284d	NWZiMDk2ZjE1YTVhMjcyZGE4ODQ4ZDE0YzkxODFkOTY0ZDkwODU5Yjp7Il9fY2hhbm5lbHNfbmV4dF9vcmRlciI6M30=	2017-10-04 00:12:44.889684+06
chn29bf2d51f2814b51152eea2285d67	NWZiMDk2ZjE1YTVhMjcyZGE4ODQ4ZDE0YzkxODFkOTY0ZDkwODU5Yjp7Il9fY2hhbm5lbHNfbmV4dF9vcmRlciI6M30=	2017-10-04 00:13:04.769962+06
chn7156612aab11acaddfdcae166ad69	ODQzY2FjYjEyZjJkMWI0Mjg5Y2UwYmNhNjAyYmJiMWVjNmJmMGVlYTp7Il9fY2hhbm5lbHNfbmV4dF9vcmRlciI6Mn0=	2017-10-04 00:14:24.634924+06
chn0c85a9ede2ea2ae93fc4a4a77a72f	NWZiMDk2ZjE1YTVhMjcyZGE4ODQ4ZDE0YzkxODFkOTY0ZDkwODU5Yjp7Il9fY2hhbm5lbHNfbmV4dF9vcmRlciI6M30=	2017-10-06 19:52:56.050148+06
chn470147379e66e6596ffb697df714d	ZTc5NmUxMWUwZjc1NmIxMDVkNGMxMjg5ODIxYTdhYjc5OTk1MjIzODp7Il9fY2hhbm5lbHNfbmV4dF9vcmRlciI6NX0=	2017-10-06 20:03:20.30154+06
chn3ac25f5effb254d20da5fbda83a6c	NWZiMDk2ZjE1YTVhMjcyZGE4ODQ4ZDE0YzkxODFkOTY0ZDkwODU5Yjp7Il9fY2hhbm5lbHNfbmV4dF9vcmRlciI6M30=	2017-10-06 20:03:21.352321+06
chn42cc55d3206a35d8194e884b30d53	NWZiMDk2ZjE1YTVhMjcyZGE4ODQ4ZDE0YzkxODFkOTY0ZDkwODU5Yjp7Il9fY2hhbm5lbHNfbmV4dF9vcmRlciI6M30=	2017-10-06 20:05:37.824051+06
chncafc3c8115d1dfb43af257475ff4b	ODQzY2FjYjEyZjJkMWI0Mjg5Y2UwYmNhNjAyYmJiMWVjNmJmMGVlYTp7Il9fY2hhbm5lbHNfbmV4dF9vcmRlciI6Mn0=	2017-10-06 20:05:38.126688+06
chn7bdd1418a8ddf0f8b2952ba3134f5	ZTc5NmUxMWUwZjc1NmIxMDVkNGMxMjg5ODIxYTdhYjc5OTk1MjIzODp7Il9fY2hhbm5lbHNfbmV4dF9vcmRlciI6NX0=	2017-10-06 20:07:09.672248+06
chn105131cfd1b22f2fe1133010a37a6	MjlhY2YxOGY2N2RmMDljMWFhMzNkOTExYjhhNjdjNjMzNWYzNTdhZDp7Il9fY2hhbm5lbHNfbmV4dF9vcmRlciI6NH0=	2017-10-06 20:07:41.396815+06
chnd5ba221e7fe2693bf4802e2b3cada	OWJkNDQ4NjJjN2RjZDExOTRiNGNkMGEwNDkxNTlmYjA5YTMwYTY3NDp7Il9fY2hhbm5lbHNfbmV4dF9vcmRlciI6MTJ9	2017-10-06 20:07:41.744813+06
chnfe70ca4e95552d67dc1805e310236	MjlhY2YxOGY2N2RmMDljMWFhMzNkOTExYjhhNjdjNjMzNWYzNTdhZDp7Il9fY2hhbm5lbHNfbmV4dF9vcmRlciI6NH0=	2017-10-06 20:45:27.738361+06
chne1af8ba20d7b98229c155b42c4ff8	MjlhY2YxOGY2N2RmMDljMWFhMzNkOTExYjhhNjdjNjMzNWYzNTdhZDp7Il9fY2hhbm5lbHNfbmV4dF9vcmRlciI6NH0=	2017-10-06 20:45:55.287798+06
chn819da9ea92886880dc4c371d81994	NWZiMDk2ZjE1YTVhMjcyZGE4ODQ4ZDE0YzkxODFkOTY0ZDkwODU5Yjp7Il9fY2hhbm5lbHNfbmV4dF9vcmRlciI6M30=	2017-10-06 20:47:13.477749+06
chn8f5f72079fa99745ce2df395524d4	NWZiMDk2ZjE1YTVhMjcyZGE4ODQ4ZDE0YzkxODFkOTY0ZDkwODU5Yjp7Il9fY2hhbm5lbHNfbmV4dF9vcmRlciI6M30=	2017-10-13 15:07:04.723607+06
chn636acff20b338009449dc05da87da	NWZiMDk2ZjE1YTVhMjcyZGE4ODQ4ZDE0YzkxODFkOTY0ZDkwODU5Yjp7Il9fY2hhbm5lbHNfbmV4dF9vcmRlciI6M30=	2017-10-06 22:21:01.457218+06
chn2cce6b0964e554618089f2327254d	NmExYmZiOTk2MTUxZGJkMGEyNzU0OGMxNzM2YWI1NDM1OGQxZmVlNTp7Il9fY2hhbm5lbHNfbmV4dF9vcmRlciI6MTN9	2017-10-06 22:21:01.461021+06
chn0aee882fe321010adbfbdc19eef2d	ZTc5NmUxMWUwZjc1NmIxMDVkNGMxMjg5ODIxYTdhYjc5OTk1MjIzODp7Il9fY2hhbm5lbHNfbmV4dF9vcmRlciI6NX0=	2017-10-06 23:38:10.571156+06
chn9b44dbdce3e6e5e2a70e74f47ce0b	M2YzZjk2N2NmMmMxNTgyY2YwNTE3ZjhhYTAyN2EyNjlhOGEwYzA2MTp7Il9fY2hhbm5lbHNfbmV4dF9vcmRlciI6N30=	2017-10-06 21:14:51.677401+06
chn8dbe91a758fb00cf701e054ef7ee6	MjlhY2YxOGY2N2RmMDljMWFhMzNkOTExYjhhNjdjNjMzNWYzNTdhZDp7Il9fY2hhbm5lbHNfbmV4dF9vcmRlciI6NH0=	2017-10-06 21:14:58.237002+06
chn74964d54f72d95d8545d66589b8e1	OTA3MWI5NDBlYjViYmVlZjg0YmRjZjFhZDQ0ZGI3ZjNjYzdlYjI3ZDp7Il9fY2hhbm5lbHNfbmV4dF9vcmRlciI6Nn0=	2017-10-06 23:44:27.762367+06
chn50b7583925cba8e1bb2eb37206a93	MjlhY2YxOGY2N2RmMDljMWFhMzNkOTExYjhhNjdjNjMzNWYzNTdhZDp7Il9fY2hhbm5lbHNfbmV4dF9vcmRlciI6NH0=	2017-10-06 21:17:48.644783+06
chn1491eb29fc1df031b2913fcfa5a99	M2YzZjk2N2NmMmMxNTgyY2YwNTE3ZjhhYTAyN2EyNjlhOGEwYzA2MTp7Il9fY2hhbm5lbHNfbmV4dF9vcmRlciI6N30=	2017-10-06 23:55:20.054715+06
chnae61d6b81c01812a5a1ce4b5a90da	N2UzOGQ5NWUzYzI3OTA1MTk0ZTMyODdjMDdhNWVmYTUzZWI5MTA0Njp7Il9fY2hhbm5lbHNfbmV4dF9vcmRlciI6OX0=	2017-10-06 21:45:15.773139+06
chn9a10c605883efa8ade581898df840	YTBiMmJhZWM4MzY0YWE2Mzc2NDUwM2JjNWNiMzhkM2ExNDFlMGQyOTp7Il9fY2hhbm5lbHNfbmV4dF9vcmRlciI6Mzd9	2017-10-07 10:38:57.360092+06
chn7047467d5be918a29af817a208bc3	ZTc5NmUxMWUwZjc1NmIxMDVkNGMxMjg5ODIxYTdhYjc5OTk1MjIzODp7Il9fY2hhbm5lbHNfbmV4dF9vcmRlciI6NX0=	2017-10-06 21:52:28.588769+06
chn79c80ff38dda59c7613df471de120	ODQzY2FjYjEyZjJkMWI0Mjg5Y2UwYmNhNjAyYmJiMWVjNmJmMGVlYTp7Il9fY2hhbm5lbHNfbmV4dF9vcmRlciI6Mn0=	2017-10-06 21:55:28.218406+06
chncc19a34511399a58e0ce478933753	NWZiMDk2ZjE1YTVhMjcyZGE4ODQ4ZDE0YzkxODFkOTY0ZDkwODU5Yjp7Il9fY2hhbm5lbHNfbmV4dF9vcmRlciI6M30=	2017-10-07 00:22:32.470033+06
chna7a25411c9899ffff3f2134c2213d	NWZiMDk2ZjE1YTVhMjcyZGE4ODQ4ZDE0YzkxODFkOTY0ZDkwODU5Yjp7Il9fY2hhbm5lbHNfbmV4dF9vcmRlciI6M30=	2017-10-06 21:55:45.594134+06
chnfd41d2db7f5d15c9649c9825fcd9f	ODQzY2FjYjEyZjJkMWI0Mjg5Y2UwYmNhNjAyYmJiMWVjNmJmMGVlYTp7Il9fY2hhbm5lbHNfbmV4dF9vcmRlciI6Mn0=	2017-10-06 21:56:30.21163+06
chnca6349527f68572ab68776b3847af	OGRmMzE4MmNlYjExZGNkNGVjZTMxYjk3NGJkMGQwOGI0OGQzOGUyYTp7Il9fY2hhbm5lbHNfbmV4dF9vcmRlciI6MTF9	2017-10-07 00:23:04.834757+06
chn53df94a6e81e749b24fa09dcd6265	OWJkNDQ4NjJjN2RjZDExOTRiNGNkMGEwNDkxNTlmYjA5YTMwYTY3NDp7Il9fY2hhbm5lbHNfbmV4dF9vcmRlciI6MTJ9	2017-10-07 15:00:03.242768+06
chnd81478b750e99ed7f8aee80dd9aa9	MjlhY2YxOGY2N2RmMDljMWFhMzNkOTExYjhhNjdjNjMzNWYzNTdhZDp7Il9fY2hhbm5lbHNfbmV4dF9vcmRlciI6NH0=	2017-10-06 21:56:42.082655+06
chnc480dba68d2e90de0dca1e2d4bafa	ZTc5NmUxMWUwZjc1NmIxMDVkNGMxMjg5ODIxYTdhYjc5OTk1MjIzODp7Il9fY2hhbm5lbHNfbmV4dF9vcmRlciI6NX0=	2017-10-07 00:24:01.145864+06
chn1939f921c85fa2d52918ddf414f38	NWZiMDk2ZjE1YTVhMjcyZGE4ODQ4ZDE0YzkxODFkOTY0ZDkwODU5Yjp7Il9fY2hhbm5lbHNfbmV4dF9vcmRlciI6M30=	2017-10-07 15:02:34.013511+06
chn3b1dfb82acb8ad6c912bf4716e368	ODQzY2FjYjEyZjJkMWI0Mjg5Y2UwYmNhNjAyYmJiMWVjNmJmMGVlYTp7Il9fY2hhbm5lbHNfbmV4dF9vcmRlciI6Mn0=	2017-10-06 21:59:23.505097+06
chn04029c6e74e06fbbf945fbb1eebd5	MjlhY2YxOGY2N2RmMDljMWFhMzNkOTExYjhhNjdjNjMzNWYzNTdhZDp7Il9fY2hhbm5lbHNfbmV4dF9vcmRlciI6NH0=	2017-10-07 15:26:58.6377+06
chnb792d577a73962184f31e6fb80e76	ZTc5NmUxMWUwZjc1NmIxMDVkNGMxMjg5ODIxYTdhYjc5OTk1MjIzODp7Il9fY2hhbm5lbHNfbmV4dF9vcmRlciI6NX0=	2017-10-07 00:24:30.618998+06
chn9d670233c4be452f6b894502c4c8f	N2UzOGQ5NWUzYzI3OTA1MTk0ZTMyODdjMDdhNWVmYTUzZWI5MTA0Njp7Il9fY2hhbm5lbHNfbmV4dF9vcmRlciI6OX0=	2017-10-06 22:00:13.584313+06
chna945b198cd7ac89ce8155b27aaffc	OTA3MWI5NDBlYjViYmVlZjg0YmRjZjFhZDQ0ZGI3ZjNjYzdlYjI3ZDp7Il9fY2hhbm5lbHNfbmV4dF9vcmRlciI6Nn0=	2017-10-07 00:25:03.622095+06
chna89d69c609eca632381a6e5c4ae10	OTA3MWI5NDBlYjViYmVlZjg0YmRjZjFhZDQ0ZGI3ZjNjYzdlYjI3ZDp7Il9fY2hhbm5lbHNfbmV4dF9vcmRlciI6Nn0=	2017-10-07 15:45:27.856461+06
chn8e4a61e9f97bc3c1616c6613be9b6	OTA3MWI5NDBlYjViYmVlZjg0YmRjZjFhZDQ0ZGI3ZjNjYzdlYjI3ZDp7Il9fY2hhbm5lbHNfbmV4dF9vcmRlciI6Nn0=	2017-10-06 22:05:05.790342+06
chn00e6d34f34098fde04442abd602ff	NWZiMDk2ZjE1YTVhMjcyZGE4ODQ4ZDE0YzkxODFkOTY0ZDkwODU5Yjp7Il9fY2hhbm5lbHNfbmV4dF9vcmRlciI6M30=	2017-10-07 00:25:36.052455+06
chnb88b1c02312e094b5135d4ef4c358	ZTc5NmUxMWUwZjc1NmIxMDVkNGMxMjg5ODIxYTdhYjc5OTk1MjIzODp7Il9fY2hhbm5lbHNfbmV4dF9vcmRlciI6NX0=	2017-10-07 00:25:57.79065+06
chn65223258332529717178a21d09294	NWZiMDk2ZjE1YTVhMjcyZGE4ODQ4ZDE0YzkxODFkOTY0ZDkwODU5Yjp7Il9fY2hhbm5lbHNfbmV4dF9vcmRlciI6M30=	2017-10-06 22:05:20.020538+06
chn1a647644839d0169ae5734182f724	NDgzZTQ1NDBiZDI2MzgzZjMxMTczYjVmNWM2MjYwMzI5NTlhMTYwMDp7Il9fY2hhbm5lbHNfbmV4dF9vcmRlciI6OH0=	2017-10-07 16:02:36.202894+06
chnac2ed0ec9ae997305cf5af9850906	MjlhY2YxOGY2N2RmMDljMWFhMzNkOTExYjhhNjdjNjMzNWYzNTdhZDp7Il9fY2hhbm5lbHNfbmV4dF9vcmRlciI6NH0=	2017-10-13 12:06:50.961393+06
chn90bceb599e35d7cad668370654a7f	N2UzOGQ5NWUzYzI3OTA1MTk0ZTMyODdjMDdhNWVmYTUzZWI5MTA0Njp7Il9fY2hhbm5lbHNfbmV4dF9vcmRlciI6OX0=	2017-10-07 00:50:48.684858+06
chndaa86dd639959bd8467bcf53d28c2	NWZiMDk2ZjE1YTVhMjcyZGE4ODQ4ZDE0YzkxODFkOTY0ZDkwODU5Yjp7Il9fY2hhbm5lbHNfbmV4dF9vcmRlciI6M30=	2017-10-13 12:07:08.443809+06
chn710315634e26c3feb4130a8cad5bf	OTA3MWI5NDBlYjViYmVlZjg0YmRjZjFhZDQ0ZGI3ZjNjYzdlYjI3ZDp7Il9fY2hhbm5lbHNfbmV4dF9vcmRlciI6Nn0=	2017-10-07 01:00:46.464939+06
chne2055c00861f4b572887c4f3991c5	ZTc5NmUxMWUwZjc1NmIxMDVkNGMxMjg5ODIxYTdhYjc5OTk1MjIzODp7Il9fY2hhbm5lbHNfbmV4dF9vcmRlciI6NX0=	2017-10-13 12:15:59.737672+06
chn876a42ac7c7324e4eb70e8d35e012	MjlhY2YxOGY2N2RmMDljMWFhMzNkOTExYjhhNjdjNjMzNWYzNTdhZDp7Il9fY2hhbm5lbHNfbmV4dF9vcmRlciI6NH0=	2017-10-13 12:16:37.364255+06
chn0affa254fab91d9455302c922f41d	NWZiMDk2ZjE1YTVhMjcyZGE4ODQ4ZDE0YzkxODFkOTY0ZDkwODU5Yjp7Il9fY2hhbm5lbHNfbmV4dF9vcmRlciI6M30=	2017-10-13 12:16:39.627408+06
chna6e62dc743f4fbd4f8608bd9f44c4	NmExYmZiOTk2MTUxZGJkMGEyNzU0OGMxNzM2YWI1NDM1OGQxZmVlNTp7Il9fY2hhbm5lbHNfbmV4dF9vcmRlciI6MTN9	2017-10-07 01:06:06.506449+06
chn303fa2fc99b85e6436c1673ba43d5	MjlhY2YxOGY2N2RmMDljMWFhMzNkOTExYjhhNjdjNjMzNWYzNTdhZDp7Il9fY2hhbm5lbHNfbmV4dF9vcmRlciI6NH0=	2017-10-13 12:20:02.531402+06
chnb1f0d848d110a0deff292c4f197c4	NWZiMDk2ZjE1YTVhMjcyZGE4ODQ4ZDE0YzkxODFkOTY0ZDkwODU5Yjp7Il9fY2hhbm5lbHNfbmV4dF9vcmRlciI6M30=	2017-10-07 10:16:52.225192+06
chnc9293429656f4edaeecc78c84284b	MjlhY2YxOGY2N2RmMDljMWFhMzNkOTExYjhhNjdjNjMzNWYzNTdhZDp7Il9fY2hhbm5lbHNfbmV4dF9vcmRlciI6NH0=	2017-10-13 12:21:30.91374+06
chn0aceb43865dca9d7608dd2ea61aec	MjlhY2YxOGY2N2RmMDljMWFhMzNkOTExYjhhNjdjNjMzNWYzNTdhZDp7Il9fY2hhbm5lbHNfbmV4dF9vcmRlciI6NH0=	2017-10-13 12:21:48.176738+06
chn5c66c1e5a6d1ec450d5e6d37c230a	MjlhY2YxOGY2N2RmMDljMWFhMzNkOTExYjhhNjdjNjMzNWYzNTdhZDp7Il9fY2hhbm5lbHNfbmV4dF9vcmRlciI6NH0=	2017-10-13 12:21:57.866921+06
chn56219130268c7038fddc0a91d83a9	ZTc5NmUxMWUwZjc1NmIxMDVkNGMxMjg5ODIxYTdhYjc5OTk1MjIzODp7Il9fY2hhbm5lbHNfbmV4dF9vcmRlciI6NX0=	2017-10-13 12:22:25.468743+06
chn8d477079313f48c3f1b84ef0f3d3d	MjlhY2YxOGY2N2RmMDljMWFhMzNkOTExYjhhNjdjNjMzNWYzNTdhZDp7Il9fY2hhbm5lbHNfbmV4dF9vcmRlciI6NH0=	2017-10-13 12:23:23.611623+06
chnf5968c3024abed120ebfdea37843a	NWZiMDk2ZjE1YTVhMjcyZGE4ODQ4ZDE0YzkxODFkOTY0ZDkwODU5Yjp7Il9fY2hhbm5lbHNfbmV4dF9vcmRlciI6M30=	2017-10-13 15:06:45.300889+06
chn562d6d28e3c40af8bd880d15ccc47	NWZiMDk2ZjE1YTVhMjcyZGE4ODQ4ZDE0YzkxODFkOTY0ZDkwODU5Yjp7Il9fY2hhbm5lbHNfbmV4dF9vcmRlciI6M30=	2017-10-13 17:50:46.405583+06
chn9b93f6704eda3fb2d9afcca0b857a	OTA3MWI5NDBlYjViYmVlZjg0YmRjZjFhZDQ0ZGI3ZjNjYzdlYjI3ZDp7Il9fY2hhbm5lbHNfbmV4dF9vcmRlciI6Nn0=	2017-10-13 13:48:44.862098+06
chn24121f10b6e58b47097f9863d332b	MjlhY2YxOGY2N2RmMDljMWFhMzNkOTExYjhhNjdjNjMzNWYzNTdhZDp7Il9fY2hhbm5lbHNfbmV4dF9vcmRlciI6NH0=	2017-10-13 12:23:58.763193+06
chnc2c3fff73def81cee0ba0f562550d	MjlhY2YxOGY2N2RmMDljMWFhMzNkOTExYjhhNjdjNjMzNWYzNTdhZDp7Il9fY2hhbm5lbHNfbmV4dF9vcmRlciI6NH0=	2017-10-13 13:49:19.8839+06
chn0291fc76b02dbe21a9c71b56b4e65	NWZiMDk2ZjE1YTVhMjcyZGE4ODQ4ZDE0YzkxODFkOTY0ZDkwODU5Yjp7Il9fY2hhbm5lbHNfbmV4dF9vcmRlciI6M30=	2017-10-13 13:49:33.566886+06
chn3a267ba6d1a3901d781fb253502b9	NWZiMDk2ZjE1YTVhMjcyZGE4ODQ4ZDE0YzkxODFkOTY0ZDkwODU5Yjp7Il9fY2hhbm5lbHNfbmV4dF9vcmRlciI6M30=	2017-10-13 13:49:36.411347+06
chn51859f70d528f19818535510e0f7b	ZTc5NmUxMWUwZjc1NmIxMDVkNGMxMjg5ODIxYTdhYjc5OTk1MjIzODp7Il9fY2hhbm5lbHNfbmV4dF9vcmRlciI6NX0=	2017-10-13 12:24:36.800869+06
chnaaae7128558646dc034385d753ff7	MjlhY2YxOGY2N2RmMDljMWFhMzNkOTExYjhhNjdjNjMzNWYzNTdhZDp7Il9fY2hhbm5lbHNfbmV4dF9vcmRlciI6NH0=	2017-10-13 15:10:46.945856+06
chn8447215db590393d93f738964c0b4	NWZiMDk2ZjE1YTVhMjcyZGE4ODQ4ZDE0YzkxODFkOTY0ZDkwODU5Yjp7Il9fY2hhbm5lbHNfbmV4dF9vcmRlciI6M30=	2017-10-13 13:50:35.633318+06
chna5b1adfc5d85ce754174d4b5e8cb8	MjlhY2YxOGY2N2RmMDljMWFhMzNkOTExYjhhNjdjNjMzNWYzNTdhZDp7Il9fY2hhbm5lbHNfbmV4dF9vcmRlciI6NH0=	2017-10-13 12:24:43.157212+06
chna6296b17599ed092d446e5cd9dfc3	NWZiMDk2ZjE1YTVhMjcyZGE4ODQ4ZDE0YzkxODFkOTY0ZDkwODU5Yjp7Il9fY2hhbm5lbHNfbmV4dF9vcmRlciI6M30=	2017-10-13 13:50:53.153736+06
chnaa8cd829917d892e4af597a99c191	MjlhY2YxOGY2N2RmMDljMWFhMzNkOTExYjhhNjdjNjMzNWYzNTdhZDp7Il9fY2hhbm5lbHNfbmV4dF9vcmRlciI6NH0=	2017-10-13 12:24:52.076738+06
chnf7b729683a369d54e49dbd9b2471f	M2YzZjk2N2NmMmMxNTgyY2YwNTE3ZjhhYTAyN2EyNjlhOGEwYzA2MTp7Il9fY2hhbm5lbHNfbmV4dF9vcmRlciI6N30=	2017-10-13 15:14:57.311593+06
chnfc3f5ba5007397a935b7bff90b51f	NWZiMDk2ZjE1YTVhMjcyZGE4ODQ4ZDE0YzkxODFkOTY0ZDkwODU5Yjp7Il9fY2hhbm5lbHNfbmV4dF9vcmRlciI6M30=	2017-10-13 13:50:55.461939+06
chn4bd0eb849f1c68d7ed3539b8e6b09	NWZiMDk2ZjE1YTVhMjcyZGE4ODQ4ZDE0YzkxODFkOTY0ZDkwODU5Yjp7Il9fY2hhbm5lbHNfbmV4dF9vcmRlciI6M30=	2017-10-13 13:51:05.105457+06
chn785caeebb0bde8c6d50070e922952	NWZiMDk2ZjE1YTVhMjcyZGE4ODQ4ZDE0YzkxODFkOTY0ZDkwODU5Yjp7Il9fY2hhbm5lbHNfbmV4dF9vcmRlciI6M30=	2017-10-13 13:52:25.215816+06
chn1659203b6b1e5d2ea77d2d5beb202	N2UzOGQ5NWUzYzI3OTA1MTk0ZTMyODdjMDdhNWVmYTUzZWI5MTA0Njp7Il9fY2hhbm5lbHNfbmV4dF9vcmRlciI6OX0=	2017-10-13 15:15:18.650852+06
chn99ec5938370004f9c4e5a0fd806fb	NWZiMDk2ZjE1YTVhMjcyZGE4ODQ4ZDE0YzkxODFkOTY0ZDkwODU5Yjp7Il9fY2hhbm5lbHNfbmV4dF9vcmRlciI6M30=	2017-10-13 13:52:26.854606+06
chn85413bfdd4db00397d38777f6459c	NWZiMDk2ZjE1YTVhMjcyZGE4ODQ4ZDE0YzkxODFkOTY0ZDkwODU5Yjp7Il9fY2hhbm5lbHNfbmV4dF9vcmRlciI6M30=	2017-10-13 17:11:16.516901+06
chn6cdb3daf6eef62c39fb31e3d68d0c	NWZiMDk2ZjE1YTVhMjcyZGE4ODQ4ZDE0YzkxODFkOTY0ZDkwODU5Yjp7Il9fY2hhbm5lbHNfbmV4dF9vcmRlciI6M30=	2017-10-13 13:52:30.596694+06
chn0fcf5947d1fe50dc7df6c5b3f4952	NWZiMDk2ZjE1YTVhMjcyZGE4ODQ4ZDE0YzkxODFkOTY0ZDkwODU5Yjp7Il9fY2hhbm5lbHNfbmV4dF9vcmRlciI6M30=	2017-10-13 17:14:40.59199+06
chn0156189a1a9cf362137ac817bc0eb	MjlhY2YxOGY2N2RmMDljMWFhMzNkOTExYjhhNjdjNjMzNWYzNTdhZDp7Il9fY2hhbm5lbHNfbmV4dF9vcmRlciI6NH0=	2017-10-13 13:54:40.520369+06
chnf7ee946309a30085951c930331843	NWZiMDk2ZjE1YTVhMjcyZGE4ODQ4ZDE0YzkxODFkOTY0ZDkwODU5Yjp7Il9fY2hhbm5lbHNfbmV4dF9vcmRlciI6M30=	2017-10-13 17:14:48.080844+06
chn91be41d532815dd736335dbd05b09	MjlhY2YxOGY2N2RmMDljMWFhMzNkOTExYjhhNjdjNjMzNWYzNTdhZDp7Il9fY2hhbm5lbHNfbmV4dF9vcmRlciI6NH0=	2017-10-13 13:54:50.964427+06
chna1e6cd71499525324c527f0d7aff7	NWZiMDk2ZjE1YTVhMjcyZGE4ODQ4ZDE0YzkxODFkOTY0ZDkwODU5Yjp7Il9fY2hhbm5lbHNfbmV4dF9vcmRlciI6M30=	2017-10-13 17:15:06.807172+06
chnc0bfb9872defb3dca6f3fd4957f3d	MjlhY2YxOGY2N2RmMDljMWFhMzNkOTExYjhhNjdjNjMzNWYzNTdhZDp7Il9fY2hhbm5lbHNfbmV4dF9vcmRlciI6NH0=	2017-10-13 13:56:42.269561+06
chn66d08bdeea6956ca8dd79c0534a6d	NWZiMDk2ZjE1YTVhMjcyZGE4ODQ4ZDE0YzkxODFkOTY0ZDkwODU5Yjp7Il9fY2hhbm5lbHNfbmV4dF9vcmRlciI6M30=	2017-10-13 17:15:18.559868+06
chn353d3e23fe7324e11fd3f3dfa3622	MjlhY2YxOGY2N2RmMDljMWFhMzNkOTExYjhhNjdjNjMzNWYzNTdhZDp7Il9fY2hhbm5lbHNfbmV4dF9vcmRlciI6NH0=	2017-10-13 13:58:31.628408+06
chnf91974e31c30f76f34de0d91b4d98	NWZiMDk2ZjE1YTVhMjcyZGE4ODQ4ZDE0YzkxODFkOTY0ZDkwODU5Yjp7Il9fY2hhbm5lbHNfbmV4dF9vcmRlciI6M30=	2017-10-13 17:17:20.015489+06
chn90890d6cf6881f4ccec23d93a3d9b	M2YzZjk2N2NmMmMxNTgyY2YwNTE3ZjhhYTAyN2EyNjlhOGEwYzA2MTp7Il9fY2hhbm5lbHNfbmV4dF9vcmRlciI6N30=	2017-10-13 14:02:27.894839+06
chn5ab7b56b013d9bc0871f1581add73	MjlhY2YxOGY2N2RmMDljMWFhMzNkOTExYjhhNjdjNjMzNWYzNTdhZDp7Il9fY2hhbm5lbHNfbmV4dF9vcmRlciI6NH0=	2017-10-13 17:21:17.535997+06
chna3101d26788bb7afcf80d3b1071f0	MjlhY2YxOGY2N2RmMDljMWFhMzNkOTExYjhhNjdjNjMzNWYzNTdhZDp7Il9fY2hhbm5lbHNfbmV4dF9vcmRlciI6NH0=	2017-10-13 17:24:07.124007+06
chn4304c2528ef5bf16cfdf4cc60264a	OGRmMzE4MmNlYjExZGNkNGVjZTMxYjk3NGJkMGQwOGI0OGQzOGUyYTp7Il9fY2hhbm5lbHNfbmV4dF9vcmRlciI6MTF9	2017-10-13 14:05:09.384727+06
chnf5048548dce45db93d571463c1504	MjlhY2YxOGY2N2RmMDljMWFhMzNkOTExYjhhNjdjNjMzNWYzNTdhZDp7Il9fY2hhbm5lbHNfbmV4dF9vcmRlciI6NH0=	2017-10-13 17:24:12.121814+06
chn6c9ee37c482001ebcae643d358b33	MjlhY2YxOGY2N2RmMDljMWFhMzNkOTExYjhhNjdjNjMzNWYzNTdhZDp7Il9fY2hhbm5lbHNfbmV4dF9vcmRlciI6NH0=	2017-10-13 17:29:08.035036+06
chn48a7a0bd3a2114da820d50e41e0ea	NWZiMDk2ZjE1YTVhMjcyZGE4ODQ4ZDE0YzkxODFkOTY0ZDkwODU5Yjp7Il9fY2hhbm5lbHNfbmV4dF9vcmRlciI6M30=	2017-10-13 17:29:53.205241+06
chn235b9804c34df3845ae9b1f816015	ZmY2YjFhOTljZDAxZTQ3NTg4ZWI5MzVjMTNjZjIwMGRmMGI5NGNkYzp7Il9fY2hhbm5lbHNfbmV4dF9vcmRlciI6MTV9	2017-10-13 14:57:56.949079+06
chn6a42ad367caeccf07f0e7095e5a7a	NWZiMDk2ZjE1YTVhMjcyZGE4ODQ4ZDE0YzkxODFkOTY0ZDkwODU5Yjp7Il9fY2hhbm5lbHNfbmV4dF9vcmRlciI6M30=	2017-10-13 14:59:54.998103+06
chn49b7e3b800939271f0fa9a21a88d6	NWZiMDk2ZjE1YTVhMjcyZGE4ODQ4ZDE0YzkxODFkOTY0ZDkwODU5Yjp7Il9fY2hhbm5lbHNfbmV4dF9vcmRlciI6M30=	2017-10-13 15:00:31.34886+06
chn9c2f542343c418602e972336d66af	NWZiMDk2ZjE1YTVhMjcyZGE4ODQ4ZDE0YzkxODFkOTY0ZDkwODU5Yjp7Il9fY2hhbm5lbHNfbmV4dF9vcmRlciI6M30=	2017-10-13 15:01:15.148031+06
chn40f4d59d0c47bc548b6942123023d	NWZiMDk2ZjE1YTVhMjcyZGE4ODQ4ZDE0YzkxODFkOTY0ZDkwODU5Yjp7Il9fY2hhbm5lbHNfbmV4dF9vcmRlciI6M30=	2017-10-13 15:01:26.768185+06
chn2780eb80a6e75d1192cf31c3c49b4	NWZiMDk2ZjE1YTVhMjcyZGE4ODQ4ZDE0YzkxODFkOTY0ZDkwODU5Yjp7Il9fY2hhbm5lbHNfbmV4dF9vcmRlciI6M30=	2017-10-13 15:01:28.679298+06
chn1de2eddaa49fcc6b7c278ccbab789	NWZiMDk2ZjE1YTVhMjcyZGE4ODQ4ZDE0YzkxODFkOTY0ZDkwODU5Yjp7Il9fY2hhbm5lbHNfbmV4dF9vcmRlciI6M30=	2017-10-13 15:03:22.553594+06
chn4c2e92beee0ad838acc80438710fc	NWZiMDk2ZjE1YTVhMjcyZGE4ODQ4ZDE0YzkxODFkOTY0ZDkwODU5Yjp7Il9fY2hhbm5lbHNfbmV4dF9vcmRlciI6M30=	2017-10-13 15:05:28.20746+06
chn280219dfa4be100b133c5676c74ec	NWZiMDk2ZjE1YTVhMjcyZGE4ODQ4ZDE0YzkxODFkOTY0ZDkwODU5Yjp7Il9fY2hhbm5lbHNfbmV4dF9vcmRlciI6M30=	2017-10-13 15:05:42.05832+06
chnde5239633c7654b5a7c82fe4580da	NWZiMDk2ZjE1YTVhMjcyZGE4ODQ4ZDE0YzkxODFkOTY0ZDkwODU5Yjp7Il9fY2hhbm5lbHNfbmV4dF9vcmRlciI6M30=	2017-10-13 15:05:49.695741+06
chn6504da7122e4b1a90cd084ef014a3	NjQwMmQ0NTQ3ZWI0YjU2N2IyNjdhM2ZlZmU5ZGVhNTBjNDg1MTc1Yjp7Il9fY2hhbm5lbHNfbmV4dF9vcmRlciI6MjJ9	2017-10-13 17:54:56.844952+06
chn68f3f383240de509fda154ac3dfed	NWZiMDk2ZjE1YTVhMjcyZGE4ODQ4ZDE0YzkxODFkOTY0ZDkwODU5Yjp7Il9fY2hhbm5lbHNfbmV4dF9vcmRlciI6M30=	2017-10-13 18:26:06.437225+06
chnda834466ce23d9d2d30fee2ac0f71	NWZiMDk2ZjE1YTVhMjcyZGE4ODQ4ZDE0YzkxODFkOTY0ZDkwODU5Yjp7Il9fY2hhbm5lbHNfbmV4dF9vcmRlciI6M30=	2017-10-13 18:26:10.538076+06
chncdaaedfff12f57b3853eee6f20912	NWZiMDk2ZjE1YTVhMjcyZGE4ODQ4ZDE0YzkxODFkOTY0ZDkwODU5Yjp7Il9fY2hhbm5lbHNfbmV4dF9vcmRlciI6M30=	2017-10-13 17:30:00.032652+06
chn60296a6a117d12801f7e62499dbf7	NWZiMDk2ZjE1YTVhMjcyZGE4ODQ4ZDE0YzkxODFkOTY0ZDkwODU5Yjp7Il9fY2hhbm5lbHNfbmV4dF9vcmRlciI6M30=	2017-10-13 18:27:37.249259+06
chn5c43ed9aaed2b7754c02959439afd	NWZiMDk2ZjE1YTVhMjcyZGE4ODQ4ZDE0YzkxODFkOTY0ZDkwODU5Yjp7Il9fY2hhbm5lbHNfbmV4dF9vcmRlciI6M30=	2017-10-13 17:55:05.459278+06
chnc153aff397eb94aa948aa742ae74a	NWZiMDk2ZjE1YTVhMjcyZGE4ODQ4ZDE0YzkxODFkOTY0ZDkwODU5Yjp7Il9fY2hhbm5lbHNfbmV4dF9vcmRlciI6M30=	2017-10-13 19:10:11.789527+06
chn6885370c8f00b3276ff11f0dad967	NWZiMDk2ZjE1YTVhMjcyZGE4ODQ4ZDE0YzkxODFkOTY0ZDkwODU5Yjp7Il9fY2hhbm5lbHNfbmV4dF9vcmRlciI6M30=	2017-10-13 17:56:39.083119+06
chn3fda4ee9226873ecbf4d90d430b78	MjlhY2YxOGY2N2RmMDljMWFhMzNkOTExYjhhNjdjNjMzNWYzNTdhZDp7Il9fY2hhbm5lbHNfbmV4dF9vcmRlciI6NH0=	2017-10-13 18:28:23.65873+06
chn4fb824259725be17af417f81ece5d	NWZiMDk2ZjE1YTVhMjcyZGE4ODQ4ZDE0YzkxODFkOTY0ZDkwODU5Yjp7Il9fY2hhbm5lbHNfbmV4dF9vcmRlciI6M30=	2017-10-13 18:29:47.978964+06
chne266bab307784c8825f05a316a17a	MjlhY2YxOGY2N2RmMDljMWFhMzNkOTExYjhhNjdjNjMzNWYzNTdhZDp7Il9fY2hhbm5lbHNfbmV4dF9vcmRlciI6NH0=	2017-10-13 17:37:50.834062+06
chn34a2f0f5602a6e11a07270e18507a	NDgzZTQ1NDBiZDI2MzgzZjMxMTczYjVmNWM2MjYwMzI5NTlhMTYwMDp7Il9fY2hhbm5lbHNfbmV4dF9vcmRlciI6OH0=	2017-10-13 17:38:45.307582+06
chn05cfa682e94e7e63bab12f4231a6f	NWZiMDk2ZjE1YTVhMjcyZGE4ODQ4ZDE0YzkxODFkOTY0ZDkwODU5Yjp7Il9fY2hhbm5lbHNfbmV4dF9vcmRlciI6M30=	2017-10-13 18:30:25.049877+06
chn48f1b674ca64abb175db45ae47068	NWZiMDk2ZjE1YTVhMjcyZGE4ODQ4ZDE0YzkxODFkOTY0ZDkwODU5Yjp7Il9fY2hhbm5lbHNfbmV4dF9vcmRlciI6M30=	2017-10-13 18:32:36.708348+06
chna509ef32d755219ad510cc022a00f	ZmY2YjFhOTljZDAxZTQ3NTg4ZWI5MzVjMTNjZjIwMGRmMGI5NGNkYzp7Il9fY2hhbm5lbHNfbmV4dF9vcmRlciI6MTV9	2017-10-13 18:01:26.194591+06
chn6f5b39111e83ea5da82e69f838f23	N2UzOGQ5NWUzYzI3OTA1MTk0ZTMyODdjMDdhNWVmYTUzZWI5MTA0Njp7Il9fY2hhbm5lbHNfbmV4dF9vcmRlciI6OX0=	2017-10-13 17:46:02.732937+06
chndc91f4073d5c91fc3ce03b1a1e4f4	NWZiMDk2ZjE1YTVhMjcyZGE4ODQ4ZDE0YzkxODFkOTY0ZDkwODU5Yjp7Il9fY2hhbm5lbHNfbmV4dF9vcmRlciI6M30=	2017-10-13 18:33:10.880786+06
chn27de19e631a68abeb7363fb08f64d	MjlhY2YxOGY2N2RmMDljMWFhMzNkOTExYjhhNjdjNjMzNWYzNTdhZDp7Il9fY2hhbm5lbHNfbmV4dF9vcmRlciI6NH0=	2017-10-13 17:46:21.012593+06
chn3c74b56803b2a2f07ef75d9a81a0f	NWZiMDk2ZjE1YTVhMjcyZGE4ODQ4ZDE0YzkxODFkOTY0ZDkwODU5Yjp7Il9fY2hhbm5lbHNfbmV4dF9vcmRlciI6M30=	2017-10-13 18:33:16.239188+06
chn22a9a527187693e511beb35425211	NWZiMDk2ZjE1YTVhMjcyZGE4ODQ4ZDE0YzkxODFkOTY0ZDkwODU5Yjp7Il9fY2hhbm5lbHNfbmV4dF9vcmRlciI6M30=	2017-10-13 18:34:19.25822+06
chna48f36c3a3c50738e611fdc846436	NzRlZDc2ZWI5YTU2ZjlhMDE2OWY2MTRjNTc3MjAzMTZmMzY5ZWU3NTp7Il9fY2hhbm5lbHNfbmV4dF9vcmRlciI6MTR9	2017-10-13 18:01:57.799814+06
chn68dbb8de42b35c23c11c64a26b1dd	ZmY2YjFhOTljZDAxZTQ3NTg4ZWI5MzVjMTNjZjIwMGRmMGI5NGNkYzp7Il9fY2hhbm5lbHNfbmV4dF9vcmRlciI6MTV9	2017-10-13 17:49:24.375697+06
chnb25a99436ab12089bf2f13e1acf8d	OGRmMzE4MmNlYjExZGNkNGVjZTMxYjk3NGJkMGQwOGI0OGQzOGUyYTp7Il9fY2hhbm5lbHNfbmV4dF9vcmRlciI6MTF9	2017-10-13 18:39:33.90541+06
chndd47fe2fbecae954b559d7752dcce	N2UzOGQ5NWUzYzI3OTA1MTk0ZTMyODdjMDdhNWVmYTUzZWI5MTA0Njp7Il9fY2hhbm5lbHNfbmV4dF9vcmRlciI6OX0=	2017-10-13 18:02:57.79753+06
chnc9732fb717bdebf27f1b5feaf2c95	NDgzZTQ1NDBiZDI2MzgzZjMxMTczYjVmNWM2MjYwMzI5NTlhMTYwMDp7Il9fY2hhbm5lbHNfbmV4dF9vcmRlciI6OH0=	2017-10-13 18:40:12.477176+06
chn732b1ca0ba84369922e69b4fe87ea	ZDhhYmQ4NTJmNzAxY2M1NWEzZjE4NmZiZGFlOGQwZDEwMjNjNGI5MDp7Il9fY2hhbm5lbHNfbmV4dF9vcmRlciI6MTZ9	2017-10-13 18:06:37.267534+06
chnfbbb3ee15565e64aa4624adfb7ff9	NDgzZTQ1NDBiZDI2MzgzZjMxMTczYjVmNWM2MjYwMzI5NTlhMTYwMDp7Il9fY2hhbm5lbHNfbmV4dF9vcmRlciI6OH0=	2017-10-13 18:46:49.893378+06
chndc51467cb6a3b32e140e855468e01	MjlhY2YxOGY2N2RmMDljMWFhMzNkOTExYjhhNjdjNjMzNWYzNTdhZDp7Il9fY2hhbm5lbHNfbmV4dF9vcmRlciI6NH0=	2017-10-13 18:07:00.298904+06
chn05189b801d0929b2a7ac0d48c036b	NDgzZTQ1NDBiZDI2MzgzZjMxMTczYjVmNWM2MjYwMzI5NTlhMTYwMDp7Il9fY2hhbm5lbHNfbmV4dF9vcmRlciI6OH0=	2017-10-13 18:47:08.499022+06
chn7e85dda5a9232d70a0c478d57ae4d	MjlhY2YxOGY2N2RmMDljMWFhMzNkOTExYjhhNjdjNjMzNWYzNTdhZDp7Il9fY2hhbm5lbHNfbmV4dF9vcmRlciI6NH0=	2017-10-13 18:07:11.554196+06
chn5abcc1c8c8866865738544271d6af	ZTc5NmUxMWUwZjc1NmIxMDVkNGMxMjg5ODIxYTdhYjc5OTk1MjIzODp7Il9fY2hhbm5lbHNfbmV4dF9vcmRlciI6NX0=	2017-10-13 18:07:34.301229+06
chnc650e697aa17bfdde56780f71c213	NWZiMDk2ZjE1YTVhMjcyZGE4ODQ4ZDE0YzkxODFkOTY0ZDkwODU5Yjp7Il9fY2hhbm5lbHNfbmV4dF9vcmRlciI6M30=	2017-10-13 18:08:09.596348+06
chn5a7f9212da94448a06815291c2cc4	NDgzZTQ1NDBiZDI2MzgzZjMxMTczYjVmNWM2MjYwMzI5NTlhMTYwMDp7Il9fY2hhbm5lbHNfbmV4dF9vcmRlciI6OH0=	2017-10-13 18:47:48.664449+06
chnb7e41b20957bff5541409c7c82e87	OTA3MWI5NDBlYjViYmVlZjg0YmRjZjFhZDQ0ZGI3ZjNjYzdlYjI3ZDp7Il9fY2hhbm5lbHNfbmV4dF9vcmRlciI6Nn0=	2017-10-13 18:09:17.563059+06
chn0015afbaba99a58cc8b03982001a9	MjlhY2YxOGY2N2RmMDljMWFhMzNkOTExYjhhNjdjNjMzNWYzNTdhZDp7Il9fY2hhbm5lbHNfbmV4dF9vcmRlciI6NH0=	2017-10-13 18:09:31.104062+06
chnd50f742d1c80beb842eabb9307e98	NWU3YjQzZDY4M2FkMjg4NTlhNGQ0OGIwOTkzZTRkYmNhNzY3NTM0NDp7Il9fY2hhbm5lbHNfbmV4dF9vcmRlciI6MTB9	2017-10-13 18:50:24.443496+06
chn73a0d7e25aeac8147d8da213457d9	M2YzZjk2N2NmMmMxNTgyY2YwNTE3ZjhhYTAyN2EyNjlhOGEwYzA2MTp7Il9fY2hhbm5lbHNfbmV4dF9vcmRlciI6N30=	2017-10-13 18:17:06.217241+06
chn7474153153ea8dbc59b331de21fa8	NWZiMDk2ZjE1YTVhMjcyZGE4ODQ4ZDE0YzkxODFkOTY0ZDkwODU5Yjp7Il9fY2hhbm5lbHNfbmV4dF9vcmRlciI6M30=	2017-10-13 18:20:30.01377+06
chnb84671b2c4b8b80ae964c0e116515	M2YzZjk2N2NmMmMxNTgyY2YwNTE3ZjhhYTAyN2EyNjlhOGEwYzA2MTp7Il9fY2hhbm5lbHNfbmV4dF9vcmRlciI6N30=	2017-10-13 18:51:35.207837+06
chnc5a8a788d48f969b30332037c9c32	NWZiMDk2ZjE1YTVhMjcyZGE4ODQ4ZDE0YzkxODFkOTY0ZDkwODU5Yjp7Il9fY2hhbm5lbHNfbmV4dF9vcmRlciI6M30=	2017-10-13 18:20:36.042574+06
chn7c8dea05a20292b212c265f9cb7b9	NWZiMDk2ZjE1YTVhMjcyZGE4ODQ4ZDE0YzkxODFkOTY0ZDkwODU5Yjp7Il9fY2hhbm5lbHNfbmV4dF9vcmRlciI6M30=	2017-10-13 18:53:26.673838+06
chn32f86bb761b2e8d99825dddf7063e	NWZiMDk2ZjE1YTVhMjcyZGE4ODQ4ZDE0YzkxODFkOTY0ZDkwODU5Yjp7Il9fY2hhbm5lbHNfbmV4dF9vcmRlciI6M30=	2017-10-13 18:22:45.108057+06
chnc128ad54d5a90bddabd6617d72526	NWZiMDk2ZjE1YTVhMjcyZGE4ODQ4ZDE0YzkxODFkOTY0ZDkwODU5Yjp7Il9fY2hhbm5lbHNfbmV4dF9vcmRlciI6M30=	2017-10-13 18:22:48.234676+06
chn1a55369d1e844e9f81fd5f9e85f29	NWZiMDk2ZjE1YTVhMjcyZGE4ODQ4ZDE0YzkxODFkOTY0ZDkwODU5Yjp7Il9fY2hhbm5lbHNfbmV4dF9vcmRlciI6M30=	2017-10-13 18:53:31.210558+06
chn8c41f73cd77af66824f5e25048384	NWZiMDk2ZjE1YTVhMjcyZGE4ODQ4ZDE0YzkxODFkOTY0ZDkwODU5Yjp7Il9fY2hhbm5lbHNfbmV4dF9vcmRlciI6M30=	2017-10-13 18:23:00.807225+06
chn741fcde6b60447a1f9e24ed507bbb	NWZiMDk2ZjE1YTVhMjcyZGE4ODQ4ZDE0YzkxODFkOTY0ZDkwODU5Yjp7Il9fY2hhbm5lbHNfbmV4dF9vcmRlciI6M30=	2017-10-13 18:53:50.530033+06
chnca007864ab99cc82b5a9bd129eb29	NWZiMDk2ZjE1YTVhMjcyZGE4ODQ4ZDE0YzkxODFkOTY0ZDkwODU5Yjp7Il9fY2hhbm5lbHNfbmV4dF9vcmRlciI6M30=	2017-10-13 18:23:06.987744+06
chn160a3a9697c1240149c128eef8e35	NWZiMDk2ZjE1YTVhMjcyZGE4ODQ4ZDE0YzkxODFkOTY0ZDkwODU5Yjp7Il9fY2hhbm5lbHNfbmV4dF9vcmRlciI6M30=	2017-10-13 19:08:18.393219+06
chn6fceb3fb53e93862d151644e5bb28	MjlhY2YxOGY2N2RmMDljMWFhMzNkOTExYjhhNjdjNjMzNWYzNTdhZDp7Il9fY2hhbm5lbHNfbmV4dF9vcmRlciI6NH0=	2017-10-13 20:18:28.473805+06
chn08c2f58248437db333a49be494cf8	NWZiMDk2ZjE1YTVhMjcyZGE4ODQ4ZDE0YzkxODFkOTY0ZDkwODU5Yjp7Il9fY2hhbm5lbHNfbmV4dF9vcmRlciI6M30=	2017-10-13 18:53:55.176232+06
chn3568779961b269f967ab589733100	NWZiMDk2ZjE1YTVhMjcyZGE4ODQ4ZDE0YzkxODFkOTY0ZDkwODU5Yjp7Il9fY2hhbm5lbHNfbmV4dF9vcmRlciI6M30=	2017-10-13 19:10:32.906062+06
chn746ba8dd1602f102b0ea140eb1c69	NWZiMDk2ZjE1YTVhMjcyZGE4ODQ4ZDE0YzkxODFkOTY0ZDkwODU5Yjp7Il9fY2hhbm5lbHNfbmV4dF9vcmRlciI6M30=	2017-10-13 18:53:59.042066+06
chncdd43d20f822c6e34aaf3946a0178	NWZiMDk2ZjE1YTVhMjcyZGE4ODQ4ZDE0YzkxODFkOTY0ZDkwODU5Yjp7Il9fY2hhbm5lbHNfbmV4dF9vcmRlciI6M30=	2017-10-13 19:10:44.527742+06
chnd17837f0089b2f72f66ca9d81ceb5	NWZiMDk2ZjE1YTVhMjcyZGE4ODQ4ZDE0YzkxODFkOTY0ZDkwODU5Yjp7Il9fY2hhbm5lbHNfbmV4dF9vcmRlciI6M30=	2017-10-13 18:54:03.778363+06
chn650d45a26c43e39a895a7d1f0d729	NWZiMDk2ZjE1YTVhMjcyZGE4ODQ4ZDE0YzkxODFkOTY0ZDkwODU5Yjp7Il9fY2hhbm5lbHNfbmV4dF9vcmRlciI6M30=	2017-10-13 19:15:00.084576+06
chnf07c0a3ecf701c480f993418f5062	NWZiMDk2ZjE1YTVhMjcyZGE4ODQ4ZDE0YzkxODFkOTY0ZDkwODU5Yjp7Il9fY2hhbm5lbHNfbmV4dF9vcmRlciI6M30=	2017-10-13 18:54:20.639281+06
chn95a1fc146e8b1326a482738ca4962	NWZiMDk2ZjE1YTVhMjcyZGE4ODQ4ZDE0YzkxODFkOTY0ZDkwODU5Yjp7Il9fY2hhbm5lbHNfbmV4dF9vcmRlciI6M30=	2017-10-13 19:18:28.839235+06
chnfc1d1bbd95ac1da613a797cf5882b	NWZiMDk2ZjE1YTVhMjcyZGE4ODQ4ZDE0YzkxODFkOTY0ZDkwODU5Yjp7Il9fY2hhbm5lbHNfbmV4dF9vcmRlciI6M30=	2017-10-13 18:54:26.164573+06
chn60b06886c2fbaf936802e2efd38bf	NzRlZDc2ZWI5YTU2ZjlhMDE2OWY2MTRjNTc3MjAzMTZmMzY5ZWU3NTp7Il9fY2hhbm5lbHNfbmV4dF9vcmRlciI6MTR9	2017-10-13 20:22:13.859138+06
chn0a990059a5c10214903e57f378f03	NWZiMDk2ZjE1YTVhMjcyZGE4ODQ4ZDE0YzkxODFkOTY0ZDkwODU5Yjp7Il9fY2hhbm5lbHNfbmV4dF9vcmRlciI6M30=	2017-10-13 18:55:18.837273+06
chnff456ec883615b7aed5314cbc1335	NWZiMDk2ZjE1YTVhMjcyZGE4ODQ4ZDE0YzkxODFkOTY0ZDkwODU5Yjp7Il9fY2hhbm5lbHNfbmV4dF9vcmRlciI6M30=	2017-10-13 19:18:41.164721+06
chn652802e68c6f7ec62c757ca608012	NWZiMDk2ZjE1YTVhMjcyZGE4ODQ4ZDE0YzkxODFkOTY0ZDkwODU5Yjp7Il9fY2hhbm5lbHNfbmV4dF9vcmRlciI6M30=	2017-10-13 18:55:19.654784+06
chn7e925a2d3ec08b194425777efcaf9	NWZiMDk2ZjE1YTVhMjcyZGE4ODQ4ZDE0YzkxODFkOTY0ZDkwODU5Yjp7Il9fY2hhbm5lbHNfbmV4dF9vcmRlciI6M30=	2017-10-13 19:18:50.358376+06
chn577e15214eb32afa8d591356bdb95	NWZiMDk2ZjE1YTVhMjcyZGE4ODQ4ZDE0YzkxODFkOTY0ZDkwODU5Yjp7Il9fY2hhbm5lbHNfbmV4dF9vcmRlciI6M30=	2017-10-13 18:55:21.06706+06
chn927cd79434934b435fdb601827126	NWZiMDk2ZjE1YTVhMjcyZGE4ODQ4ZDE0YzkxODFkOTY0ZDkwODU5Yjp7Il9fY2hhbm5lbHNfbmV4dF9vcmRlciI6M30=	2017-10-13 19:19:46.66261+06
chn0db868518c4be2d9300bb511f0874	NWZiMDk2ZjE1YTVhMjcyZGE4ODQ4ZDE0YzkxODFkOTY0ZDkwODU5Yjp7Il9fY2hhbm5lbHNfbmV4dF9vcmRlciI6M30=	2017-10-13 18:56:42.447303+06
chn15416b3c0ab972709394ede7d13ef	NWZiMDk2ZjE1YTVhMjcyZGE4ODQ4ZDE0YzkxODFkOTY0ZDkwODU5Yjp7Il9fY2hhbm5lbHNfbmV4dF9vcmRlciI6M30=	2017-10-13 18:56:51.460674+06
chn68914b3e261c397118681c3fd1536	NWZiMDk2ZjE1YTVhMjcyZGE4ODQ4ZDE0YzkxODFkOTY0ZDkwODU5Yjp7Il9fY2hhbm5lbHNfbmV4dF9vcmRlciI6M30=	2017-10-13 19:20:04.199133+06
chn701a0d3d73bb2d199989e0e80787c	NWZiMDk2ZjE1YTVhMjcyZGE4ODQ4ZDE0YzkxODFkOTY0ZDkwODU5Yjp7Il9fY2hhbm5lbHNfbmV4dF9vcmRlciI6M30=	2017-10-13 19:24:43.19883+06
chndca916cb14745ec0970d43e057f60	NWZiMDk2ZjE1YTVhMjcyZGE4ODQ4ZDE0YzkxODFkOTY0ZDkwODU5Yjp7Il9fY2hhbm5lbHNfbmV4dF9vcmRlciI6M30=	2017-10-13 19:25:53.553361+06
chn9cf6ea0ac70ac9a241130dfd9aab7	NWZiMDk2ZjE1YTVhMjcyZGE4ODQ4ZDE0YzkxODFkOTY0ZDkwODU5Yjp7Il9fY2hhbm5lbHNfbmV4dF9vcmRlciI6M30=	2017-10-13 19:26:16.314186+06
chn94e2ba79e91915f47e7d03044f23f	NWZiMDk2ZjE1YTVhMjcyZGE4ODQ4ZDE0YzkxODFkOTY0ZDkwODU5Yjp7Il9fY2hhbm5lbHNfbmV4dF9vcmRlciI6M30=	2017-10-13 19:26:28.990494+06
chn3546053e2ea564a86261832352cbc	NWZiMDk2ZjE1YTVhMjcyZGE4ODQ4ZDE0YzkxODFkOTY0ZDkwODU5Yjp7Il9fY2hhbm5lbHNfbmV4dF9vcmRlciI6M30=	2017-10-13 19:26:32.049149+06
chn4c9dc434bf64e68c886f7890365d0	NWZiMDk2ZjE1YTVhMjcyZGE4ODQ4ZDE0YzkxODFkOTY0ZDkwODU5Yjp7Il9fY2hhbm5lbHNfbmV4dF9vcmRlciI6M30=	2017-10-13 19:26:42.846011+06
chn095d0b3d1d03c0ed225215a54ff72	NWZiMDk2ZjE1YTVhMjcyZGE4ODQ4ZDE0YzkxODFkOTY0ZDkwODU5Yjp7Il9fY2hhbm5lbHNfbmV4dF9vcmRlciI6M30=	2017-10-13 19:26:48.604099+06
chn1479263170ebefba6320892a25be7	M2YzZjk2N2NmMmMxNTgyY2YwNTE3ZjhhYTAyN2EyNjlhOGEwYzA2MTp7Il9fY2hhbm5lbHNfbmV4dF9vcmRlciI6N30=	2017-10-13 19:29:20.620852+06
chn6e713afe1b3e1c554b2d544dbce77	N2UzOGQ5NWUzYzI3OTA1MTk0ZTMyODdjMDdhNWVmYTUzZWI5MTA0Njp7Il9fY2hhbm5lbHNfbmV4dF9vcmRlciI6OX0=	2017-10-13 19:30:59.955829+06
chn2fd820725b2a3b69b40af24435914	NDgzZTQ1NDBiZDI2MzgzZjMxMTczYjVmNWM2MjYwMzI5NTlhMTYwMDp7Il9fY2hhbm5lbHNfbmV4dF9vcmRlciI6OH0=	2017-10-13 19:35:43.263233+06
chn1ea0db3fe7ce67971c9e8ac2be6c2	MjlhY2YxOGY2N2RmMDljMWFhMzNkOTExYjhhNjdjNjMzNWYzNTdhZDp7Il9fY2hhbm5lbHNfbmV4dF9vcmRlciI6NH0=	2017-10-13 19:36:45.249554+06
chn2f6c42eb9988c3ac40f7c947abba1	ZTc5NmUxMWUwZjc1NmIxMDVkNGMxMjg5ODIxYTdhYjc5OTk1MjIzODp7Il9fY2hhbm5lbHNfbmV4dF9vcmRlciI6NX0=	2017-10-13 19:36:55.984568+06
chna45bb6dc9ff0454ef7bc9968ec213	OTA3MWI5NDBlYjViYmVlZjg0YmRjZjFhZDQ0ZGI3ZjNjYzdlYjI3ZDp7Il9fY2hhbm5lbHNfbmV4dF9vcmRlciI6Nn0=	2017-10-13 19:44:00.977638+06
chn543142e00fab1cfaaa66678e951b1	M2YzZjk2N2NmMmMxNTgyY2YwNTE3ZjhhYTAyN2EyNjlhOGEwYzA2MTp7Il9fY2hhbm5lbHNfbmV4dF9vcmRlciI6N30=	2017-10-13 19:48:01.916977+06
chn8195056b82c0e7c4e93c841ec10b7	MjlhY2YxOGY2N2RmMDljMWFhMzNkOTExYjhhNjdjNjMzNWYzNTdhZDp7Il9fY2hhbm5lbHNfbmV4dF9vcmRlciI6NH0=	2017-10-13 19:48:32.857536+06
chna609f080a4e12eb6be050e21904ad	MjlhY2YxOGY2N2RmMDljMWFhMzNkOTExYjhhNjdjNjMzNWYzNTdhZDp7Il9fY2hhbm5lbHNfbmV4dF9vcmRlciI6NH0=	2017-10-13 19:49:47.650897+06
chn2192a2c0b12ca69d2fb6e34d61f94	OTA3MWI5NDBlYjViYmVlZjg0YmRjZjFhZDQ0ZGI3ZjNjYzdlYjI3ZDp7Il9fY2hhbm5lbHNfbmV4dF9vcmRlciI6Nn0=	2017-10-13 19:50:38.413241+06
chn3783d0758c2df0eb122f8f0ada494	NWZiMDk2ZjE1YTVhMjcyZGE4ODQ4ZDE0YzkxODFkOTY0ZDkwODU5Yjp7Il9fY2hhbm5lbHNfbmV4dF9vcmRlciI6M30=	2017-10-13 19:50:48.031616+06
chndab4ce6eaa5f5e40b78fbff012d49	NWZiMDk2ZjE1YTVhMjcyZGE4ODQ4ZDE0YzkxODFkOTY0ZDkwODU5Yjp7Il9fY2hhbm5lbHNfbmV4dF9vcmRlciI6M30=	2017-10-13 19:57:40.636057+06
chn6ac90f5a3586aa0d90ce5f0a933f9	NWZiMDk2ZjE1YTVhMjcyZGE4ODQ4ZDE0YzkxODFkOTY0ZDkwODU5Yjp7Il9fY2hhbm5lbHNfbmV4dF9vcmRlciI6M30=	2017-10-13 20:15:28.909354+06
chn2693cb78c57b4825cd3004801a1e3	NWZiMDk2ZjE1YTVhMjcyZGE4ODQ4ZDE0YzkxODFkOTY0ZDkwODU5Yjp7Il9fY2hhbm5lbHNfbmV4dF9vcmRlciI6M30=	2017-10-13 20:15:42.743113+06
chnc20a4de92f2cacfe2697855b29fc5	NWZiMDk2ZjE1YTVhMjcyZGE4ODQ4ZDE0YzkxODFkOTY0ZDkwODU5Yjp7Il9fY2hhbm5lbHNfbmV4dF9vcmRlciI6M30=	2017-10-13 20:16:57.558111+06
chne15a6cfdcd1b100223014907e142e	NWZiMDk2ZjE1YTVhMjcyZGE4ODQ4ZDE0YzkxODFkOTY0ZDkwODU5Yjp7Il9fY2hhbm5lbHNfbmV4dF9vcmRlciI6M30=	2017-10-13 20:17:14.084352+06
chn5c9ca9ddcac04ba1e815637c8ce9f	NWZiMDk2ZjE1YTVhMjcyZGE4ODQ4ZDE0YzkxODFkOTY0ZDkwODU5Yjp7Il9fY2hhbm5lbHNfbmV4dF9vcmRlciI6M30=	2017-10-13 20:17:29.860269+06
chncbe52273f1f71daf77789fc552bea	MjlhY2YxOGY2N2RmMDljMWFhMzNkOTExYjhhNjdjNjMzNWYzNTdhZDp7Il9fY2hhbm5lbHNfbmV4dF9vcmRlciI6NH0=	2017-10-14 12:10:58.871716+06
chnae4bc2915355b3485d522f13df7e3	NWZiMDk2ZjE1YTVhMjcyZGE4ODQ4ZDE0YzkxODFkOTY0ZDkwODU5Yjp7Il9fY2hhbm5lbHNfbmV4dF9vcmRlciI6M30=	2017-10-13 20:22:16.618709+06
chn11340f2c4ffae2df0dcc74c572bb8	MjlhY2YxOGY2N2RmMDljMWFhMzNkOTExYjhhNjdjNjMzNWYzNTdhZDp7Il9fY2hhbm5lbHNfbmV4dF9vcmRlciI6NH0=	2017-10-14 21:53:06.354438+06
chn63839991c6b5a5ec5287094d5d546	NWZiMDk2ZjE1YTVhMjcyZGE4ODQ4ZDE0YzkxODFkOTY0ZDkwODU5Yjp7Il9fY2hhbm5lbHNfbmV4dF9vcmRlciI6M30=	2017-10-14 12:13:23.17628+06
chnffd587169586205b69510c148fbb2	NWZiMDk2ZjE1YTVhMjcyZGE4ODQ4ZDE0YzkxODFkOTY0ZDkwODU5Yjp7Il9fY2hhbm5lbHNfbmV4dF9vcmRlciI6M30=	2017-10-14 21:07:00.66813+06
chn6aa8f3eb03778fdae82011df8a19e	NWZiMDk2ZjE1YTVhMjcyZGE4ODQ4ZDE0YzkxODFkOTY0ZDkwODU5Yjp7Il9fY2hhbm5lbHNfbmV4dF9vcmRlciI6M30=	2017-10-14 21:10:06.124001+06
chnd89fae849c8578dd4aeab5c4ddf8a	M2YzZjk2N2NmMmMxNTgyY2YwNTE3ZjhhYTAyN2EyNjlhOGEwYzA2MTp7Il9fY2hhbm5lbHNfbmV4dF9vcmRlciI6N30=	2017-10-14 21:53:41.214303+06
chn767e3b11e5aa41f026c9e21b8d2e4	MjlhY2YxOGY2N2RmMDljMWFhMzNkOTExYjhhNjdjNjMzNWYzNTdhZDp7Il9fY2hhbm5lbHNfbmV4dF9vcmRlciI6NH0=	2017-10-14 21:53:53.981325+06
chn347435f0844a0bdfe009caea92566	NWZiMDk2ZjE1YTVhMjcyZGE4ODQ4ZDE0YzkxODFkOTY0ZDkwODU5Yjp7Il9fY2hhbm5lbHNfbmV4dF9vcmRlciI6M30=	2017-10-14 21:10:33.85245+06
chn510f4c938bbc2a87f4d8b134f4b16	M2YzZjk2N2NmMmMxNTgyY2YwNTE3ZjhhYTAyN2EyNjlhOGEwYzA2MTp7Il9fY2hhbm5lbHNfbmV4dF9vcmRlciI6N30=	2017-10-14 21:54:03.36855+06
chnd5a86fba0fe8517ed6d9e9c0d00bb	ODQzY2FjYjEyZjJkMWI0Mjg5Y2UwYmNhNjAyYmJiMWVjNmJmMGVlYTp7Il9fY2hhbm5lbHNfbmV4dF9vcmRlciI6Mn0=	2017-10-14 21:10:40.226391+06
chna3962c0b179ff23e00bc856d5f481	OTA3MWI5NDBlYjViYmVlZjg0YmRjZjFhZDQ0ZGI3ZjNjYzdlYjI3ZDp7Il9fY2hhbm5lbHNfbmV4dF9vcmRlciI6Nn0=	2017-10-14 21:55:01.733906+06
chn41f7a3cb956d300e53b352d2201b7	NWZiMDk2ZjE1YTVhMjcyZGE4ODQ4ZDE0YzkxODFkOTY0ZDkwODU5Yjp7Il9fY2hhbm5lbHNfbmV4dF9vcmRlciI6M30=	2017-10-14 21:15:14.048221+06
chn85d838762d61cbf83af29d6a5b077	ZTc5NmUxMWUwZjc1NmIxMDVkNGMxMjg5ODIxYTdhYjc5OTk1MjIzODp7Il9fY2hhbm5lbHNfbmV4dF9vcmRlciI6NX0=	2017-10-14 21:56:10.167294+06
chn4ed3e07ac793bab5dc4528e505606	NWZiMDk2ZjE1YTVhMjcyZGE4ODQ4ZDE0YzkxODFkOTY0ZDkwODU5Yjp7Il9fY2hhbm5lbHNfbmV4dF9vcmRlciI6M30=	2017-10-14 22:00:50.946965+06
chnbd9d698777e2672ae513e2988637c	NWZiMDk2ZjE1YTVhMjcyZGE4ODQ4ZDE0YzkxODFkOTY0ZDkwODU5Yjp7Il9fY2hhbm5lbHNfbmV4dF9vcmRlciI6M30=	2017-10-14 21:26:22.15841+06
chn5964d47af371799cd8730c4a1ed79	NWZiMDk2ZjE1YTVhMjcyZGE4ODQ4ZDE0YzkxODFkOTY0ZDkwODU5Yjp7Il9fY2hhbm5lbHNfbmV4dF9vcmRlciI6M30=	2017-10-14 21:28:12.036172+06
chnc58756e39c5ef78d047523b1fc3fe	NWZiMDk2ZjE1YTVhMjcyZGE4ODQ4ZDE0YzkxODFkOTY0ZDkwODU5Yjp7Il9fY2hhbm5lbHNfbmV4dF9vcmRlciI6M30=	2017-10-14 21:29:02.975399+06
chn4ec4fb63a5bc4a99f448d1386b513	OTA3MWI5NDBlYjViYmVlZjg0YmRjZjFhZDQ0ZGI3ZjNjYzdlYjI3ZDp7Il9fY2hhbm5lbHNfbmV4dF9vcmRlciI6Nn0=	2017-10-14 21:29:23.018962+06
chn77052a701df6f6bfe74158b11521e	NWZiMDk2ZjE1YTVhMjcyZGE4ODQ4ZDE0YzkxODFkOTY0ZDkwODU5Yjp7Il9fY2hhbm5lbHNfbmV4dF9vcmRlciI6M30=	2017-10-14 21:32:43.822044+06
chn4875eb5ea4c6acb9ff136315c9cff	NWU3YjQzZDY4M2FkMjg4NTlhNGQ0OGIwOTkzZTRkYmNhNzY3NTM0NDp7Il9fY2hhbm5lbHNfbmV4dF9vcmRlciI6MTB9	2017-10-14 22:18:50.732634+06
chndb7e3474f1b7c53e4edc5fc391155	NWZiMDk2ZjE1YTVhMjcyZGE4ODQ4ZDE0YzkxODFkOTY0ZDkwODU5Yjp7Il9fY2hhbm5lbHNfbmV4dF9vcmRlciI6M30=	2017-10-14 21:32:49.446052+06
chne67d114ca0445677f3c10bed6cbd7	NWZiMDk2ZjE1YTVhMjcyZGE4ODQ4ZDE0YzkxODFkOTY0ZDkwODU5Yjp7Il9fY2hhbm5lbHNfbmV4dF9vcmRlciI6M30=	2017-10-14 22:23:26.239263+06
chnf65d97b45683fc70ced045087f5af	NWZiMDk2ZjE1YTVhMjcyZGE4ODQ4ZDE0YzkxODFkOTY0ZDkwODU5Yjp7Il9fY2hhbm5lbHNfbmV4dF9vcmRlciI6M30=	2017-10-14 21:39:01.999671+06
chn5b5ba9c713867a27a8c25c04963b9	NWZiMDk2ZjE1YTVhMjcyZGE4ODQ4ZDE0YzkxODFkOTY0ZDkwODU5Yjp7Il9fY2hhbm5lbHNfbmV4dF9vcmRlciI6M30=	2017-10-14 21:40:56.702793+06
chn2edff79988c7a3952b880a12ef220	NWZiMDk2ZjE1YTVhMjcyZGE4ODQ4ZDE0YzkxODFkOTY0ZDkwODU5Yjp7Il9fY2hhbm5lbHNfbmV4dF9vcmRlciI6M30=	2017-10-14 22:24:33.475819+06
chn979396a6bd1846d717e2ff092a748	NWZiMDk2ZjE1YTVhMjcyZGE4ODQ4ZDE0YzkxODFkOTY0ZDkwODU5Yjp7Il9fY2hhbm5lbHNfbmV4dF9vcmRlciI6M30=	2017-10-14 21:41:46.099561+06
chnb84ec2aeb114e8b727d67d4c505c5	NWZiMDk2ZjE1YTVhMjcyZGE4ODQ4ZDE0YzkxODFkOTY0ZDkwODU5Yjp7Il9fY2hhbm5lbHNfbmV4dF9vcmRlciI6M30=	2017-10-14 22:27:14.361835+06
chn8ea4410c1964ee4817e06bd51fe4d	NWZiMDk2ZjE1YTVhMjcyZGE4ODQ4ZDE0YzkxODFkOTY0ZDkwODU5Yjp7Il9fY2hhbm5lbHNfbmV4dF9vcmRlciI6M30=	2017-10-14 21:43:06.155804+06
chn4f6493080cffd4d6d0b38516791ae	NWZiMDk2ZjE1YTVhMjcyZGE4ODQ4ZDE0YzkxODFkOTY0ZDkwODU5Yjp7Il9fY2hhbm5lbHNfbmV4dF9vcmRlciI6M30=	2017-10-14 22:28:28.142369+06
chn92900b3872e10c747f107b189dc8d	NWZiMDk2ZjE1YTVhMjcyZGE4ODQ4ZDE0YzkxODFkOTY0ZDkwODU5Yjp7Il9fY2hhbm5lbHNfbmV4dF9vcmRlciI6M30=	2017-10-14 21:44:02.715127+06
chn5424373cb0f23498cc61167e50aa0	NWZiMDk2ZjE1YTVhMjcyZGE4ODQ4ZDE0YzkxODFkOTY0ZDkwODU5Yjp7Il9fY2hhbm5lbHNfbmV4dF9vcmRlciI6M30=	2017-10-14 21:44:17.503603+06
chn7c82c568c3c264e13fe8c8b94b0e5	M2YzZjk2N2NmMmMxNTgyY2YwNTE3ZjhhYTAyN2EyNjlhOGEwYzA2MTp7Il9fY2hhbm5lbHNfbmV4dF9vcmRlciI6N30=	2017-10-14 22:32:21.464607+06
chn5b17aac616bafaf5b153868b0844f	M2YzZjk2N2NmMmMxNTgyY2YwNTE3ZjhhYTAyN2EyNjlhOGEwYzA2MTp7Il9fY2hhbm5lbHNfbmV4dF9vcmRlciI6N30=	2017-10-14 21:46:39.34299+06
chnb71ea0aa95bc6467326d76b775281	NWZiMDk2ZjE1YTVhMjcyZGE4ODQ4ZDE0YzkxODFkOTY0ZDkwODU5Yjp7Il9fY2hhbm5lbHNfbmV4dF9vcmRlciI6M30=	2017-10-14 21:46:44.133651+06
chnae01ed5b0bdd98ff68287bb32ec7a	NDgzZTQ1NDBiZDI2MzgzZjMxMTczYjVmNWM2MjYwMzI5NTlhMTYwMDp7Il9fY2hhbm5lbHNfbmV4dF9vcmRlciI6OH0=	2017-10-14 22:32:37.622382+06
chn4eeee230a78a17f5c5d5837d15db2	NWZiMDk2ZjE1YTVhMjcyZGE4ODQ4ZDE0YzkxODFkOTY0ZDkwODU5Yjp7Il9fY2hhbm5lbHNfbmV4dF9vcmRlciI6M30=	2017-10-14 21:48:26.584768+06
chn5275b5ff6829b3cda8e1a4905244f	MjlhY2YxOGY2N2RmMDljMWFhMzNkOTExYjhhNjdjNjMzNWYzNTdhZDp7Il9fY2hhbm5lbHNfbmV4dF9vcmRlciI6NH0=	2017-10-14 21:49:03.859184+06
chn90d55212efdbf15ee72a2ba78cc0a	NDgzZTQ1NDBiZDI2MzgzZjMxMTczYjVmNWM2MjYwMzI5NTlhMTYwMDp7Il9fY2hhbm5lbHNfbmV4dF9vcmRlciI6OH0=	2017-10-14 22:32:58.665328+06
chn8a065635257af721c79fe4e2b68da	MjlhY2YxOGY2N2RmMDljMWFhMzNkOTExYjhhNjdjNjMzNWYzNTdhZDp7Il9fY2hhbm5lbHNfbmV4dF9vcmRlciI6NH0=	2017-10-14 21:49:29.360217+06
chn31ea938e428dad7470408c362cbb6	MjlhY2YxOGY2N2RmMDljMWFhMzNkOTExYjhhNjdjNjMzNWYzNTdhZDp7Il9fY2hhbm5lbHNfbmV4dF9vcmRlciI6NH0=	2017-10-14 21:49:45.663264+06
chnf5c7b0a51df1a166413deec24b86b	MjlhY2YxOGY2N2RmMDljMWFhMzNkOTExYjhhNjdjNjMzNWYzNTdhZDp7Il9fY2hhbm5lbHNfbmV4dF9vcmRlciI6NH0=	2017-10-14 21:50:03.145389+06
chn05c57d0c533b62270292773abcbb6	NWZiMDk2ZjE1YTVhMjcyZGE4ODQ4ZDE0YzkxODFkOTY0ZDkwODU5Yjp7Il9fY2hhbm5lbHNfbmV4dF9vcmRlciI6M30=	2017-10-14 22:33:15.525584+06
chn38b220c44abda2093fd3657a9f77e	MjlhY2YxOGY2N2RmMDljMWFhMzNkOTExYjhhNjdjNjMzNWYzNTdhZDp7Il9fY2hhbm5lbHNfbmV4dF9vcmRlciI6NH0=	2017-10-14 21:51:13.752319+06
chn5f94b5af80327adba21ede88b1e42	ZTc5NmUxMWUwZjc1NmIxMDVkNGMxMjg5ODIxYTdhYjc5OTk1MjIzODp7Il9fY2hhbm5lbHNfbmV4dF9vcmRlciI6NX0=	2017-10-14 22:33:40.435461+06
chnca0aa1273434bf8a2ab5daac04e05	NWU3YjQzZDY4M2FkMjg4NTlhNGQ0OGIwOTkzZTRkYmNhNzY3NTM0NDp7Il9fY2hhbm5lbHNfbmV4dF9vcmRlciI6MTB9	2017-10-14 22:35:46.830038+06
chn6c0f21c470f3c4b3cb17f77169883	MjlhY2YxOGY2N2RmMDljMWFhMzNkOTExYjhhNjdjNjMzNWYzNTdhZDp7Il9fY2hhbm5lbHNfbmV4dF9vcmRlciI6NH0=	2017-10-14 12:10:41.454576+06
chn30a29a9db4c8e99f9a50fed1b8070	ODQzY2FjYjEyZjJkMWI0Mjg5Y2UwYmNhNjAyYmJiMWVjNmJmMGVlYTp7Il9fY2hhbm5lbHNfbmV4dF9vcmRlciI6Mn0=	2017-10-14 12:12:34.48236+06
chn212364edb9cb1a87325aeecd9cacd	NWZiMDk2ZjE1YTVhMjcyZGE4ODQ4ZDE0YzkxODFkOTY0ZDkwODU5Yjp7Il9fY2hhbm5lbHNfbmV4dF9vcmRlciI6M30=	2017-10-14 12:13:32.325276+06
chndda6d4bcc38bf80bf34282bda4a3b	NWZiMDk2ZjE1YTVhMjcyZGE4ODQ4ZDE0YzkxODFkOTY0ZDkwODU5Yjp7Il9fY2hhbm5lbHNfbmV4dF9vcmRlciI6M30=	2017-10-14 21:09:52.043207+06
chn53abc5484781fdfc6234a9458b348	NzRlZDc2ZWI5YTU2ZjlhMDE2OWY2MTRjNTc3MjAzMTZmMzY5ZWU3NTp7Il9fY2hhbm5lbHNfbmV4dF9vcmRlciI6MTR9	2017-10-13 20:51:30.086548+06
chnbbb40540e142995a77a061ca8445f	ODQzY2FjYjEyZjJkMWI0Mjg5Y2UwYmNhNjAyYmJiMWVjNmJmMGVlYTp7Il9fY2hhbm5lbHNfbmV4dF9vcmRlciI6Mn0=	2017-10-13 20:52:42.414553+06
chna79bba99e300f7729a1f46bb75da8	NWZiMDk2ZjE1YTVhMjcyZGE4ODQ4ZDE0YzkxODFkOTY0ZDkwODU5Yjp7Il9fY2hhbm5lbHNfbmV4dF9vcmRlciI6M30=	2017-10-14 21:10:26.314835+06
chn797d9343d844aa5b41355a7d2e841	ODQzY2FjYjEyZjJkMWI0Mjg5Y2UwYmNhNjAyYmJiMWVjNmJmMGVlYTp7Il9fY2hhbm5lbHNfbmV4dF9vcmRlciI6Mn0=	2017-10-13 20:53:08.870205+06
chn4ca5e7963d5c775a1663d5cd73fb8	NWZiMDk2ZjE1YTVhMjcyZGE4ODQ4ZDE0YzkxODFkOTY0ZDkwODU5Yjp7Il9fY2hhbm5lbHNfbmV4dF9vcmRlciI6M30=	2017-10-14 21:10:40.018795+06
chn0a364194180484a384cc432ef6444	ZTc5NmUxMWUwZjc1NmIxMDVkNGMxMjg5ODIxYTdhYjc5OTk1MjIzODp7Il9fY2hhbm5lbHNfbmV4dF9vcmRlciI6NX0=	2017-10-13 22:19:28.446611+06
chn85641bc9b21e473a491a6d8ed5f80	NWZiMDk2ZjE1YTVhMjcyZGE4ODQ4ZDE0YzkxODFkOTY0ZDkwODU5Yjp7Il9fY2hhbm5lbHNfbmV4dF9vcmRlciI6M30=	2017-10-14 21:14:51.166107+06
chnac6b7cb8d06937cba4056ea2bf174	NWZiMDk2ZjE1YTVhMjcyZGE4ODQ4ZDE0YzkxODFkOTY0ZDkwODU5Yjp7Il9fY2hhbm5lbHNfbmV4dF9vcmRlciI6M30=	2017-10-13 22:20:35.275806+06
chn0bba41011372cb40240549b022ee4	NWZiMDk2ZjE1YTVhMjcyZGE4ODQ4ZDE0YzkxODFkOTY0ZDkwODU5Yjp7Il9fY2hhbm5lbHNfbmV4dF9vcmRlciI6M30=	2017-10-14 21:15:02.682352+06
chn4d2fc28c201b4e2c3ee866eba301a	NWZiMDk2ZjE1YTVhMjcyZGE4ODQ4ZDE0YzkxODFkOTY0ZDkwODU5Yjp7Il9fY2hhbm5lbHNfbmV4dF9vcmRlciI6M30=	2017-10-13 22:20:42.660373+06
chn11577b41ded4970a4869165bc9725	NWZiMDk2ZjE1YTVhMjcyZGE4ODQ4ZDE0YzkxODFkOTY0ZDkwODU5Yjp7Il9fY2hhbm5lbHNfbmV4dF9vcmRlciI6M30=	2017-10-13 22:21:12.443382+06
chn8a81d6667b56d027f42677af979f4	NWZiMDk2ZjE1YTVhMjcyZGE4ODQ4ZDE0YzkxODFkOTY0ZDkwODU5Yjp7Il9fY2hhbm5lbHNfbmV4dF9vcmRlciI6M30=	2017-10-14 21:25:23.006439+06
chn240ebbc077b498472f8355c4588d5	NWZiMDk2ZjE1YTVhMjcyZGE4ODQ4ZDE0YzkxODFkOTY0ZDkwODU5Yjp7Il9fY2hhbm5lbHNfbmV4dF9vcmRlciI6M30=	2017-10-13 22:23:37.416118+06
chn67a2b22637216ea49fe32cfca05c8	NWZiMDk2ZjE1YTVhMjcyZGE4ODQ4ZDE0YzkxODFkOTY0ZDkwODU5Yjp7Il9fY2hhbm5lbHNfbmV4dF9vcmRlciI6M30=	2017-10-14 21:27:38.370484+06
chn730e9215c0327a00b9eb8b67a0858	NWZiMDk2ZjE1YTVhMjcyZGE4ODQ4ZDE0YzkxODFkOTY0ZDkwODU5Yjp7Il9fY2hhbm5lbHNfbmV4dF9vcmRlciI6M30=	2017-10-13 22:24:03.975619+06
chn89c098e17981453f2ec7270baef6a	NWZiMDk2ZjE1YTVhMjcyZGE4ODQ4ZDE0YzkxODFkOTY0ZDkwODU5Yjp7Il9fY2hhbm5lbHNfbmV4dF9vcmRlciI6M30=	2017-10-14 21:28:55.276144+06
chna8f461cadaac4ccdbfb07719bec10	NWZiMDk2ZjE1YTVhMjcyZGE4ODQ4ZDE0YzkxODFkOTY0ZDkwODU5Yjp7Il9fY2hhbm5lbHNfbmV4dF9vcmRlciI6M30=	2017-10-13 22:24:06.665513+06
chn8fcbc13f2b05988a88d355eb72983	NWZiMDk2ZjE1YTVhMjcyZGE4ODQ4ZDE0YzkxODFkOTY0ZDkwODU5Yjp7Il9fY2hhbm5lbHNfbmV4dF9vcmRlciI6M30=	2017-10-14 21:29:14.172808+06
chnb4c57cdd214bf8312e7922cab5351	ZTc5NmUxMWUwZjc1NmIxMDVkNGMxMjg5ODIxYTdhYjc5OTk1MjIzODp7Il9fY2hhbm5lbHNfbmV4dF9vcmRlciI6NX0=	2017-10-13 22:24:54.183418+06
chnf75797a48ca63bb52d119922f158f	NWZiMDk2ZjE1YTVhMjcyZGE4ODQ4ZDE0YzkxODFkOTY0ZDkwODU5Yjp7Il9fY2hhbm5lbHNfbmV4dF9vcmRlciI6M30=	2017-10-13 22:25:04.525738+06
chn173014cac97d0878d7c3f300b5e6a	NWZiMDk2ZjE1YTVhMjcyZGE4ODQ4ZDE0YzkxODFkOTY0ZDkwODU5Yjp7Il9fY2hhbm5lbHNfbmV4dF9vcmRlciI6M30=	2017-10-14 21:36:08.749055+06
chn17b5953909358ad61d30f3912dfed	NWZiMDk2ZjE1YTVhMjcyZGE4ODQ4ZDE0YzkxODFkOTY0ZDkwODU5Yjp7Il9fY2hhbm5lbHNfbmV4dF9vcmRlciI6M30=	2017-10-13 22:25:06.003943+06
chn35ed8f19e37f9486c6877c3566d9d	NWZiMDk2ZjE1YTVhMjcyZGE4ODQ4ZDE0YzkxODFkOTY0ZDkwODU5Yjp7Il9fY2hhbm5lbHNfbmV4dF9vcmRlciI6M30=	2017-10-13 22:25:10.590023+06
chnfd7e890fb1b5f7a96b433829aa91d	NWZiMDk2ZjE1YTVhMjcyZGE4ODQ4ZDE0YzkxODFkOTY0ZDkwODU5Yjp7Il9fY2hhbm5lbHNfbmV4dF9vcmRlciI6M30=	2017-10-14 21:40:32.586421+06
chn11ac3fffbbce76fd9ddff1e95e89c	NWZiMDk2ZjE1YTVhMjcyZGE4ODQ4ZDE0YzkxODFkOTY0ZDkwODU5Yjp7Il9fY2hhbm5lbHNfbmV4dF9vcmRlciI6M30=	2017-10-13 22:26:01.481138+06
chn451c09586cd1fba34bff79ca5e752	NWZiMDk2ZjE1YTVhMjcyZGE4ODQ4ZDE0YzkxODFkOTY0ZDkwODU5Yjp7Il9fY2hhbm5lbHNfbmV4dF9vcmRlciI6M30=	2017-10-14 21:41:40.112608+06
chndcf418830298f6975d2838af0b9e8	ZTc5NmUxMWUwZjc1NmIxMDVkNGMxMjg5ODIxYTdhYjc5OTk1MjIzODp7Il9fY2hhbm5lbHNfbmV4dF9vcmRlciI6NX0=	2017-10-13 22:29:02.23642+06
chn2645ccb998ee287262e20b1881bcb	NWZiMDk2ZjE1YTVhMjcyZGE4ODQ4ZDE0YzkxODFkOTY0ZDkwODU5Yjp7Il9fY2hhbm5lbHNfbmV4dF9vcmRlciI6M30=	2017-10-14 21:42:32.753375+06
chn14fb01a3d3c64d4043e3cf9443784	MjlhY2YxOGY2N2RmMDljMWFhMzNkOTExYjhhNjdjNjMzNWYzNTdhZDp7Il9fY2hhbm5lbHNfbmV4dF9vcmRlciI6NH0=	2017-10-13 22:29:11.526845+06
chn2281bc3e0a58de838cddff0a25a7d	NWZiMDk2ZjE1YTVhMjcyZGE4ODQ4ZDE0YzkxODFkOTY0ZDkwODU5Yjp7Il9fY2hhbm5lbHNfbmV4dF9vcmRlciI6M30=	2017-10-14 21:43:52.636342+06
chn425df5947b13095b698d1cf50cb96	NWZiMDk2ZjE1YTVhMjcyZGE4ODQ4ZDE0YzkxODFkOTY0ZDkwODU5Yjp7Il9fY2hhbm5lbHNfbmV4dF9vcmRlciI6M30=	2017-10-14 21:44:29.51958+06
chn4b405fcfedb74cf9675ac79d41959	MjlhY2YxOGY2N2RmMDljMWFhMzNkOTExYjhhNjdjNjMzNWYzNTdhZDp7Il9fY2hhbm5lbHNfbmV4dF9vcmRlciI6NH0=	2017-10-13 22:29:40.593095+06
chn443dcc3408ba9dbb0c8d95a192552	MjlhY2YxOGY2N2RmMDljMWFhMzNkOTExYjhhNjdjNjMzNWYzNTdhZDp7Il9fY2hhbm5lbHNfbmV4dF9vcmRlciI6NH0=	2017-10-13 22:30:11.674179+06
chn0b88bf715545582dc4f397d59dd8f	MjlhY2YxOGY2N2RmMDljMWFhMzNkOTExYjhhNjdjNjMzNWYzNTdhZDp7Il9fY2hhbm5lbHNfbmV4dF9vcmRlciI6NH0=	2017-10-13 22:30:31.65537+06
chn4d0bc36add145486f13a6e50f7740	MjlhY2YxOGY2N2RmMDljMWFhMzNkOTExYjhhNjdjNjMzNWYzNTdhZDp7Il9fY2hhbm5lbHNfbmV4dF9vcmRlciI6NH0=	2017-10-13 22:31:51.116896+06
chneac710c57117a98be5fab5cc1fc42	NDgzZTQ1NDBiZDI2MzgzZjMxMTczYjVmNWM2MjYwMzI5NTlhMTYwMDp7Il9fY2hhbm5lbHNfbmV4dF9vcmRlciI6OH0=	2017-10-13 22:43:38.382217+06
chn7b8500c49a9b47f8a68059f549409	OTA3MWI5NDBlYjViYmVlZjg0YmRjZjFhZDQ0ZGI3ZjNjYzdlYjI3ZDp7Il9fY2hhbm5lbHNfbmV4dF9vcmRlciI6Nn0=	2017-10-13 22:44:00.890844+06
chn92a1129ed3373bacec40654f8725a	OTA3MWI5NDBlYjViYmVlZjg0YmRjZjFhZDQ0ZGI3ZjNjYzdlYjI3ZDp7Il9fY2hhbm5lbHNfbmV4dF9vcmRlciI6Nn0=	2017-10-14 11:57:23.843835+06
chn63ca2fcfc34de5a5ed38b79054e9c	ZTc5NmUxMWUwZjc1NmIxMDVkNGMxMjg5ODIxYTdhYjc5OTk1MjIzODp7Il9fY2hhbm5lbHNfbmV4dF9vcmRlciI6NX0=	2017-10-14 11:57:23.852507+06
chn7ec7bf716c07b18a3bab8c62fe5ce	ZTc5NmUxMWUwZjc1NmIxMDVkNGMxMjg5ODIxYTdhYjc5OTk1MjIzODp7Il9fY2hhbm5lbHNfbmV4dF9vcmRlciI6NX0=	2017-10-14 12:05:58.336661+06
chn4a1a0b39e2096feba18ab9fbfe212	ZTc5NmUxMWUwZjc1NmIxMDVkNGMxMjg5ODIxYTdhYjc5OTk1MjIzODp7Il9fY2hhbm5lbHNfbmV4dF9vcmRlciI6NX0=	2017-10-14 12:06:54.282493+06
chna587f88097c80dac0f91392c75c63	NWZiMDk2ZjE1YTVhMjcyZGE4ODQ4ZDE0YzkxODFkOTY0ZDkwODU5Yjp7Il9fY2hhbm5lbHNfbmV4dF9vcmRlciI6M30=	2017-10-14 12:09:43.735232+06
chnffc3bfdd307c32ad542646990b580	NWZiMDk2ZjE1YTVhMjcyZGE4ODQ4ZDE0YzkxODFkOTY0ZDkwODU5Yjp7Il9fY2hhbm5lbHNfbmV4dF9vcmRlciI6M30=	2017-10-14 22:35:59.450228+06
chn20828080ad51c60474934910604a3	NWZiMDk2ZjE1YTVhMjcyZGE4ODQ4ZDE0YzkxODFkOTY0ZDkwODU5Yjp7Il9fY2hhbm5lbHNfbmV4dF9vcmRlciI6M30=	2017-10-14 22:37:08.292405+06
chn3713aeea5c5822df217c456fbc2c0	NWZiMDk2ZjE1YTVhMjcyZGE4ODQ4ZDE0YzkxODFkOTY0ZDkwODU5Yjp7Il9fY2hhbm5lbHNfbmV4dF9vcmRlciI6M30=	2017-10-14 23:23:28.95551+06
chn088a63592a0afc8910cec853acd91	NWZiMDk2ZjE1YTVhMjcyZGE4ODQ4ZDE0YzkxODFkOTY0ZDkwODU5Yjp7Il9fY2hhbm5lbHNfbmV4dF9vcmRlciI6M30=	2017-10-14 23:23:54.547329+06
chnb03f1565a966ec0907b36559cb801	NWZiMDk2ZjE1YTVhMjcyZGE4ODQ4ZDE0YzkxODFkOTY0ZDkwODU5Yjp7Il9fY2hhbm5lbHNfbmV4dF9vcmRlciI6M30=	2017-10-14 23:24:27.691423+06
chn8c11414d1e2fbe59767b04d2fd257	NWZiMDk2ZjE1YTVhMjcyZGE4ODQ4ZDE0YzkxODFkOTY0ZDkwODU5Yjp7Il9fY2hhbm5lbHNfbmV4dF9vcmRlciI6M30=	2017-10-14 23:24:42.55811+06
chn57ddddab5436d8eddf496d37f013f	M2YzZjk2N2NmMmMxNTgyY2YwNTE3ZjhhYTAyN2EyNjlhOGEwYzA2MTp7Il9fY2hhbm5lbHNfbmV4dF9vcmRlciI6N30=	2017-10-15 02:35:11.288282+06
\.


--
-- Name: products_categories_id_seq; Type: SEQUENCE SET; Schema: public; Owner: nobel
--

SELECT pg_catalog.setval('products_categories_id_seq', 4, true);


--
-- Data for Name: products_category; Type: TABLE DATA; Schema: public; Owner: nobel
--

COPY products_category (id, category, count) FROM stdin;
1	Sunglasses	0
2	Smartphones	0
3	TV	0
4	Shoes-Men	0
\.


--
-- Data for Name: products_product; Type: TABLE DATA; Schema: public; Owner: nobel
--

COPY products_product (id, name, slug, company, description, price, added_date, available_quantity, image, size_id, category_id) FROM stdin;
4	3D TV	1hC8XGuUT68e	Sony	50 Inch TV. Lorem ipsum dolor sit amet, consectetuer adipiscing elit. Aenean commodo ligula eget dolor. Aenean massa. Cum sociis natoque penatibus et magnis dis parturient montes, nascetur ridiculus mus. Donec quam felis, ultricies nec, pellentesque eu, pretium quis, sem. Nulla consequat massa quis enim. Donec.	66000	2017-06-29 13:13:02.141549+06	23	product_images/sony_KDL-50W800C_3D.jpg	\N	3
5	All Star Snickers	l0VdKk8Zbwe8	Converse	Lorem ipsum dolor sit amet, consectetuer adipiscing elit. Aenean commodo ligula eget dolor. Aenean massa. Cum sociis natoque penatibus et magnis dis parturient montes, nascetur ridiculus mus. Donec quam felis, ultricies nec, pellentesque eu, pretium quis, sem. Nulla consequat massa quis enim. Donec.	1200	2017-06-29 13:16:41.521791+06	7	product_images/converse_all_star_shoe.jpg	\N	4
3	iPhone 7 Plus	9ObMLAjDU1vj	Apple	Lorem ipsum dolor sit amet, consectetuer adipiscing elit. Aenean commodo ligula eget dolor. Aenean massa. Cum sociis natoque penatibus et magnis dis parturient montes, nascetur ridiculus mus. Donec quam felis, ultricies nec, pellentesque eu, pretium quis, sem. Nulla consequat massa quis enim. Donec.	76000	2017-06-29 13:11:14.653798+06	3	product_images/i7plus.jpg	\N	2
2	Silver Sunglass	1H77ND0RX6Fo	Ray-Ban	Sed ut perspiciatis unde omnis iste natus error sit voluptatem accusantium doloremque laudantium, totam rem aperiam, eaque ipsa quae ab illo inventore veritatis et quasi architecto beatae vitae dicta sunt explicabo. Nemo enim ipsam voluptatem quia voluptas sit aspernatur aut odit aut fugit, sed quia	2500	2017-06-29 13:01:52.638181+06	12	product_images/silver-sunglass.jpg	\N	1
1	Black Sunglass	XjHPxMjTHNIe	Ray-Ban	Lorem ipsum dolor sit amet, consectetuer adipiscing elit. Aenean commodo ligula eget dolor. Aenean massa. Cum sociis natoque penatibus et magnis dis parturient montes, nascetur ridiculus mus. Donec quam felis, ultricies nec, pellentesque eu, pretium quis, sem. Nulla consequat massa quis enim. Donec.	1850	2017-06-29 13:01:52.630263+06	5	product_images/black-sunglass.jpg	\N	1
\.


--
-- Name: products_product_id_seq; Type: SEQUENCE SET; Schema: public; Owner: nobel
--

SELECT pg_catalog.setval('products_product_id_seq', 5, true);


--
-- Data for Name: products_productsize; Type: TABLE DATA; Schema: public; Owner: nobel
--

COPY products_productsize (id, size) FROM stdin;
\.


--
-- Name: products_productsize_id_seq; Type: SEQUENCE SET; Schema: public; Owner: nobel
--

SELECT pg_catalog.setval('products_productsize_id_seq', 1, false);


--
-- Name: auth_group auth_group_name_key; Type: CONSTRAINT; Schema: public; Owner: nobel
--

ALTER TABLE ONLY auth_group
    ADD CONSTRAINT auth_group_name_key UNIQUE (name);


--
-- Name: auth_group_permissions auth_group_permissions_group_id_permission_id_0cd325b0_uniq; Type: CONSTRAINT; Schema: public; Owner: nobel
--

ALTER TABLE ONLY auth_group_permissions
    ADD CONSTRAINT auth_group_permissions_group_id_permission_id_0cd325b0_uniq UNIQUE (group_id, permission_id);


--
-- Name: auth_group_permissions auth_group_permissions_pkey; Type: CONSTRAINT; Schema: public; Owner: nobel
--

ALTER TABLE ONLY auth_group_permissions
    ADD CONSTRAINT auth_group_permissions_pkey PRIMARY KEY (id);


--
-- Name: auth_group auth_group_pkey; Type: CONSTRAINT; Schema: public; Owner: nobel
--

ALTER TABLE ONLY auth_group
    ADD CONSTRAINT auth_group_pkey PRIMARY KEY (id);


--
-- Name: auth_permission auth_permission_content_type_id_01ab375a_uniq; Type: CONSTRAINT; Schema: public; Owner: nobel
--

ALTER TABLE ONLY auth_permission
    ADD CONSTRAINT auth_permission_content_type_id_01ab375a_uniq UNIQUE (content_type_id, codename);


--
-- Name: auth_permission auth_permission_content_type_id_codename_01ab375a_uniq; Type: CONSTRAINT; Schema: public; Owner: nobel
--

ALTER TABLE ONLY auth_permission
    ADD CONSTRAINT auth_permission_content_type_id_codename_01ab375a_uniq UNIQUE (content_type_id, codename);


--
-- Name: auth_permission auth_permission_pkey; Type: CONSTRAINT; Schema: public; Owner: nobel
--

ALTER TABLE ONLY auth_permission
    ADD CONSTRAINT auth_permission_pkey PRIMARY KEY (id);


--
-- Name: auth_user_groups auth_user_groups_pkey; Type: CONSTRAINT; Schema: public; Owner: nobel
--

ALTER TABLE ONLY auth_user_groups
    ADD CONSTRAINT auth_user_groups_pkey PRIMARY KEY (id);


--
-- Name: auth_user_groups auth_user_groups_user_id_group_id_94350c0c_uniq; Type: CONSTRAINT; Schema: public; Owner: nobel
--

ALTER TABLE ONLY auth_user_groups
    ADD CONSTRAINT auth_user_groups_user_id_group_id_94350c0c_uniq UNIQUE (user_id, group_id);


--
-- Name: auth_user auth_user_pkey; Type: CONSTRAINT; Schema: public; Owner: nobel
--

ALTER TABLE ONLY auth_user
    ADD CONSTRAINT auth_user_pkey PRIMARY KEY (id);


--
-- Name: auth_user_user_permissions auth_user_user_permissions_pkey; Type: CONSTRAINT; Schema: public; Owner: nobel
--

ALTER TABLE ONLY auth_user_user_permissions
    ADD CONSTRAINT auth_user_user_permissions_pkey PRIMARY KEY (id);


--
-- Name: auth_user_user_permissions auth_user_user_permissions_user_id_permission_id_14a6b632_uniq; Type: CONSTRAINT; Schema: public; Owner: nobel
--

ALTER TABLE ONLY auth_user_user_permissions
    ADD CONSTRAINT auth_user_user_permissions_user_id_permission_id_14a6b632_uniq UNIQUE (user_id, permission_id);


--
-- Name: auth_user auth_user_username_key; Type: CONSTRAINT; Schema: public; Owner: nobel
--

ALTER TABLE ONLY auth_user
    ADD CONSTRAINT auth_user_username_key UNIQUE (username);


--
-- Name: chatbot_banglarequests chatbot_banglarequests_pkey; Type: CONSTRAINT; Schema: public; Owner: nobel
--

ALTER TABLE ONLY chatbot_banglarequests
    ADD CONSTRAINT chatbot_banglarequests_pkey PRIMARY KEY (id);


--
-- Name: chatbot_banglarequests chatbot_banglarequests_request_key; Type: CONSTRAINT; Schema: public; Owner: nobel
--

ALTER TABLE ONLY chatbot_banglarequests
    ADD CONSTRAINT chatbot_banglarequests_request_key UNIQUE (request);


--
-- Name: chatbot_banglaresponses chatbot_banglaresponses_pkey; Type: CONSTRAINT; Schema: public; Owner: nobel
--

ALTER TABLE ONLY chatbot_banglaresponses
    ADD CONSTRAINT chatbot_banglaresponses_pkey PRIMARY KEY (id);


--
-- Name: chatbot_banglaresponses chatbot_banglaresponses_response_key; Type: CONSTRAINT; Schema: public; Owner: nobel
--

ALTER TABLE ONLY chatbot_banglaresponses
    ADD CONSTRAINT chatbot_banglaresponses_response_key UNIQUE (response);


--
-- Name: chatbot_classtag chatbot_classtag_pkey; Type: CONSTRAINT; Schema: public; Owner: nobel
--

ALTER TABLE ONLY chatbot_classtag
    ADD CONSTRAINT chatbot_classtag_pkey PRIMARY KEY (id);


--
-- Name: chatbot_classtag chatbot_classtag_tagName_key; Type: CONSTRAINT; Schema: public; Owner: nobel
--

ALTER TABLE ONLY chatbot_classtag
    ADD CONSTRAINT "chatbot_classtag_tagName_key" UNIQUE ("tagName");


--
-- Name: chatbot_complaints chatbot_complaints_pkey; Type: CONSTRAINT; Schema: public; Owner: nobel
--

ALTER TABLE ONLY chatbot_complaints
    ADD CONSTRAINT chatbot_complaints_pkey PRIMARY KEY (id);


--
-- Name: chatbot_contexttag chatbot_contexttag_pkey; Type: CONSTRAINT; Schema: public; Owner: nobel
--

ALTER TABLE ONLY chatbot_contexttag
    ADD CONSTRAINT chatbot_contexttag_pkey PRIMARY KEY (id);


--
-- Name: chatbot_contexttag chatbot_contexttag_tagName_key; Type: CONSTRAINT; Schema: public; Owner: nobel
--

ALTER TABLE ONLY chatbot_contexttag
    ADD CONSTRAINT "chatbot_contexttag_tagName_key" UNIQUE ("tagName");


--
-- Name: chatbot_englishrequests chatbot_englishrequests_pkey; Type: CONSTRAINT; Schema: public; Owner: nobel
--

ALTER TABLE ONLY chatbot_englishrequests
    ADD CONSTRAINT chatbot_englishrequests_pkey PRIMARY KEY (id);


--
-- Name: chatbot_englishrequests chatbot_englishrequests_request_key; Type: CONSTRAINT; Schema: public; Owner: nobel
--

ALTER TABLE ONLY chatbot_englishrequests
    ADD CONSTRAINT chatbot_englishrequests_request_key UNIQUE (request);


--
-- Name: chatbot_englishresponses chatbot_englishresponses_pkey; Type: CONSTRAINT; Schema: public; Owner: nobel
--

ALTER TABLE ONLY chatbot_englishresponses
    ADD CONSTRAINT chatbot_englishresponses_pkey PRIMARY KEY (id);


--
-- Name: chatbot_englishresponses chatbot_englishresponses_response_key; Type: CONSTRAINT; Schema: public; Owner: nobel
--

ALTER TABLE ONLY chatbot_englishresponses
    ADD CONSTRAINT chatbot_englishresponses_response_key UNIQUE (response);


--
-- Name: chatbot_feedbacks chatbot_feedbacks_pkey; Type: CONSTRAINT; Schema: public; Owner: nobel
--

ALTER TABLE ONLY chatbot_feedbacks
    ADD CONSTRAINT chatbot_feedbacks_pkey PRIMARY KEY (id);


--
-- Name: django_admin_log django_admin_log_pkey; Type: CONSTRAINT; Schema: public; Owner: nobel
--

ALTER TABLE ONLY django_admin_log
    ADD CONSTRAINT django_admin_log_pkey PRIMARY KEY (id);


--
-- Name: django_content_type django_content_type_app_label_76bd3d3b_uniq; Type: CONSTRAINT; Schema: public; Owner: nobel
--

ALTER TABLE ONLY django_content_type
    ADD CONSTRAINT django_content_type_app_label_76bd3d3b_uniq UNIQUE (app_label, model);


--
-- Name: django_content_type django_content_type_app_label_model_76bd3d3b_uniq; Type: CONSTRAINT; Schema: public; Owner: nobel
--

ALTER TABLE ONLY django_content_type
    ADD CONSTRAINT django_content_type_app_label_model_76bd3d3b_uniq UNIQUE (app_label, model);


--
-- Name: django_content_type django_content_type_pkey; Type: CONSTRAINT; Schema: public; Owner: nobel
--

ALTER TABLE ONLY django_content_type
    ADD CONSTRAINT django_content_type_pkey PRIMARY KEY (id);


--
-- Name: django_migrations django_migrations_pkey; Type: CONSTRAINT; Schema: public; Owner: nobel
--

ALTER TABLE ONLY django_migrations
    ADD CONSTRAINT django_migrations_pkey PRIMARY KEY (id);


--
-- Name: django_session django_session_pkey; Type: CONSTRAINT; Schema: public; Owner: nobel
--

ALTER TABLE ONLY django_session
    ADD CONSTRAINT django_session_pkey PRIMARY KEY (session_key);


--
-- Name: products_category products_categories_pkey; Type: CONSTRAINT; Schema: public; Owner: nobel
--

ALTER TABLE ONLY products_category
    ADD CONSTRAINT products_categories_pkey PRIMARY KEY (id);


--
-- Name: products_product products_product_pkey; Type: CONSTRAINT; Schema: public; Owner: nobel
--

ALTER TABLE ONLY products_product
    ADD CONSTRAINT products_product_pkey PRIMARY KEY (id);


--
-- Name: products_product products_product_slug_key; Type: CONSTRAINT; Schema: public; Owner: nobel
--

ALTER TABLE ONLY products_product
    ADD CONSTRAINT products_product_slug_key UNIQUE (slug);


--
-- Name: products_productsize products_productsize_pkey; Type: CONSTRAINT; Schema: public; Owner: nobel
--

ALTER TABLE ONLY products_productsize
    ADD CONSTRAINT products_productsize_pkey PRIMARY KEY (id);


--
-- Name: auth_group_name_a6ea08ec_like; Type: INDEX; Schema: public; Owner: nobel
--

CREATE INDEX auth_group_name_a6ea08ec_like ON auth_group USING btree (name varchar_pattern_ops);


--
-- Name: auth_group_permissions_group_id_b120cbf9; Type: INDEX; Schema: public; Owner: nobel
--

CREATE INDEX auth_group_permissions_group_id_b120cbf9 ON auth_group_permissions USING btree (group_id);


--
-- Name: auth_group_permissions_permission_id_84c5c92e; Type: INDEX; Schema: public; Owner: nobel
--

CREATE INDEX auth_group_permissions_permission_id_84c5c92e ON auth_group_permissions USING btree (permission_id);


--
-- Name: auth_permission_417f1b1c; Type: INDEX; Schema: public; Owner: nobel
--

CREATE INDEX auth_permission_417f1b1c ON auth_permission USING btree (content_type_id);


--
-- Name: auth_permission_content_type_id_2f476e4b; Type: INDEX; Schema: public; Owner: nobel
--

CREATE INDEX auth_permission_content_type_id_2f476e4b ON auth_permission USING btree (content_type_id);


--
-- Name: auth_user_groups_group_id_97559544; Type: INDEX; Schema: public; Owner: nobel
--

CREATE INDEX auth_user_groups_group_id_97559544 ON auth_user_groups USING btree (group_id);


--
-- Name: auth_user_groups_user_id_6a12ed8b; Type: INDEX; Schema: public; Owner: nobel
--

CREATE INDEX auth_user_groups_user_id_6a12ed8b ON auth_user_groups USING btree (user_id);


--
-- Name: auth_user_user_permissions_permission_id_1fbb5f2c; Type: INDEX; Schema: public; Owner: nobel
--

CREATE INDEX auth_user_user_permissions_permission_id_1fbb5f2c ON auth_user_user_permissions USING btree (permission_id);


--
-- Name: auth_user_user_permissions_user_id_a95ead1b; Type: INDEX; Schema: public; Owner: nobel
--

CREATE INDEX auth_user_user_permissions_user_id_a95ead1b ON auth_user_user_permissions USING btree (user_id);


--
-- Name: auth_user_username_6821ab7c_like; Type: INDEX; Schema: public; Owner: nobel
--

CREATE INDEX auth_user_username_6821ab7c_like ON auth_user USING btree (username varchar_pattern_ops);


--
-- Name: chatbot_banglarequests_request_95372532_like; Type: INDEX; Schema: public; Owner: nobel
--

CREATE INDEX chatbot_banglarequests_request_95372532_like ON chatbot_banglarequests USING btree (request varchar_pattern_ops);


--
-- Name: chatbot_banglarequests_tag_id_a74ab854; Type: INDEX; Schema: public; Owner: nobel
--

CREATE INDEX chatbot_banglarequests_tag_id_a74ab854 ON chatbot_banglarequests USING btree (tag_id);


--
-- Name: chatbot_banglaresponses_response_d783ec00_like; Type: INDEX; Schema: public; Owner: nobel
--

CREATE INDEX chatbot_banglaresponses_response_d783ec00_like ON chatbot_banglaresponses USING btree (response varchar_pattern_ops);


--
-- Name: chatbot_banglaresponses_tag_id_457bd932; Type: INDEX; Schema: public; Owner: nobel
--

CREATE INDEX chatbot_banglaresponses_tag_id_457bd932 ON chatbot_banglaresponses USING btree (tag_id);


--
-- Name: chatbot_classtag_tagName_87b318fb_like; Type: INDEX; Schema: public; Owner: nobel
--

CREATE INDEX "chatbot_classtag_tagName_87b318fb_like" ON chatbot_classtag USING btree ("tagName" varchar_pattern_ops);


--
-- Name: chatbot_contexttag_tagName_08ef22f0_like; Type: INDEX; Schema: public; Owner: nobel
--

CREATE INDEX "chatbot_contexttag_tagName_08ef22f0_like" ON chatbot_contexttag USING btree ("tagName" varchar_pattern_ops);


--
-- Name: chatbot_englishrequests_request_53eeb0c6_like; Type: INDEX; Schema: public; Owner: nobel
--

CREATE INDEX chatbot_englishrequests_request_53eeb0c6_like ON chatbot_englishrequests USING btree (request varchar_pattern_ops);


--
-- Name: chatbot_englishrequests_tag_id_b3250014; Type: INDEX; Schema: public; Owner: nobel
--

CREATE INDEX chatbot_englishrequests_tag_id_b3250014 ON chatbot_englishrequests USING btree (tag_id);


--
-- Name: chatbot_englishresponses_response_0a6e8956_like; Type: INDEX; Schema: public; Owner: nobel
--

CREATE INDEX chatbot_englishresponses_response_0a6e8956_like ON chatbot_englishresponses USING btree (response varchar_pattern_ops);


--
-- Name: chatbot_englishresponses_tag_id_37899798; Type: INDEX; Schema: public; Owner: nobel
--

CREATE INDEX chatbot_englishresponses_tag_id_37899798 ON chatbot_englishresponses USING btree (tag_id);


--
-- Name: django_admin_log_content_type_id_c4bce8eb; Type: INDEX; Schema: public; Owner: nobel
--

CREATE INDEX django_admin_log_content_type_id_c4bce8eb ON django_admin_log USING btree (content_type_id);


--
-- Name: django_admin_log_user_id_c564eba6; Type: INDEX; Schema: public; Owner: nobel
--

CREATE INDEX django_admin_log_user_id_c564eba6 ON django_admin_log USING btree (user_id);


--
-- Name: django_session_expire_date_a5c62663; Type: INDEX; Schema: public; Owner: nobel
--

CREATE INDEX django_session_expire_date_a5c62663 ON django_session USING btree (expire_date);


--
-- Name: django_session_session_key_c0390e0f_like; Type: INDEX; Schema: public; Owner: nobel
--

CREATE INDEX django_session_session_key_c0390e0f_like ON django_session USING btree (session_key varchar_pattern_ops);


--
-- Name: products_product_category_id_9b594869; Type: INDEX; Schema: public; Owner: nobel
--

CREATE INDEX products_product_category_id_9b594869 ON products_product USING btree (category_id);


--
-- Name: products_product_size_id_24f71d67; Type: INDEX; Schema: public; Owner: nobel
--

CREATE INDEX products_product_size_id_24f71d67 ON products_product USING btree (size_id);


--
-- Name: products_product_slug_70d3148d_like; Type: INDEX; Schema: public; Owner: nobel
--

CREATE INDEX products_product_slug_70d3148d_like ON products_product USING btree (slug varchar_pattern_ops);


--
-- Name: auth_group_permissions auth_group_permissio_permission_id_84c5c92e_fk_auth_perm; Type: FK CONSTRAINT; Schema: public; Owner: nobel
--

ALTER TABLE ONLY auth_group_permissions
    ADD CONSTRAINT auth_group_permissio_permission_id_84c5c92e_fk_auth_perm FOREIGN KEY (permission_id) REFERENCES auth_permission(id) DEFERRABLE INITIALLY DEFERRED;


--
-- Name: auth_group_permissions auth_group_permissions_group_id_b120cbf9_fk_auth_group_id; Type: FK CONSTRAINT; Schema: public; Owner: nobel
--

ALTER TABLE ONLY auth_group_permissions
    ADD CONSTRAINT auth_group_permissions_group_id_b120cbf9_fk_auth_group_id FOREIGN KEY (group_id) REFERENCES auth_group(id) DEFERRABLE INITIALLY DEFERRED;


--
-- Name: auth_permission auth_permiss_content_type_id_2f476e4b_fk_django_content_type_id; Type: FK CONSTRAINT; Schema: public; Owner: nobel
--

ALTER TABLE ONLY auth_permission
    ADD CONSTRAINT auth_permiss_content_type_id_2f476e4b_fk_django_content_type_id FOREIGN KEY (content_type_id) REFERENCES django_content_type(id) DEFERRABLE INITIALLY DEFERRED;


--
-- Name: auth_permission auth_permission_content_type_id_2f476e4b_fk_django_co; Type: FK CONSTRAINT; Schema: public; Owner: nobel
--

ALTER TABLE ONLY auth_permission
    ADD CONSTRAINT auth_permission_content_type_id_2f476e4b_fk_django_co FOREIGN KEY (content_type_id) REFERENCES django_content_type(id) DEFERRABLE INITIALLY DEFERRED;


--
-- Name: auth_user_groups auth_user_groups_group_id_97559544_fk_auth_group_id; Type: FK CONSTRAINT; Schema: public; Owner: nobel
--

ALTER TABLE ONLY auth_user_groups
    ADD CONSTRAINT auth_user_groups_group_id_97559544_fk_auth_group_id FOREIGN KEY (group_id) REFERENCES auth_group(id) DEFERRABLE INITIALLY DEFERRED;


--
-- Name: auth_user_groups auth_user_groups_user_id_6a12ed8b_fk_auth_user_id; Type: FK CONSTRAINT; Schema: public; Owner: nobel
--

ALTER TABLE ONLY auth_user_groups
    ADD CONSTRAINT auth_user_groups_user_id_6a12ed8b_fk_auth_user_id FOREIGN KEY (user_id) REFERENCES auth_user(id) DEFERRABLE INITIALLY DEFERRED;


--
-- Name: auth_user_user_permissions auth_user_user_permi_permission_id_1fbb5f2c_fk_auth_perm; Type: FK CONSTRAINT; Schema: public; Owner: nobel
--

ALTER TABLE ONLY auth_user_user_permissions
    ADD CONSTRAINT auth_user_user_permi_permission_id_1fbb5f2c_fk_auth_perm FOREIGN KEY (permission_id) REFERENCES auth_permission(id) DEFERRABLE INITIALLY DEFERRED;


--
-- Name: auth_user_user_permissions auth_user_user_permissions_user_id_a95ead1b_fk_auth_user_id; Type: FK CONSTRAINT; Schema: public; Owner: nobel
--

ALTER TABLE ONLY auth_user_user_permissions
    ADD CONSTRAINT auth_user_user_permissions_user_id_a95ead1b_fk_auth_user_id FOREIGN KEY (user_id) REFERENCES auth_user(id) DEFERRABLE INITIALLY DEFERRED;


--
-- Name: chatbot_banglarequests chatbot_banglarequests_tag_id_a74ab854_fk_chatbot_classtag_id; Type: FK CONSTRAINT; Schema: public; Owner: nobel
--

ALTER TABLE ONLY chatbot_banglarequests
    ADD CONSTRAINT chatbot_banglarequests_tag_id_a74ab854_fk_chatbot_classtag_id FOREIGN KEY (tag_id) REFERENCES chatbot_classtag(id) DEFERRABLE INITIALLY DEFERRED;


--
-- Name: chatbot_banglaresponses chatbot_banglaresponses_tag_id_457bd932_fk_chatbot_classtag_id; Type: FK CONSTRAINT; Schema: public; Owner: nobel
--

ALTER TABLE ONLY chatbot_banglaresponses
    ADD CONSTRAINT chatbot_banglaresponses_tag_id_457bd932_fk_chatbot_classtag_id FOREIGN KEY (tag_id) REFERENCES chatbot_classtag(id) DEFERRABLE INITIALLY DEFERRED;


--
-- Name: chatbot_englishrequests chatbot_englishrequests_tag_id_b3250014_fk_chatbot_classtag_id; Type: FK CONSTRAINT; Schema: public; Owner: nobel
--

ALTER TABLE ONLY chatbot_englishrequests
    ADD CONSTRAINT chatbot_englishrequests_tag_id_b3250014_fk_chatbot_classtag_id FOREIGN KEY (tag_id) REFERENCES chatbot_classtag(id) DEFERRABLE INITIALLY DEFERRED;


--
-- Name: chatbot_englishresponses chatbot_englishresponses_tag_id_37899798_fk_chatbot_classtag_id; Type: FK CONSTRAINT; Schema: public; Owner: nobel
--

ALTER TABLE ONLY chatbot_englishresponses
    ADD CONSTRAINT chatbot_englishresponses_tag_id_37899798_fk_chatbot_classtag_id FOREIGN KEY (tag_id) REFERENCES chatbot_classtag(id) DEFERRABLE INITIALLY DEFERRED;


--
-- Name: django_admin_log django_admin_log_content_type_id_c4bce8eb_fk_django_co; Type: FK CONSTRAINT; Schema: public; Owner: nobel
--

ALTER TABLE ONLY django_admin_log
    ADD CONSTRAINT django_admin_log_content_type_id_c4bce8eb_fk_django_co FOREIGN KEY (content_type_id) REFERENCES django_content_type(id) DEFERRABLE INITIALLY DEFERRED;


--
-- Name: django_admin_log django_admin_log_user_id_c564eba6_fk_auth_user_id; Type: FK CONSTRAINT; Schema: public; Owner: nobel
--

ALTER TABLE ONLY django_admin_log
    ADD CONSTRAINT django_admin_log_user_id_c564eba6_fk_auth_user_id FOREIGN KEY (user_id) REFERENCES auth_user(id) DEFERRABLE INITIALLY DEFERRED;


--
-- Name: products_product products_product_category_id_9b594869_fk_products_category_id; Type: FK CONSTRAINT; Schema: public; Owner: nobel
--

ALTER TABLE ONLY products_product
    ADD CONSTRAINT products_product_category_id_9b594869_fk_products_category_id FOREIGN KEY (category_id) REFERENCES products_category(id) DEFERRABLE INITIALLY DEFERRED;


--
-- Name: products_product products_product_size_id_24f71d67_fk_products_productsize_id; Type: FK CONSTRAINT; Schema: public; Owner: nobel
--

ALTER TABLE ONLY products_product
    ADD CONSTRAINT products_product_size_id_24f71d67_fk_products_productsize_id FOREIGN KEY (size_id) REFERENCES products_productsize(id) DEFERRABLE INITIALLY DEFERRED;


--
-- PostgreSQL database dump complete
--

