--
-- PostgreSQL database dump
--

-- Dumped from database version 10.0
-- Dumped by pg_dump version 10.0

SET statement_timeout = 0;
SET lock_timeout = 0;
SET idle_in_transaction_session_timeout = 0;
SET client_encoding = 'UTF8';
SET standard_conforming_strings = on;
SET check_function_bodies = false;
SET client_min_messages = warning;
SET row_security = off;

--
-- Name: plpgsql; Type: EXTENSION; Schema: -; Owner: 
--

CREATE EXTENSION IF NOT EXISTS plpgsql WITH SCHEMA pg_catalog;


--
-- Name: EXTENSION plpgsql; Type: COMMENT; Schema: -; Owner: 
--

COMMENT ON EXTENSION plpgsql IS 'PL/pgSQL procedural language';


--
-- Name: adminpack; Type: EXTENSION; Schema: -; Owner: 
--

CREATE EXTENSION IF NOT EXISTS adminpack WITH SCHEMA pg_catalog;


--
-- Name: EXTENSION adminpack; Type: COMMENT; Schema: -; Owner: 
--

COMMENT ON EXTENSION adminpack IS 'administrative functions for PostgreSQL';


SET search_path = public, pg_catalog;

SET default_tablespace = '';

SET default_with_oids = false;

--
-- Name: auth_group; Type: TABLE; Schema: public; Owner: nobel
--

CREATE TABLE auth_group (
    id integer NOT NULL,
    name character varying(80) NOT NULL
);


ALTER TABLE auth_group OWNER TO nobel;

--
-- Name: auth_group_id_seq; Type: SEQUENCE; Schema: public; Owner: nobel
--

CREATE SEQUENCE auth_group_id_seq
    START WITH 1
    INCREMENT BY 1
    NO MINVALUE
    NO MAXVALUE
    CACHE 1;


ALTER TABLE auth_group_id_seq OWNER TO nobel;

--
-- Name: auth_group_id_seq; Type: SEQUENCE OWNED BY; Schema: public; Owner: nobel
--

ALTER SEQUENCE auth_group_id_seq OWNED BY auth_group.id;


--
-- Name: auth_group_permissions; Type: TABLE; Schema: public; Owner: nobel
--

CREATE TABLE auth_group_permissions (
    id integer NOT NULL,
    group_id integer NOT NULL,
    permission_id integer NOT NULL
);


ALTER TABLE auth_group_permissions OWNER TO nobel;

--
-- Name: auth_group_permissions_id_seq; Type: SEQUENCE; Schema: public; Owner: nobel
--

CREATE SEQUENCE auth_group_permissions_id_seq
    START WITH 1
    INCREMENT BY 1
    NO MINVALUE
    NO MAXVALUE
    CACHE 1;


ALTER TABLE auth_group_permissions_id_seq OWNER TO nobel;

--
-- Name: auth_group_permissions_id_seq; Type: SEQUENCE OWNED BY; Schema: public; Owner: nobel
--

ALTER SEQUENCE auth_group_permissions_id_seq OWNED BY auth_group_permissions.id;


--
-- Name: auth_permission; Type: TABLE; Schema: public; Owner: nobel
--

CREATE TABLE auth_permission (
    id integer NOT NULL,
    name character varying(255) NOT NULL,
    content_type_id integer NOT NULL,
    codename character varying(100) NOT NULL
);


ALTER TABLE auth_permission OWNER TO nobel;

--
-- Name: auth_permission_id_seq; Type: SEQUENCE; Schema: public; Owner: nobel
--

CREATE SEQUENCE auth_permission_id_seq
    START WITH 1
    INCREMENT BY 1
    NO MINVALUE
    NO MAXVALUE
    CACHE 1;


ALTER TABLE auth_permission_id_seq OWNER TO nobel;

--
-- Name: auth_permission_id_seq; Type: SEQUENCE OWNED BY; Schema: public; Owner: nobel
--

ALTER SEQUENCE auth_permission_id_seq OWNED BY auth_permission.id;


--
-- Name: auth_user; Type: TABLE; Schema: public; Owner: nobel
--

CREATE TABLE auth_user (
    id integer NOT NULL,
    password character varying(128) NOT NULL,
    last_login timestamp with time zone,
    is_superuser boolean NOT NULL,
    username character varying(150) NOT NULL,
    first_name character varying(30) NOT NULL,
    last_name character varying(30) NOT NULL,
    email character varying(254) NOT NULL,
    is_staff boolean NOT NULL,
    is_active boolean NOT NULL,
    date_joined timestamp with time zone NOT NULL
);


ALTER TABLE auth_user OWNER TO nobel;

--
-- Name: auth_user_groups; Type: TABLE; Schema: public; Owner: nobel
--

CREATE TABLE auth_user_groups (
    id integer NOT NULL,
    user_id integer NOT NULL,
    group_id integer NOT NULL
);


ALTER TABLE auth_user_groups OWNER TO nobel;

--
-- Name: auth_user_groups_id_seq; Type: SEQUENCE; Schema: public; Owner: nobel
--

CREATE SEQUENCE auth_user_groups_id_seq
    START WITH 1
    INCREMENT BY 1
    NO MINVALUE
    NO MAXVALUE
    CACHE 1;


ALTER TABLE auth_user_groups_id_seq OWNER TO nobel;

--
-- Name: auth_user_groups_id_seq; Type: SEQUENCE OWNED BY; Schema: public; Owner: nobel
--

ALTER SEQUENCE auth_user_groups_id_seq OWNED BY auth_user_groups.id;


--
-- Name: auth_user_id_seq; Type: SEQUENCE; Schema: public; Owner: nobel
--

CREATE SEQUENCE auth_user_id_seq
    START WITH 1
    INCREMENT BY 1
    NO MINVALUE
    NO MAXVALUE
    CACHE 1;


ALTER TABLE auth_user_id_seq OWNER TO nobel;

--
-- Name: auth_user_id_seq; Type: SEQUENCE OWNED BY; Schema: public; Owner: nobel
--

ALTER SEQUENCE auth_user_id_seq OWNED BY auth_user.id;


--
-- Name: auth_user_user_permissions; Type: TABLE; Schema: public; Owner: nobel
--

CREATE TABLE auth_user_user_permissions (
    id integer NOT NULL,
    user_id integer NOT NULL,
    permission_id integer NOT NULL
);


ALTER TABLE auth_user_user_permissions OWNER TO nobel;

--
-- Name: auth_user_user_permissions_id_seq; Type: SEQUENCE; Schema: public; Owner: nobel
--

CREATE SEQUENCE auth_user_user_permissions_id_seq
    START WITH 1
    INCREMENT BY 1
    NO MINVALUE
    NO MAXVALUE
    CACHE 1;


ALTER TABLE auth_user_user_permissions_id_seq OWNER TO nobel;

--
-- Name: auth_user_user_permissions_id_seq; Type: SEQUENCE OWNED BY; Schema: public; Owner: nobel
--

ALTER SEQUENCE auth_user_user_permissions_id_seq OWNED BY auth_user_user_permissions.id;


--
-- Name: chatbot_agent; Type: TABLE; Schema: public; Owner: nobel
--

CREATE TABLE chatbot_agent (
    id integer NOT NULL,
    name character varying(50) NOT NULL
);


ALTER TABLE chatbot_agent OWNER TO nobel;

--
-- Name: chatbot_agent_id_seq; Type: SEQUENCE; Schema: public; Owner: nobel
--

CREATE SEQUENCE chatbot_agent_id_seq
    AS integer
    START WITH 1
    INCREMENT BY 1
    NO MINVALUE
    NO MAXVALUE
    CACHE 1;


ALTER TABLE chatbot_agent_id_seq OWNER TO nobel;

--
-- Name: chatbot_agent_id_seq; Type: SEQUENCE OWNED BY; Schema: public; Owner: nobel
--

ALTER SEQUENCE chatbot_agent_id_seq OWNED BY chatbot_agent.id;


--
-- Name: chatbot_banglarequests; Type: TABLE; Schema: public; Owner: nobel
--

CREATE TABLE chatbot_banglarequests (
    id integer NOT NULL,
    "requestMessage" character varying(500) NOT NULL,
    tag_id integer
);


ALTER TABLE chatbot_banglarequests OWNER TO nobel;

--
-- Name: chatbot_banglarequests_id_seq; Type: SEQUENCE; Schema: public; Owner: nobel
--

CREATE SEQUENCE chatbot_banglarequests_id_seq
    START WITH 1
    INCREMENT BY 1
    NO MINVALUE
    NO MAXVALUE
    CACHE 1;


ALTER TABLE chatbot_banglarequests_id_seq OWNER TO nobel;

--
-- Name: chatbot_banglarequests_id_seq; Type: SEQUENCE OWNED BY; Schema: public; Owner: nobel
--

ALTER SEQUENCE chatbot_banglarequests_id_seq OWNED BY chatbot_banglarequests.id;


--
-- Name: chatbot_banglaresponses; Type: TABLE; Schema: public; Owner: nobel
--

CREATE TABLE chatbot_banglaresponses (
    id integer NOT NULL,
    "responseMessage" character varying(2000) NOT NULL,
    tag_id integer
);


ALTER TABLE chatbot_banglaresponses OWNER TO nobel;

--
-- Name: chatbot_banglaresponses_id_seq; Type: SEQUENCE; Schema: public; Owner: nobel
--

CREATE SEQUENCE chatbot_banglaresponses_id_seq
    START WITH 1
    INCREMENT BY 1
    NO MINVALUE
    NO MAXVALUE
    CACHE 1;


ALTER TABLE chatbot_banglaresponses_id_seq OWNER TO nobel;

--
-- Name: chatbot_banglaresponses_id_seq; Type: SEQUENCE OWNED BY; Schema: public; Owner: nobel
--

ALTER SEQUENCE chatbot_banglaresponses_id_seq OWNED BY chatbot_banglaresponses.id;


--
-- Name: chatbot_classtag; Type: TABLE; Schema: public; Owner: nobel
--

CREATE TABLE chatbot_classtag (
    id integer NOT NULL,
    "tagName" character varying(255) NOT NULL,
    "agentId_id" integer
);


ALTER TABLE chatbot_classtag OWNER TO nobel;

--
-- Name: chatbot_classtag_id_seq; Type: SEQUENCE; Schema: public; Owner: nobel
--

CREATE SEQUENCE chatbot_classtag_id_seq
    START WITH 1
    INCREMENT BY 1
    NO MINVALUE
    NO MAXVALUE
    CACHE 1;


ALTER TABLE chatbot_classtag_id_seq OWNER TO nobel;

--
-- Name: chatbot_classtag_id_seq; Type: SEQUENCE OWNED BY; Schema: public; Owner: nobel
--

ALTER SEQUENCE chatbot_classtag_id_seq OWNED BY chatbot_classtag.id;


--
-- Name: chatbot_complaints; Type: TABLE; Schema: public; Owner: nobel
--

CREATE TABLE chatbot_complaints (
    id integer NOT NULL,
    "requestMessage" character varying(500) NOT NULL,
    "responseMessage" character varying(2000) NOT NULL,
    created timestamp with time zone NOT NULL
);


ALTER TABLE chatbot_complaints OWNER TO nobel;

--
-- Name: chatbot_complaints_id_seq; Type: SEQUENCE; Schema: public; Owner: nobel
--

CREATE SEQUENCE chatbot_complaints_id_seq
    START WITH 1
    INCREMENT BY 1
    NO MINVALUE
    NO MAXVALUE
    CACHE 1;


ALTER TABLE chatbot_complaints_id_seq OWNER TO nobel;

--
-- Name: chatbot_complaints_id_seq; Type: SEQUENCE OWNED BY; Schema: public; Owner: nobel
--

ALTER SEQUENCE chatbot_complaints_id_seq OWNED BY chatbot_complaints.id;


--
-- Name: chatbot_context; Type: TABLE; Schema: public; Owner: nobel
--

CREATE TABLE chatbot_context (
    id integer NOT NULL,
    "contextClass_id" integer,
    "contextMethod_id" integer,
    "contextParent_id" integer
);


ALTER TABLE chatbot_context OWNER TO nobel;

--
-- Name: chatbot_context_id_seq; Type: SEQUENCE; Schema: public; Owner: nobel
--

CREATE SEQUENCE chatbot_context_id_seq
    AS integer
    START WITH 1
    INCREMENT BY 1
    NO MINVALUE
    NO MAXVALUE
    CACHE 1;


ALTER TABLE chatbot_context_id_seq OWNER TO nobel;

--
-- Name: chatbot_context_id_seq; Type: SEQUENCE OWNED BY; Schema: public; Owner: nobel
--

ALTER SEQUENCE chatbot_context_id_seq OWNED BY chatbot_context.id;


--
-- Name: chatbot_contextmethod; Type: TABLE; Schema: public; Owner: nobel
--

CREATE TABLE chatbot_contextmethod (
    id integer NOT NULL,
    "methodName" character varying(10) NOT NULL
);


ALTER TABLE chatbot_contextmethod OWNER TO nobel;

--
-- Name: chatbot_contextmethod_id_seq; Type: SEQUENCE; Schema: public; Owner: nobel
--

CREATE SEQUENCE chatbot_contextmethod_id_seq
    AS integer
    START WITH 1
    INCREMENT BY 1
    NO MINVALUE
    NO MAXVALUE
    CACHE 1;


ALTER TABLE chatbot_contextmethod_id_seq OWNER TO nobel;

--
-- Name: chatbot_contextmethod_id_seq; Type: SEQUENCE OWNED BY; Schema: public; Owner: nobel
--

ALTER SEQUENCE chatbot_contextmethod_id_seq OWNED BY chatbot_contextmethod.id;


--
-- Name: chatbot_englishrequests; Type: TABLE; Schema: public; Owner: nobel
--

CREATE TABLE chatbot_englishrequests (
    id integer NOT NULL,
    "requestMessage" character varying(500) NOT NULL,
    tag_id integer
);


ALTER TABLE chatbot_englishrequests OWNER TO nobel;

--
-- Name: chatbot_englishrequests_id_seq; Type: SEQUENCE; Schema: public; Owner: nobel
--

CREATE SEQUENCE chatbot_englishrequests_id_seq
    START WITH 1
    INCREMENT BY 1
    NO MINVALUE
    NO MAXVALUE
    CACHE 1;


ALTER TABLE chatbot_englishrequests_id_seq OWNER TO nobel;

--
-- Name: chatbot_englishrequests_id_seq; Type: SEQUENCE OWNED BY; Schema: public; Owner: nobel
--

ALTER SEQUENCE chatbot_englishrequests_id_seq OWNED BY chatbot_englishrequests.id;


--
-- Name: chatbot_englishresponses; Type: TABLE; Schema: public; Owner: nobel
--

CREATE TABLE chatbot_englishresponses (
    id integer NOT NULL,
    "responseMessage" character varying(2000) NOT NULL,
    tag_id integer
);


ALTER TABLE chatbot_englishresponses OWNER TO nobel;

--
-- Name: chatbot_englishresponses_id_seq; Type: SEQUENCE; Schema: public; Owner: nobel
--

CREATE SEQUENCE chatbot_englishresponses_id_seq
    START WITH 1
    INCREMENT BY 1
    NO MINVALUE
    NO MAXVALUE
    CACHE 1;


ALTER TABLE chatbot_englishresponses_id_seq OWNER TO nobel;

--
-- Name: chatbot_englishresponses_id_seq; Type: SEQUENCE OWNED BY; Schema: public; Owner: nobel
--

ALTER SEQUENCE chatbot_englishresponses_id_seq OWNED BY chatbot_englishresponses.id;


--
-- Name: chatbot_feedbacks; Type: TABLE; Schema: public; Owner: nobel
--

CREATE TABLE chatbot_feedbacks (
    id integer NOT NULL,
    name character varying(50) NOT NULL,
    comment character varying(3000) NOT NULL,
    created timestamp with time zone NOT NULL
);


ALTER TABLE chatbot_feedbacks OWNER TO nobel;

--
-- Name: chatbot_feedbacks_id_seq; Type: SEQUENCE; Schema: public; Owner: nobel
--

CREATE SEQUENCE chatbot_feedbacks_id_seq
    START WITH 1
    INCREMENT BY 1
    NO MINVALUE
    NO MAXVALUE
    CACHE 1;


ALTER TABLE chatbot_feedbacks_id_seq OWNER TO nobel;

--
-- Name: chatbot_feedbacks_id_seq; Type: SEQUENCE OWNED BY; Schema: public; Owner: nobel
--

ALTER SEQUENCE chatbot_feedbacks_id_seq OWNED BY chatbot_feedbacks.id;


--
-- Name: django_admin_log; Type: TABLE; Schema: public; Owner: nobel
--

CREATE TABLE django_admin_log (
    id integer NOT NULL,
    action_time timestamp with time zone NOT NULL,
    object_id text,
    object_repr character varying(200) NOT NULL,
    action_flag smallint NOT NULL,
    change_message text NOT NULL,
    content_type_id integer,
    user_id integer NOT NULL,
    CONSTRAINT django_admin_log_action_flag_check CHECK ((action_flag >= 0))
);


ALTER TABLE django_admin_log OWNER TO nobel;

--
-- Name: django_admin_log_id_seq; Type: SEQUENCE; Schema: public; Owner: nobel
--

CREATE SEQUENCE django_admin_log_id_seq
    START WITH 1
    INCREMENT BY 1
    NO MINVALUE
    NO MAXVALUE
    CACHE 1;


ALTER TABLE django_admin_log_id_seq OWNER TO nobel;

--
-- Name: django_admin_log_id_seq; Type: SEQUENCE OWNED BY; Schema: public; Owner: nobel
--

ALTER SEQUENCE django_admin_log_id_seq OWNED BY django_admin_log.id;


--
-- Name: django_content_type; Type: TABLE; Schema: public; Owner: nobel
--

CREATE TABLE django_content_type (
    id integer NOT NULL,
    app_label character varying(100) NOT NULL,
    model character varying(100) NOT NULL
);


ALTER TABLE django_content_type OWNER TO nobel;

--
-- Name: django_content_type_id_seq; Type: SEQUENCE; Schema: public; Owner: nobel
--

CREATE SEQUENCE django_content_type_id_seq
    START WITH 1
    INCREMENT BY 1
    NO MINVALUE
    NO MAXVALUE
    CACHE 1;


ALTER TABLE django_content_type_id_seq OWNER TO nobel;

--
-- Name: django_content_type_id_seq; Type: SEQUENCE OWNED BY; Schema: public; Owner: nobel
--

ALTER SEQUENCE django_content_type_id_seq OWNED BY django_content_type.id;


--
-- Name: django_migrations; Type: TABLE; Schema: public; Owner: nobel
--

CREATE TABLE django_migrations (
    id integer NOT NULL,
    app character varying(255) NOT NULL,
    name character varying(255) NOT NULL,
    applied timestamp with time zone NOT NULL
);


ALTER TABLE django_migrations OWNER TO nobel;

--
-- Name: django_migrations_id_seq; Type: SEQUENCE; Schema: public; Owner: nobel
--

CREATE SEQUENCE django_migrations_id_seq
    START WITH 1
    INCREMENT BY 1
    NO MINVALUE
    NO MAXVALUE
    CACHE 1;


ALTER TABLE django_migrations_id_seq OWNER TO nobel;

--
-- Name: django_migrations_id_seq; Type: SEQUENCE OWNED BY; Schema: public; Owner: nobel
--

ALTER SEQUENCE django_migrations_id_seq OWNED BY django_migrations.id;


--
-- Name: django_session; Type: TABLE; Schema: public; Owner: nobel
--

CREATE TABLE django_session (
    session_key character varying(40) NOT NULL,
    session_data text NOT NULL,
    expire_date timestamp with time zone NOT NULL
);


ALTER TABLE django_session OWNER TO nobel;

--
-- Name: products_category; Type: TABLE; Schema: public; Owner: nobel
--

CREATE TABLE products_category (
    id integer NOT NULL,
    category character varying(25) NOT NULL,
    count integer NOT NULL,
    CONSTRAINT products_categories_count_check CHECK ((count >= 0))
);


ALTER TABLE products_category OWNER TO nobel;

--
-- Name: products_categories_id_seq; Type: SEQUENCE; Schema: public; Owner: nobel
--

CREATE SEQUENCE products_categories_id_seq
    START WITH 1
    INCREMENT BY 1
    NO MINVALUE
    NO MAXVALUE
    CACHE 1;


ALTER TABLE products_categories_id_seq OWNER TO nobel;

--
-- Name: products_categories_id_seq; Type: SEQUENCE OWNED BY; Schema: public; Owner: nobel
--

ALTER SEQUENCE products_categories_id_seq OWNED BY products_category.id;


--
-- Name: products_product; Type: TABLE; Schema: public; Owner: nobel
--

CREATE TABLE products_product (
    id integer NOT NULL,
    name character varying(255) NOT NULL,
    slug character varying(50) NOT NULL,
    company character varying(100) NOT NULL,
    description character varying(400) NOT NULL,
    price integer NOT NULL,
    added_date timestamp with time zone NOT NULL,
    available_quantity integer NOT NULL,
    image character varying(100) NOT NULL,
    size_id integer,
    category_id integer,
    CONSTRAINT products_product_available_quantity_check CHECK ((available_quantity >= 0)),
    CONSTRAINT products_product_price_check CHECK ((price >= 0))
);


ALTER TABLE products_product OWNER TO nobel;

--
-- Name: products_product_id_seq; Type: SEQUENCE; Schema: public; Owner: nobel
--

CREATE SEQUENCE products_product_id_seq
    START WITH 1
    INCREMENT BY 1
    NO MINVALUE
    NO MAXVALUE
    CACHE 1;


ALTER TABLE products_product_id_seq OWNER TO nobel;

--
-- Name: products_product_id_seq; Type: SEQUENCE OWNED BY; Schema: public; Owner: nobel
--

ALTER SEQUENCE products_product_id_seq OWNED BY products_product.id;


--
-- Name: products_productsize; Type: TABLE; Schema: public; Owner: nobel
--

CREATE TABLE products_productsize (
    id integer NOT NULL,
    size character varying(20) NOT NULL
);


ALTER TABLE products_productsize OWNER TO nobel;

--
-- Name: products_productsize_id_seq; Type: SEQUENCE; Schema: public; Owner: nobel
--

CREATE SEQUENCE products_productsize_id_seq
    START WITH 1
    INCREMENT BY 1
    NO MINVALUE
    NO MAXVALUE
    CACHE 1;


ALTER TABLE products_productsize_id_seq OWNER TO nobel;

--
-- Name: products_productsize_id_seq; Type: SEQUENCE OWNED BY; Schema: public; Owner: nobel
--

ALTER SEQUENCE products_productsize_id_seq OWNED BY products_productsize.id;


--
-- Name: auth_group id; Type: DEFAULT; Schema: public; Owner: nobel
--

ALTER TABLE ONLY auth_group ALTER COLUMN id SET DEFAULT nextval('auth_group_id_seq'::regclass);


--
-- Name: auth_group_permissions id; Type: DEFAULT; Schema: public; Owner: nobel
--

ALTER TABLE ONLY auth_group_permissions ALTER COLUMN id SET DEFAULT nextval('auth_group_permissions_id_seq'::regclass);


--
-- Name: auth_permission id; Type: DEFAULT; Schema: public; Owner: nobel
--

ALTER TABLE ONLY auth_permission ALTER COLUMN id SET DEFAULT nextval('auth_permission_id_seq'::regclass);


--
-- Name: auth_user id; Type: DEFAULT; Schema: public; Owner: nobel
--

ALTER TABLE ONLY auth_user ALTER COLUMN id SET DEFAULT nextval('auth_user_id_seq'::regclass);


--
-- Name: auth_user_groups id; Type: DEFAULT; Schema: public; Owner: nobel
--

ALTER TABLE ONLY auth_user_groups ALTER COLUMN id SET DEFAULT nextval('auth_user_groups_id_seq'::regclass);


--
-- Name: auth_user_user_permissions id; Type: DEFAULT; Schema: public; Owner: nobel
--

ALTER TABLE ONLY auth_user_user_permissions ALTER COLUMN id SET DEFAULT nextval('auth_user_user_permissions_id_seq'::regclass);


--
-- Name: chatbot_agent id; Type: DEFAULT; Schema: public; Owner: nobel
--

ALTER TABLE ONLY chatbot_agent ALTER COLUMN id SET DEFAULT nextval('chatbot_agent_id_seq'::regclass);


--
-- Name: chatbot_banglarequests id; Type: DEFAULT; Schema: public; Owner: nobel
--

ALTER TABLE ONLY chatbot_banglarequests ALTER COLUMN id SET DEFAULT nextval('chatbot_banglarequests_id_seq'::regclass);


--
-- Name: chatbot_banglaresponses id; Type: DEFAULT; Schema: public; Owner: nobel
--

ALTER TABLE ONLY chatbot_banglaresponses ALTER COLUMN id SET DEFAULT nextval('chatbot_banglaresponses_id_seq'::regclass);


--
-- Name: chatbot_classtag id; Type: DEFAULT; Schema: public; Owner: nobel
--

ALTER TABLE ONLY chatbot_classtag ALTER COLUMN id SET DEFAULT nextval('chatbot_classtag_id_seq'::regclass);


--
-- Name: chatbot_complaints id; Type: DEFAULT; Schema: public; Owner: nobel
--

ALTER TABLE ONLY chatbot_complaints ALTER COLUMN id SET DEFAULT nextval('chatbot_complaints_id_seq'::regclass);


--
-- Name: chatbot_context id; Type: DEFAULT; Schema: public; Owner: nobel
--

ALTER TABLE ONLY chatbot_context ALTER COLUMN id SET DEFAULT nextval('chatbot_context_id_seq'::regclass);


--
-- Name: chatbot_contextmethod id; Type: DEFAULT; Schema: public; Owner: nobel
--

ALTER TABLE ONLY chatbot_contextmethod ALTER COLUMN id SET DEFAULT nextval('chatbot_contextmethod_id_seq'::regclass);


--
-- Name: chatbot_englishrequests id; Type: DEFAULT; Schema: public; Owner: nobel
--

ALTER TABLE ONLY chatbot_englishrequests ALTER COLUMN id SET DEFAULT nextval('chatbot_englishrequests_id_seq'::regclass);


--
-- Name: chatbot_englishresponses id; Type: DEFAULT; Schema: public; Owner: nobel
--

ALTER TABLE ONLY chatbot_englishresponses ALTER COLUMN id SET DEFAULT nextval('chatbot_englishresponses_id_seq'::regclass);


--
-- Name: chatbot_feedbacks id; Type: DEFAULT; Schema: public; Owner: nobel
--

ALTER TABLE ONLY chatbot_feedbacks ALTER COLUMN id SET DEFAULT nextval('chatbot_feedbacks_id_seq'::regclass);


--
-- Name: django_admin_log id; Type: DEFAULT; Schema: public; Owner: nobel
--

ALTER TABLE ONLY django_admin_log ALTER COLUMN id SET DEFAULT nextval('django_admin_log_id_seq'::regclass);


--
-- Name: django_content_type id; Type: DEFAULT; Schema: public; Owner: nobel
--

ALTER TABLE ONLY django_content_type ALTER COLUMN id SET DEFAULT nextval('django_content_type_id_seq'::regclass);


--
-- Name: django_migrations id; Type: DEFAULT; Schema: public; Owner: nobel
--

ALTER TABLE ONLY django_migrations ALTER COLUMN id SET DEFAULT nextval('django_migrations_id_seq'::regclass);


--
-- Name: products_category id; Type: DEFAULT; Schema: public; Owner: nobel
--

ALTER TABLE ONLY products_category ALTER COLUMN id SET DEFAULT nextval('products_categories_id_seq'::regclass);


--
-- Name: products_product id; Type: DEFAULT; Schema: public; Owner: nobel
--

ALTER TABLE ONLY products_product ALTER COLUMN id SET DEFAULT nextval('products_product_id_seq'::regclass);


--
-- Name: products_productsize id; Type: DEFAULT; Schema: public; Owner: nobel
--

ALTER TABLE ONLY products_productsize ALTER COLUMN id SET DEFAULT nextval('products_productsize_id_seq'::regclass);


--
-- Data for Name: auth_group; Type: TABLE DATA; Schema: public; Owner: nobel
--

COPY auth_group (id, name) FROM stdin;
1	Chatbot Moderators
\.


--
-- Data for Name: auth_group_permissions; Type: TABLE DATA; Schema: public; Owner: nobel
--

COPY auth_group_permissions (id, group_id, permission_id) FROM stdin;
1	1	31
2	1	32
3	1	33
4	1	34
5	1	35
6	1	36
7	1	37
8	1	38
9	1	39
10	1	42
11	1	43
12	1	44
13	1	45
14	1	46
15	1	47
16	1	48
17	1	49
18	1	50
19	1	51
20	1	53
21	1	54
\.


--
-- Data for Name: auth_permission; Type: TABLE DATA; Schema: public; Owner: nobel
--

COPY auth_permission (id, name, content_type_id, codename) FROM stdin;
1	Can add log entry	1	add_logentry
2	Can change log entry	1	change_logentry
3	Can delete log entry	1	delete_logentry
4	Can add permission	2	add_permission
5	Can change permission	2	change_permission
6	Can delete permission	2	delete_permission
7	Can add group	3	add_group
8	Can change group	3	change_group
9	Can delete group	3	delete_group
10	Can add user	4	add_user
11	Can change user	4	change_user
12	Can delete user	4	delete_user
13	Can add content type	5	add_contenttype
14	Can change content type	5	change_contenttype
15	Can delete content type	5	delete_contenttype
16	Can add session	6	add_session
17	Can change session	6	change_session
18	Can delete session	6	delete_session
19	Can add categories	7	add_categories
20	Can change categories	7	change_categories
21	Can delete categories	7	delete_categories
22	Can add product size	8	add_productsize
23	Can change product size	8	change_productsize
24	Can delete product size	8	delete_productsize
25	Can add product	9	add_product
26	Can change product	9	change_product
27	Can delete product	9	delete_product
28	Can add category	7	add_category
29	Can change category	7	change_category
30	Can delete category	7	delete_category
31	Can add bangla requests	16	add_banglarequests
32	Can change bangla requests	16	change_banglarequests
33	Can delete bangla requests	16	delete_banglarequests
34	Can add bangla responses	13	add_banglaresponses
35	Can change bangla responses	13	change_banglaresponses
36	Can delete bangla responses	13	delete_banglaresponses
37	Can add class tag	14	add_classtag
38	Can change class tag	14	change_classtag
39	Can delete class tag	14	delete_classtag
40	Can add complaints	10	add_complaints
41	Can change complaints	10	change_complaints
42	Can delete complaints	10	delete_complaints
43	Can add context tag	11	add_contexttag
44	Can change context tag	11	change_contexttag
45	Can delete context tag	11	delete_contexttag
46	Can add english requests	15	add_englishrequests
47	Can change english requests	15	change_englishrequests
48	Can delete english requests	15	delete_englishrequests
49	Can add english responses	17	add_englishresponses
50	Can change english responses	17	change_englishresponses
51	Can delete english responses	17	delete_englishresponses
52	Can add feedbacks	12	add_feedbacks
53	Can change feedbacks	12	change_feedbacks
54	Can delete feedbacks	12	delete_feedbacks
55	Can add agent	18	add_agent
56	Can change agent	18	change_agent
57	Can delete agent	18	delete_agent
58	Can add context	19	add_context
59	Can change context	19	change_context
60	Can delete context	19	delete_context
61	Can add context method	20	add_contextmethod
62	Can change context method	20	change_contextmethod
63	Can delete context method	20	delete_contextmethod
\.


--
-- Data for Name: auth_user; Type: TABLE DATA; Schema: public; Owner: nobel
--

COPY auth_user (id, password, last_login, is_superuser, username, first_name, last_name, email, is_staff, is_active, date_joined) FROM stdin;
4	pbkdf2_sha256$36000$fFvRShOPztcd$iIH4zP2mGTOoKwykJmNEu6nQxc5Kp1NASB4UZknT7gI=	2017-10-31 14:19:41.658571+00	f	anirudha				f	t	2017-09-30 20:31:40+00
3	pbkdf2_sha256$36000$rUWGivsNx0hS$6bh0C2cT5W3UCfChxRtf2TB94wP2tHgvrUmd/LhsrJA=	2017-11-03 03:14:34.550884+00	f	adnan				f	t	2017-09-30 20:30:16+00
1	pbkdf2_sha256$36000$zGiqxTPaAlLp$w6bo4dz7luxMMMD7Vb9kW5ISRQQo617sxR0TEt+QXDY=	2017-11-03 06:22:45.298548+00	t	hoho			asif.nobel@gmail.com	t	t	2017-06-29 06:52:55.19238+00
\.


--
-- Data for Name: auth_user_groups; Type: TABLE DATA; Schema: public; Owner: nobel
--

COPY auth_user_groups (id, user_id, group_id) FROM stdin;
1	3	1
2	4	1
\.


--
-- Data for Name: auth_user_user_permissions; Type: TABLE DATA; Schema: public; Owner: nobel
--

COPY auth_user_user_permissions (id, user_id, permission_id) FROM stdin;
\.


--
-- Data for Name: chatbot_agent; Type: TABLE DATA; Schema: public; Owner: nobel
--

COPY chatbot_agent (id, name) FROM stdin;
1	Bangla Chowdhury
2	English Chowdhury
\.


--
-- Data for Name: chatbot_banglarequests; Type: TABLE DATA; Schema: public; Owner: nobel
--

COPY chatbot_banglarequests (id, "requestMessage", tag_id) FROM stdin;
165	হ্যালো	152
166	হাই	152
167	আছেন	152
168	ওই	152
169	ওকে ধন্যবাদ	153
170	পরে কথা হবে	153
171	পরে যোগাযোগ করব	153
172	ধন্যবাদ	154
173	আপনাকে ধন্যবাদ	154
174	থ্যাংকস সাহায্য করার জন্য	154
175	আপনারা কখন খোলা থাকেন?	155
176	আপনারা কোন সময় খোলা থাকেন?	155
177	আপনাদের দোকান খোলার সময়টা বলতে পারবেন?	155
178	খোলার সময়টা?	155
179	আপনারা কী কী জিনিস বিক্রি করেন?	156
180	আপনাদের কাছে কী কী প্রোডাক্ট আছে?	156
181	আপনাদের কাছে কোন কোন প্রোডাক্ট আছে?	156
182	আপনারা কী কী হোম থিয়েটার বিক্রি করেন?	157
183	কোন কোন ব্র্যান্ডের হোম থিয়েটার আপনারা বিক্রি করেন?	157
184	আমি হোম থিয়েটার কিনতে চাই	157
185	আমি একটি হোম থিয়েটার নিতে চাই	157
186	হোম থিয়েটার নিয়ে একটু ডিটেইলস বলেন	157
187	হোমথিয়েটার	157
188	হোম থিয়েটার	157
189	সনি হোমথিয়েটার নিয়ে আরও ডিটেইলস জানতে চাই	158
190	সনি হোম থিয়াটার	158
191	আপনাদের কাছে সনির কোন কোন হোম থিয়াটার আছে?	158
192	সনি হোমথিয়েটার নিয়ে আরও ডিটেইলস জানতে চাই	159
193	সনি হোম থিয়াটার	159
194	আপনাদের কাছে সনির কোন কোন মডেল আছে?	159
195	সনি হোমথিয়েটারের দাম সম্পর্কে কিছু বলুন	160
196	সনি হোমথিয়েটারের দাম?	160
197	সনি হোমথিয়েটারের দাম কত?	160
198	সনি হোমথিয়েটার কত পড়বে?	160
199	দাম ?	161
200	দাম কত পড়বে?	161
201	দাম কীরকম পড়বে?	161
202	কত দাম হবে?	161
203	আপনারা কী কী টেলিভিশন বিক্রি করেন?	162
204	আপনারা কোন কোন ব্র্যান্ডের টেলিভিশন বিক্রি করেন?	162
205	আমি টেলিভিশন কিনতে চাই	162
206	আপনাদের কাছে কী কী টেলিভিশন আছে?	162
207	আপনাদের টেলিভিশন সম্পর্কে বলুন	162
208	আপনারা কী কী টিভি বিক্রি করেন?	162
209	আপনারা কোন কোন ব্র্যান্ডের টিভি বিক্রি করেন?	162
210	আমি টিভি কিনতে চাই	162
211	আপনাদের কাছে কী কী টিভি আছে?	162
212	আপনাদের টিভি সম্পর্কে বলুন	162
213	আমাকে সনি টিভির ব্যাপারে বলুন	163
214	সনি টিভির ব্যাপারে বিস্তারিত জানতে চাই	163
215	সনি টিভি সম্পর্কে বিস্তারিত বলুন	163
216	আপনাদের কাছে সনির কোন কোন টিভি আছে?	163
217	সনি টিভির কোন কোন মডেল গুলো আপনাদের কাছে আছে?	163
218	সনি টিভি	163
219	আমাকে সনির ব্যাপারে বলুন	164
220	সনির ব্যাপারে বিস্তারিত জানতে চাই	164
221	সনি সম্পর্কে বিস্তারিত বলুন	164
222	আপনাদের কাছে সনির কোনগুলো আছে?	164
223	সনির কোন কোন মডেল গুলো আপনাদের কাছে আছে?	164
224	সনি	164
225	সনি টিভির দাম সম্পর্কে কিছু বলুন	165
226	সনি টিভির দাম?	165
227	সনি টিভির দাম কত?	165
228	সনি টিভি কত পড়বে?	165
229	দাম ?	166
230	দাম কত পড়বে?	166
231	দাম কীরকম পড়বে?	166
232	কত দাম হবে?	166
233	সনির দাম কেমন হবে?	166
234	সনির ২৪ ইঞ্চি টিভির ব্যাপারে বলুন	167
235	সনি ২৪ ইঞ্চি টিভি	167
236	সনির ২৪ ইঞ্চি টিভির দাম কত?	167
237	দাম কেমন পড়বে সনির ২৪ ইঞ্চি টিভির?	167
238	২৪ ইঞ্চির ব্যাপারে বলুন	168
239	২৪ ইঞ্চি	168
240	২৪ ইঞ্চির দাম কত?	168
241	২৪ ইঞ্চির দাম কত রাখতে পারবেন?	168
242	সনির ৩২ ইঞ্চি টিভির ব্যাপারে বলুন	169
243	সনি ৩২ ইঞ্চি টিভি	169
244	সনির ৩২ ইঞ্চি টিভির দাম কত?	169
245	দাম কেমন পড়বে সনির ৩২ ইঞ্চি টিভির?	169
246	৩২ ইঞ্চির ব্যাপারে বলুন	170
247	৩২ ইঞ্চি	170
248	৩২ ইঞ্চির দাম কত?	170
249	৩২ ইঞ্চির দাম কত রাখতে পারবেন?	170
250	সনির ৪০ ইঞ্চি টিভির ব্যাপারে বলুন	171
251	সনি ৪০ ইঞ্চি টিভি	171
252	সনির ৪০ ইঞ্চি টিভির দাম কত?	171
253	দাম কেমন পড়বে সনির ৪০ ইঞ্চি টিভির?	171
254	৪০ ইঞ্চির ব্যাপারে বলুন	172
255	৪০ ইঞ্চি	172
256	৪০ ইঞ্চির দাম কত?	172
257	৪০ ইঞ্চির দাম কত রাখতে পারবেন?	172
258	সনির ৫৫ ইঞ্চি টিভির ব্যাপারে বলুন	173
259	সনি ৫৫ ইঞ্চি টিভি	173
260	সনির ৫৫ ইঞ্চি টিভির দাম কত?	173
261	দাম কেমন পড়বে সনির ৫৫ ইঞ্চি টিভির?	173
262	৫৫ ইঞ্চির ব্যাপারে বলুন	174
263	৫৫ ইঞ্চি	174
264	৫৫ ইঞ্চির দাম কত?	174
265	৫৫ ইঞ্চির দাম কত রাখতে পারবেন?	174
266	সনির ৬০ ইঞ্চি টিভির ব্যাপারে বলুন	175
267	সনি ৬০ ইঞ্চি টিভি	175
268	সনির ৬০ ইঞ্চি টিভির দাম কত?	175
269	দাম কেমন পড়বে সনির ৬০ ইঞ্চি টিভির?	175
270	৬০ ইঞ্চির ব্যাপারে বলুন	176
271	৬০ ইঞ্চি	176
272	৬০ ইঞ্চির দাম কত?	176
273	৬০ ইঞ্চির দাম কত রাখতে পারবেন?	176
274	আমাকে স্যামসাং টিভির ব্যাপারে বলুন	177
275	স্যামসাং টিভির ব্যাপারে বিস্তারিত জানতে চাই	177
276	স্যামসাং টিভি সম্পর্কে বিস্তারিত বলুন	177
277	আপনাদের কাছে সনির কোন কোন টিভি আছে?	177
278	স্যামসাং টিভির কোন কোন মডেল গুলো আপনাদের কাছে আছে?	177
279	স্যামসাং টিভি	177
280	আমাকে স্যামসাং এর ব্যাপারে বলুন	178
281	স্যামসাং এর ব্যাপারে বিস্তারিত জানতে চাই	178
282	স্যামসাং সম্পর্কে বিস্তারিত বলুন	178
283	আপনাদের কাছে স্যামসাং এর কোনগুলো আছে?	178
284	স্যামসাং এর কোন কোন মডেল গুলো আপনাদের কাছে আছে?	178
285	স্যামসাং	178
286	স্যামসাং টিভির দাম সম্পর্কে কিছু বলুন	179
287	স্যামসাং টিভির দাম?	179
288	স্যামসাং টিভির দাম কত?	179
289	স্যামসাং টিভি কত পড়বে?	179
290	দাম ?	180
291	দাম কত পড়বে?	180
292	দাম কীরকম পড়বে?	180
293	কত দাম হবে?	180
294	স্যামসাং এর দাম কেমন হবে?	180
295	স্যামসাং এর ২৪ ইঞ্চি টিভির ব্যাপারে বলুন	181
296	স্যামসাং ২৪ ইঞ্চি টিভি	181
297	স্যামসাং ২৪ ইঞ্চি টিভির দাম কত?	181
298	দাম কেমন পড়বে স্যামসাং এর ২৪ ইঞ্চি টিভির?	181
299	২৪ ইঞ্চির ব্যাপারে বলুন	182
300	২৪ ইঞ্চি	182
301	২৪ ইঞ্চির দাম কত?	182
302	২৪ ইঞ্চির দাম কত রাখতে পারবেন?	182
303	স্যামসাং এর ৩২ ইঞ্চি টিভির ব্যাপারে বলুন	183
304	স্যামসাং ৩২ ইঞ্চি টিভি	183
305	স্যামসাং ৩২ ইঞ্চি টিভির দাম কত?	183
306	দাম কেমন পড়বে স্যামসাং এর ৩২ ইঞ্চি টিভির?	183
307	৩২ ইঞ্চির ব্যাপারে বলুন	184
308	৩২ ইঞ্চি	184
309	৩২ ইঞ্চির দাম কত?	184
310	৩২ ইঞ্চির দাম কত রাখতে পারবেন?	184
311	স্যামসাং এর ৪০ ইঞ্চি টিভির ব্যাপারে বলুন	185
312	স্যামসাং ৪০ ইঞ্চি টিভি	185
313	স্যামসাং ৪০ ইঞ্চি টিভির দাম কত?	185
314	দাম কেমন পড়বে স্যামসাং এর ৪০ ইঞ্চি টিভির?	185
315	৪০ ইঞ্চির ব্যাপারে বলুন	186
316	৪০ ইঞ্চি	186
317	৪০ ইঞ্চির দাম কত?	186
318	 ইঞ্চির দাম কত রাখতে পারবেন?	186
319	স্যামসাং এর ৫৫ ইঞ্চি টিভির ব্যাপারে বলুন	187
320	স্যামসাং ৫৫ ইঞ্চি টিভি	187
321	স্যামসাং ৫৫ ইঞ্চি টিভির দাম কত?	187
322	দাম কেমন পড়বে স্যামসাং এর ৫৫ ইঞ্চি টিভির?	187
323	৫৫ ইঞ্চির ব্যাপারে বলুন	188
324	৫৫ ইঞ্চি	188
325	৫৫ ইঞ্চির দাম কত?	188
326	৫৫ ইঞ্চির দাম কত রাখতে পারবেন?	188
327	স্যামসাং এর ৬০ ইঞ্চি টিভির ব্যাপারে বলুন	189
328	স্যামসাং ৬০ ইঞ্চি টিভি	189
329	স্যামসাং ৬০ ইঞ্চি টিভির দাম কত?	189
330	দাম কেমন পড়বে স্যামসাং এর ৬০ ইঞ্চি টিভির?	189
331	৬০ ইঞ্চির ব্যাপারে বলুন	190
332	৬০ ইঞ্চি	190
333	৬০ ইঞ্চির দাম কত?	190
334	 ইঞ্চির দাম কত রাখতে পারবেন?	190
335	আমাকে তোশিবা টিভির ব্যাপারে বলুন	191
336	তোশিবা টিভির ব্যাপারে বিস্তারিত জানতে চাই	191
337	তোশিবা টিভি সম্পর্কে বিস্তারিত বলুন	191
338	আপনাদের কাছে তোশিবার কোন কোন টিভি আছে?	191
339	তোশিবা টিভির কোন কোন মডেল গুলো আপনাদের কাছে আছে?	191
340	তোশিবা টিভি	191
341	আমাকে তোশিবা এর ব্যাপারে বলুন	192
342	তোশিবা এর ব্যাপারে বিস্তারিত জানতে চাই	192
343	তোশিবা সম্পর্কে বিস্তারিত বলুন	192
344	আপনাদের কাছে তোশিবা এর কোনগুলো আছে?	192
345	তোশিবা এর কোন কোন মডেল গুলো আপনাদের কাছে আছে?	192
346	তোশিবা	192
347	তোশিবা টিভির দাম সম্পর্কে কিছু বলুন	193
348	তোশিবা টিভির দাম?	193
349	তোশিবা টিভির দাম কত?	193
350	তোশিবা টিভি কত পড়বে?	193
351	দাম ?	194
352	দাম কত পড়বে?	194
353	দাম কীরকম পড়বে?	194
354	কত দাম হবে?	194
355	তোশিবার দাম কেমন হবে?	194
356	তোশিবার ২৪ ইঞ্চি টিভির ব্যাপারে বলুন	195
357	তোশিবা ২৪ ইঞ্চি টিভি	195
358	তোশিবার ২৪ ইঞ্চি টিভির দাম কত?	195
359	দাম কেমন পড়বে তোশিবার ২৪ ইঞ্চি টিভির?	195
360	২৪ ইঞ্চির ব্যাপারে বলুন	196
361	২৪ ইঞ্চি	196
362	২৪ ইঞ্চির দাম কত?	196
363	২৪ ইঞ্চির দাম কত রাখতে পারবেন?	196
364	তোশিবার ৩২ ইঞ্চি টিভির ব্যাপারে বলুন	197
365	তোশিবা ৩২ ইঞ্চি টিভি	197
366	তোশিবার ৩২ ইঞ্চি টিভির দাম কত?	197
367	দাম কেমন পড়বে তোশিবার ৩২ ইঞ্চি টিভির?	197
368	৩২ ইঞ্চির ব্যাপারে বলুন	198
369	৩২ ইঞ্চি	198
370	৩২ ইঞ্চির দাম কত?	198
371	৩২ ইঞ্চির দাম কত রাখতে পারবেন?	198
372	তোশিবার ৪০ ইঞ্চি টিভির ব্যাপারে বলুন	199
373	তোশিবা ৪০ ইঞ্চি টিভি	199
374	তোশিবার ৪০ ইঞ্চি টিভির দাম কত?	199
375	দাম কেমন পড়বে তোশিবার ৪০ ইঞ্চি টিভির?	199
376	৪০ ইঞ্চির ব্যাপারে বলুন	200
377	৪০ ইঞ্চি	200
378	৪০ ইঞ্চির দাম কত?	200
379	 ইঞ্চির দাম কত রাখতে পারবেন?	200
380	তোশিবার ৫৫ ইঞ্চি টিভির ব্যাপারে বলুন	201
381	তোশিবা ৫৫ ইঞ্চি টিভি	201
382	তোশিবার ৫৫ ইঞ্চি টিভির দাম কত?	201
383	দাম কেমন পড়বে তোশিবার  ইঞ্চি টিভির?	201
384	৫৫ ইঞ্চির ব্যাপারে বলুন	202
385	৫৫ ইঞ্চি	202
386	৫৫ ইঞ্চির দাম কত?	202
387	৫৫ ইঞ্চির দাম কত রাখতে পারবেন?	202
388	তোশিবার ৬০ ইঞ্চি টিভির ব্যাপারে বলুন	203
389	তোশিবা ৬০ ইঞ্চি টিভি	203
390	তোশিবার ৬০ ইঞ্চি টিভির দাম কত?	203
391	দাম কেমন পড়বে তোশিবার ৬০ ইঞ্চি টিভির?	203
392	৬০ ইঞ্চির ব্যাপারে বলুন	204
393	৬০ ইঞ্চি	204
394	৬০ ইঞ্চির দাম কত?	204
395	৬০ ইঞ্চির দাম কত রাখতে পারবেন?	204
396	আমাকে এলজি টিভির ব্যাপারে বলুন	205
397	এলজি টিভির ব্যাপারে বিস্তারিত জানতে চাই	205
398	এলজি টিভি সম্পর্কে বিস্তারিত বলুন	205
399	আপনাদের কাছে এলজির কোন কোন টিভি আছে?	205
400	এলজি টিভির কোন কোন মডেল গুলো আপনাদের কাছে আছে?	205
401	এলজি টিভি	205
402	আমাকে এলজির ব্যাপারে বলুন	206
403	এলজির ব্যাপারে বিস্তারিত জানতে চাই	206
404	এলজি সম্পর্কে বিস্তারিত বলুন	206
405	আপনাদের কাছে এলজির কোনগুলো আছে?	206
406	এলজির কোন কোন মডেল গুলো আপনাদের কাছে আছে?	206
407	এলজি	206
408	এলজি টিভির দাম সম্পর্কে কিছু বলুন	207
409	এলজি টিভির দাম?	207
410	এলজি টিভির দাম কত?	207
411	এলজি টিভি কত পড়বে?	207
412	দাম ?	208
413	দাম কত পড়বে?	208
414	দাম কীরকম পড়বে?	208
415	কত দাম হবে?	208
416	এলজির দাম কেমন হবে?	208
417	এলজির ২৪ ইঞ্চি টিভির ব্যাপারে বলুন	209
418	এলজি ২৪ ইঞ্চি টিভি	209
419	এলজির ২৪ ইঞ্চি টিভির দাম কত?	209
420	দাম কেমন পড়বে এলজির ২৪ ইঞ্চি টিভির?	209
421	২৪ ইঞ্চির ব্যাপারে বলুন	210
422	২৪ ইঞ্চি	210
423	২৪ ইঞ্চির দাম কত?	210
424	২৪ ইঞ্চির দাম কত রাখতে পারবেন?	210
425	এলজির ৩২ ইঞ্চি টিভির ব্যাপারে বলুন	211
426	এলজি ৩২ ইঞ্চি টিভি	211
427	এলজির ৩২ ইঞ্চি টিভির দাম কত?	211
428	দাম কেমন পড়বে এলজির ৩২ ইঞ্চি টিভির?	211
429	৩২ ইঞ্চির ব্যাপারে বলুন	212
430	৩২ ইঞ্চি	212
431	৩২ ইঞ্চির দাম কত?	212
432	৩২ ইঞ্চির দাম কত রাখতে পারবেন?	212
433	এলজির ৪০ ইঞ্চি টিভির ব্যাপারে বলুন	213
434	এলজি ৪০ ইঞ্চি টিভি	213
435	এলজির ৪০ ইঞ্চি টিভির দাম কত?	213
436	দাম কেমন পড়বে এলজির ৪০ ইঞ্চি টিভির?	213
437	৪০ ইঞ্চির ব্যাপারে বলুন	214
438	৪০ ইঞ্চি	214
439	৪০ ইঞ্চির দাম কত?	214
440	৪০ ইঞ্চির দাম কত রাখতে পারবেন?	214
441	এলজির ৫৫ ইঞ্চি টিভির ব্যাপারে বলুন	215
442	এলজি ৫৫ ইঞ্চি টিভি	215
443	এলজির ৫৫ ইঞ্চি টিভির দাম কত?	215
444	দাম কেমন পড়বে এলজির ৫৫ ইঞ্চি টিভির?	215
445	৫৫ ইঞ্চির ব্যাপারে বলুন	216
446	৫৫ ইঞ্চি	216
447	৫৫ ইঞ্চির দাম কত?	216
448	৫৫ ইঞ্চির দাম কত রাখতে পারবেন?	216
449	এলজির ৬০ ইঞ্চি টিভির ব্যাপারে বলুন	217
450	এলজি ৬০ ইঞ্চি টিভি	217
451	এলজির ৬০ ইঞ্চি টিভির দাম কত?	217
452	দাম কেমন পড়বে এলজির ৬০ ইঞ্চি টিভির?	217
453	৬০ ইঞ্চির ব্যাপারে বলুন	218
454	৬০ ইঞ্চি	218
455	৬০ ইঞ্চির দাম কত?	218
456	৬০ ইঞ্চির দাম কত রাখতে পারবেন?	218
457	আরও বিস্তারিত বলুন	219
458	আমাকে আরও কিছু তথ্য দিতে পারবেন?	219
459	আরও ডিটেইলস জানতে চাচ্ছি	219
460	আপনাদের কন্টাক্ট নাম্বারটা দিন	219
461	কন্টাক্ট নাম্বার	219
462	আপনাদের ফোন নাম্বারটা দিন	219
463	ফোন নাম্বার	219
464	আপনারা কি ক্রেডিট কার্ড একসেপ্ট করেন?	220
465	আপনারা ভিসা কার্ড নেন?	220
466	আপনারা কি শুধু ক্যাশ পেমেন্ট নেন?	220
467	আমি কি কার্ড দিয়ে পেমেন্ট করতে পারব?	220
468	আপনারা মাষ্টারকার্ড সাপোর্ট করেন?	220
469	আপানারা ভিসা সাপোর্ট করেন?	220
470	আপনারা এমেক্স কার্ড সাপোর্ট করেন?	220
471	আপনারা বিকাশ কার্ড একসেপ্ট করেন?	221
472	আমি কী বিকাশ দিয়ে টাকা প্রদান করতে পারবো?	221
473	আপনারা কী বিকাশ পেমেন্ট নেন?	221
474	আপনারা কি আজকে খোলা?	222
475	আজ আপনারা কখন খোলা থাকবেন?	222
476	আজকে আপনাদের দোকান কোন সময় খোলা থাকবে?	222
477	আমি কিভাবে দাম পরিশোধ করব?	223
478	আমি কিভাবে পে করতে পারি?	223
479	আমি কিভাবে পেমেন্ট করতে পারি?	223
480	আপনাদের কাছে কী কী পেমেন্ট মেথড আছে?	223
481	কী কী উপায়ে দাম পরিশোধ করতে পারি?	223
482	আপনাদের ঠিকানাটা বলুন	224
483	আপনাদের দোকানের এড্রেস টা দিন	224
484	আপনাদের দোকান কোথায় অবস্থিত?	224
485	আপনাদের দোকানের ঠিকানাটা দিন	224
486	আপনাদের ঠিকানাটা দিতে পারবেন?	224
487	আপনাদের দোকানটা ঠিক কোথায়?	224
488	আপনারা কী হোম ডেলিভারি দেন?	225
489	আপনারা বাসায় ডেলিভারি দেন?	225
490	আপনাদের হোম ডেলিভারির সুবিধা আছে	225
491	আপনাদের পক্ষে কি বাসায় ডেলিভারি দেওয়া সম্ভব?	225
492	আপনারা কি প্রোডাক্ট বাসায় পৌছে দিতে পারবেন?	225
493	আপনারা কি প্রোডাক্ট বাড়িতে পৌছে দিতে পারবেন?	225
494	টিভির কি ওয়ারেন্টি আছে?	226
495	হোম থিয়াটেরের ওয়ারেন্টি আছে?	226
496	আপনাদের ওয়ারেন্টি পলিসি কী?	226
497	আপনারা কীরকম ওয়ারেন্টি দেন?	226
498	আপনারা প্রোডাক্টের গেরেন্টি দেন?	226
499	কোন ডিসাকাউন্ট অফার চলছে?	227
500	আমি কি কোন ডিস্কাউন্ট পেতে পারি?	227
501	দাম কিছু কম হওয়া যায় না ?	227
502	টিভির সাথে কি স্ট্যান্ড দেন আপনারা?	228
503	আপনারা ওয়াল মাউন্ট দেন?	228
504	আমি কিভাবে অর্ডার দিতে পারি?	229
505	আমি কিভাবে অর্ডার প্লেস করব	229
506	জিনিস কিনতে চাইলে কী করতে হবে?	229
507	আমি কিভাবে প্রোডাক্ট রিটার্ন করতে পারি?	230
508	আমার প্রোডাক্ট পছন্দ না হলে কী করব?	230
509	আপনাদের রিটার্ন পলিসি কী?	230
510	যদি প্রোডাক্টে সমস্যা থাকে তাহলে কী করব?	230
511	যদি প্রোডাক্টে ডিফেক্ট থাকতে তাহলে কী করব?	230
512	আপনারা ঢাকার বাইরে শিপমেন্ট করেন?	231
513	আমি কি ঢাকার বাইরে প্রোডাক্ট পেতে পারি?	231
514	আমি ঢাকার বাইরে থাকি	231
515	ঢাকার বাইরে শিপমেন্টে কত নেন?	232
516	ঢাকার বাইরে শিপমেন্ট চার্জ কত?	232
517	শিপিং চার্জ কত পড়বে ঢাকার বাইরে?	232
518	ঢাকার বাইরে ডেলিভারি পেতে কত খরচ পড়বে?	232
519	প্রোডাক্ট পেতে কীরকম সময় লাগবে?	233
520	ডেলিভারি পেতে কীরকম সময় লাগবে?	233
521		234
522	হাই সেক্সি	235
523	আপ্পি নাইচ লাগসা	235
524	চুদির ভাই	235
525	ঐ খানকি মাগি	235
526	আমি তোমায় ভালবাসি	235
527	চুম্মা দে	235
528	তোর মায়েরে	235
529	চুদলাম না	235
530	হাউয়ার বাল	235
531	হালকা মুতে শুয়ে পড়	235
532	আপনাদের বিকাশ নাম্বার ? 	221
\.


--
-- Data for Name: chatbot_banglaresponses; Type: TABLE DATA; Schema: public; Owner: nobel
--

COPY chatbot_banglaresponses (id, "responseMessage", tag_id) FROM stdin;
51	হ্যালো চৌধুরী ইলেক্ট্রনিক্সে স্বাগতম আপনাকে কিভাবে সাহায্য করতে পারি?	152
52	ধন্যবাদ আমাদের ভিজিট করার জন্য	153
53	ধন্যবাদ আবার আসবেন	153
54	আপনার দিনটি সুন্দর কাটুক	153
55	আপনাকেও ধন্যবাদ	154
56	যে কোন দরকারে বলবেন	154
57	আমাদের দোকান সকাল ৯ টা থেকে রাত ৯ টা পর্যন্ত খোলা থাকে	155
58	আমরা সকাল ৯ টা থেকে রাত ৯ টা পর্যন্ত খোলা রাখি দোকান	155
59	আমাদের টেলিভিশন এবং হোম থিয়েটার  আছে	156
60	আমাদের টেলিভিশন এবং হোম থিয়েটার বিক্রি করি	156
61	আমাদের কাছে কয়েকটাইপের হোম থিয়েটার আছে যেমন কম্প্যাক্ট স্যাটাইলাইট স্পিকার, টল বয় স্পিকার, ফ্লোর স্ট্যান্ডিং স্পিকার সাবউফার সহ এবং ফাইভ মাসটার ডিজিটাল এপ্লিফায়ার। ডিটেইলস জানতে আমাদের কন্টাক্ট নাম্বারে ফোন দিন	157
62	আমাদের কাছে কয়েকটাইপের সনি হোম থিয়েটার আছে যেমন কম্প্যাক্ট স্যাটাইলাইট স্পিকার, টল বয় স্পিকার, ফ্লোর স্ট্যান্ডিং স্পিকার সাবউফার সহ এবং ফাইভ মাসটার ডিজিটাল এপ্লিফায়ার	158
63	আমাদের কাছে কয়েকটাইপের সনি হোম থিয়েটার আছে যেমন কম্প্যাক্ট স্যাটাইলাইট স্পিকার, টল বয় স্পিকার, ফ্লোর স্ট্যান্ডিং স্পিকার সাবউফার সহ এবং ফাইভ মাসটার ডিজিটাল এপ্লিফায়ার	159
64	সনি কম্প্যাক্ট স্যাটাইলাইট স্পিকার সহ হোমথিয়েটারের দাম পড়বে ২৭ হাজার টাকা, সনি টল বয় স্পিকার এর দাম পড়বে ৩৪ হাজার টাকা, সনি ফ্লোর স্ট্যান্ডিং স্পিকার সাবউফার সহ হোমথিয়েটারের দাম পড়বে ৪০ হাজার টাকা এবং সনি  ফাইভ মাসটার ডিজিটাল এপ্লিফায়ার এর দাম পড়বে ৬২ হাজার টাকা	160
65	সনি কম্প্যাক্ট স্যাটাইলাইট স্পিকার সহ হোমথিয়েটারের দাম পড়বে ২৭ হাজার টাকা, সনি টল বয় স্পিকার এর দাম পড়বে ৩৪ হাজার টাকা, সনি ফ্লোর স্ট্যান্ডিং স্পিকার সাবউফার সহ হোমথিয়েটারের দাম পড়বে ৪০ হাজার টাকা এবং সনি  ফাইভ মাসটার ডিজিটাল এপ্লিফায়ার এর দাম পড়বে ৬২ হাজার টাকা	161
66	আমরা সনি, স্যামসাং, এল জি এবং তোশিবার ব্র্যান্ডের টিভি বিক্রি করি	162
67	আমাদের কাছে সনির ২৪, ৩২, ৪০ , ৫৫ এবং ৬০ ইঞ্চির টিভি আছে এবং সেগুলো ৭২০,১০৮০ অথবা ৪কে রেস্যুলেশনের হয়ে থাকে	163
68	আমাদের কাছে সনির ২৪, ৩২, ৪০ , ৫৫ এবং ৬০ ইঞ্চির টিভি আছে এবং সেগুলো ৭২০,১০৮০ অথবা ৪কে রেস্যুলেশনের হয়ে থাকে	164
69	সনি ২৪ ইঞ্চি টিভির দাম পড়বে ২২ হাজার টাকা, সনি ৩২ ইঞ্চি টিভির দাম পড়বে ২৭ হাজার টাকা, সনি ৪০ ইঞ্চি টিভির দাম পড়বে ৩৪ হাজার টাকা, সনি ৫৫ ইঞ্চি টিভির দাম পড়বে ৮০ হাজার টাকা এবং সনি ৬০ ইঞ্চি টিভির দাম পড়বে ৯৭ হাজার টাকা	165
70	সনি ২৪ ইঞ্চি টিভির দাম পড়বে ২২ হাজার টাকা, সনি ৩২ ইঞ্চি টিভির দাম পড়বে ২৭ হাজার টাকা, সনি ৪০ ইঞ্চি টিভির দাম পড়বে ৩৪ হাজার টাকা, সনি ৫৫ ইঞ্চি টিভির দাম পড়বে ৮০ হাজার টাকা এবং সনি ৬০ ইঞ্চি টিভির দাম পড়বে ৯৭ হাজার টাকা	166
71	সনির ২৪ ইঞ্চি টিভির দাম ২২ হাজার টাকা। যদিও এর স্ক্রিন ৭২০ পিক্সেলের কিন্তু ছোট রুমের জন্য ভাল হবে এটা	167
72	সনির ২৪ ইঞ্চি টিভির দাম ২২ হাজার টাকা। যদিও এর স্ক্রিন ৭২০ পিক্সেলের কিন্তু ছোট রুমের জন্য ভাল হবে এটা	168
73	সনির ৩২ ইঞ্চি টিভির দাম ২৭ হাজার টাকার এবং ডিসপ্লে ১০৮০পি। যদিও ইন্টারনেট নেই কিন্তু বাজেটের মাঝে বেস্ট চয়েজ	169
74	সনির ৩২ ইঞ্চি টিভির দাম ২৭ হাজার টাকার এবং ডিসপ্লে ১০৮০পি। যদিও ইন্টারনেট নেই কিন্তু বাজেটের মাঝে বেস্ট চয়েজ	170
75	সনির ৪০ ইঞ্চি টিভির দাম ৩৪ হাজার টাকা। এর ডিসপ্লে ১০৮০পি র কিন্তু আই পি এস প্যানলের জন্য এটা এই দামে আসলেই ভাল চয়েজ	171
76	সনির ৪০ ইঞ্চি টিভির দাম ৩৪ হাজার টাকা। এর ডিসপ্লে ১০৮০পি র কিন্তু আই পি এস প্যানলের জন্য এটা এই দামে আসলেই ভাল চয়েজ	172
77	সনির ৫৫ ইঞ্চি টিভির দাম ৮০ হাজার টাকা। এটার স্ক্রিন ৪কে এবং বিল্ট ইন ওয়াইফাই ও আছে। স্মার্ট টিভির মাঝে এটা অসাধারণ	173
78	সনির ৫৫ ইঞ্চি টিভির দাম ৮০ হাজার টাকা। এটার স্ক্রিন ৪কে এবং বিল্ট ইন ওয়াইফাই ও আছে। স্মার্ট টিভির মাঝে এটা অসাধারণ	174
79	সনির ৬০ ইঞ্চি টিভির দাম ৯৭ হাজার টাকা। এর অসাধারণ ৪কে ডিসপ্লের পাশাপাশি সনির সব বেস্ট ফিচারগুলো আছে	175
80	সনির ৬০ ইঞ্চি টিভির দাম ৯৭ হাজার টাকা। এর অসাধারণ ৪কে ডিসপ্লের পাশাপাশি সনির সব বেস্ট ফিচারগুলো আছে	176
81	আমাদের কাছে স্যামসাং এর ২৪, ৩২, ৪০ , ৫৫ এবং ৬০ ইঞ্চির টিভি আছে এবং সেগুলো ৭২০,১০৮০ অথবা ৪কে রেস্যুলেশনের হয়ে থাকে	177
82	আমাদের কাছে স্যামসাং এর ২৪, ৩২, ৪০ , ৫৫ এবং ৬০ ইঞ্চির টিভি আছে এবং সেগুলো ৭২০,১০৮০ অথবা ৪কে রেস্যুলেশনের হয়ে থাকে	178
83	স্যামসাং ২৪ ইঞ্চি টিভির দাম পড়বে ২১ হাজার টাকা, স্যামসাং ৩২ ইঞ্চি টিভির দাম পড়বে ২৭ হাজার টাকা, স্যামসাং ৪০ ইঞ্চি টিভির দাম পড়বে ৩১ হাজার টাকা, স্যামসাং ৫৫ ইঞ্চি টিভির দাম পড়বে ৮১ হাজার টাকা এবং স্যামসাং ৬০ ইঞ্চি টিভির দাম পড়বে ৯৪ হাজার টাকা	179
84	স্যামসাং ২৪ ইঞ্চি টিভির দাম পড়বে ২১ হাজার টাকা, স্যামসাং ৩২ ইঞ্চি টিভির দাম পড়বে ২৭ হাজার টাকা, স্যামসাং ৪০ ইঞ্চি টিভির দাম পড়বে ৩১ হাজার টাকা, স্যামসাং ৫৫ ইঞ্চি টিভির দাম পড়বে ৮১ হাজার টাকা এবং স্যামসাং ৬০ ইঞ্চি টিভির দাম পড়বে ৯৪ হাজার টাকা	180
85	স্যামসাং এর ২৪ ইঞ্চি টিভির দাম ২১ হাজার টাকা। যদিও এর স্ক্রিন ৭২০ পিক্সেলের কিন্তু ছোট রুমের জন্য ভাল হবে এটা	181
86	স্যামসাং এর ২৪ ইঞ্চি টিভির দাম ২১ হাজার টাকা। যদিও এর স্ক্রিন ৭২০ পিক্সেলের কিন্তু ছোট রুমের জন্য ভাল হবে এটা	182
87	স্যামসাং এর ৩২ ইঞ্চি টিভির দাম ২৬ হাজার টাকার এবং ডিসপ্লে ১০৮০পি। যদিও ইন্টারনেট নেই কিন্তু বাজেটের মাঝে বেস্ট চয়েজ	183
88	স্যামসাং এর ৩২ ইঞ্চি টিভির দাম ২৬ হাজার টাকার এবং ডিসপ্লে ১০৮০পি। যদিও ইন্টারনেট নেই কিন্তু বাজেটের মাঝে বেস্ট চয়েজ	184
89	স্যামসাং এর ৪০ ইঞ্চি টিভির দাম ৩১ হাজার টাকা। এর ডিসপ্লে ১০৮০পি র কিন্তু আই পি এস প্যানলের জন্য এটা এই দামে আসলেই ভাল চয়েজ	185
90	স্যামসাং এর ৪০ ইঞ্চি টিভির দাম ৩১ হাজার টাকা। এর ডিসপ্লে ১০৮০পি র কিন্তু আই পি এস প্যানলের জন্য এটা এই দামে আসলেই ভাল চয়েজ	186
91	স্যামসাং এর ৫৫ ইঞ্চি টিভির দাম ৮১ হাজার টাকা। এটার স্ক্রিন ৪কে এবং বিল্ট ইন ওয়াইফাই ও আছে। স্মার্ট টিভির মাঝে এটা অসাধারণ	187
92	স্যামসাং এর ৫৫ ইঞ্চি টিভির দাম ৮১ হাজার টাকা। এটার স্ক্রিন ৪কে এবং বিল্ট ইন ওয়াইফাই ও আছে। স্মার্ট টিভির মাঝে এটা অসাধারণ	188
93	স্যামসাং এর ৬০ ইঞ্চি টিভির দাম ৯৪ হাজার টাকা। এর অসাধারণ ৪কে ডিসপ্লের পাশাপাশি স্যামসাং এর সব বেস্ট ফিচারগুলো আছে	189
94	স্যামসাং এর ৬০ ইঞ্চি টিভির দাম ৯৪ হাজার টাকা। এর অসাধারণ ৪কে ডিসপ্লের পাশাপাশি স্যামসাং এর সব বেস্ট ফিচারগুলো আছে	190
95	আমাদের কাছে তোশিবার ২৪, ৩২, ৪০ , ৫৫ এবং ৬০ ইঞ্চির টিভি আছে এবং সেগুলো ৭২০,১০৮০ অথবা ৪কে রেস্যুলেশনের হয়ে থাকে	191
96	আমাদের কাছে তোশিবার ২৪, ৩২, ৪০ , ৫৫ এবং ৬০ ইঞ্চির টিভি আছে এবং সেগুলো ৭২০,১০৮০ অথবা ৪কে রেস্যুলেশনের হয়ে থাকে	192
117	এলজির এর ৪০ ইঞ্চি টিভির দাম ৩২ হাজার টাকা। এর ডিসপ্লে ১০৮০পি র কিন্তু আই পি এস প্যানলের জন্য এটা এই দামে আসলেই ভাল চয়েজ	213
97	তোশিবা ২৪ ইঞ্চি টিভির দাম পড়বে ১৭ হাজার টাকা, তোশিবা ৩২ ইঞ্চি টিভির দাম পড়বে ২১ হাজার টাকা, তোশিবা ৪০ ইঞ্চি টিভির দাম পড়বে ৩০ হাজার টাকা, তোশিবা ৫৫ ইঞ্চি টিভির দাম পড়বে ৭৩ হাজার টাকা এবং তোশিবা ৬০ ইঞ্চি টিভির দাম পড়বে ৯১ হাজার টাকা	193
98	তোশিবা ২৪ ইঞ্চি টিভির দাম পড়বে ১৭ হাজার টাকা, তোশিবা ৩২ ইঞ্চি টিভির দাম পড়বে ২১ হাজার টাকা, তোশিবা ৪০ ইঞ্চি টিভির দাম পড়বে ৩০ হাজার টাকা, তোশিবা ৫৫ ইঞ্চি টিভির দাম পড়বে ৭৩ হাজার টাকা এবং তোশিবা ৬০ ইঞ্চি টিভির দাম পড়বে ৯১ হাজার টাকা	194
99	তোশিবার ২৪ ইঞ্চি টিভির দাম ১৭ হাজার টাকা। যদিও এর স্ক্রিন ৭২০ পিক্সেলের কিন্তু ছোট রুমের জন্য ভাল হবে এটা	195
100	তোশিবার ২৪ ইঞ্চি টিভির দাম ১৭ হাজার টাকা। যদিও এর স্ক্রিন ৭২০ পিক্সেলের কিন্তু ছোট রুমের জন্য ভাল হবে এটা	196
101	তোশিবার ৩২ ইঞ্চি টিভির দাম ২১ হাজার টাকার এবং ডিসপ্লে ১০৮০পি। যদিও ইন্টারনেট নেই কিন্তু বাজেটের মাঝে বেস্ট চয়েজ	197
102	তোশিবার ৩২ ইঞ্চি টিভির দাম ২১ হাজার টাকার এবং ডিসপ্লে ১০৮০পি। যদিও ইন্টারনেট নেই কিন্তু বাজেটের মাঝে বেস্ট চয়েজ	198
103	তোশিবার এর ৪০ ইঞ্চি টিভির দাম ৩০ হাজার টাকা। এর ডিসপ্লে ১০৮০পি র কিন্তু আই পি এস প্যানলের জন্য এটা এই দামে আসলেই ভাল চয়েজ	199
104	তোশিবার এর ৪০ ইঞ্চি টিভির দাম ৩০ হাজার টাকা। এর ডিসপ্লে ১০৮০পি র কিন্তু আই পি এস প্যানলের জন্য এটা এই দামে আসলেই ভাল চয়েজ	200
105	তোশিবার এর ৫৫ ইঞ্চি টিভির দাম ৭৩ হাজার টাকা। এটার স্ক্রিন ৪কে এবং বিল্ট ইন ওয়াইফাই ও আছে। স্মার্ট টিভির মাঝে এটা অসাধারণ	201
106	তোশিবার এর ৫৫ ইঞ্চি টিভির দাম ৭৩ হাজার টাকা। এটার স্ক্রিন ৪কে এবং বিল্ট ইন ওয়াইফাই ও আছে। স্মার্ট টিভির মাঝে এটা অসাধারণ	202
107	তোশিবার ৬০ ইঞ্চি টিভির দাম ৯১ হাজার টাকা। এর অসাধারণ ৪কে ডিসপ্লের পাশাপাশি তোশিবার সব বেস্ট ফিচারগুলো আছে	203
108	তোশিবার ৬০ ইঞ্চি টিভির দাম ৯১ হাজার টাকা। এর অসাধারণ ৪কে ডিসপ্লের পাশাপাশি তোশিবার সব বেস্ট ফিচারগুলো আছে	204
109	আমাদের কাছে এলজির ২৪, ৩২, ৪০ , ৫৫ এবং ৬০ ইঞ্চির টিভি আছে এবং সেগুলো ৭২০,১০৮০ অথবা ৪কে রেস্যুলেশনের হয়ে থাকে	205
110	আমাদের কাছে এলজির ২৪, ৩২, ৪০ , ৫৫ এবং ৬০ ইঞ্চির টিভি আছে এবং সেগুলো ৭২০,১০৮০ অথবা ৪কে রেস্যুলেশনের হয়ে থাকে	206
111	এলজি ২৪ ইঞ্চি টিভির দাম পড়বে ২০ হাজার টাকা, এলজি ৩২ ইঞ্চি টিভির দাম পড়বে ২৫ হাজার টাকা, এলজি ৪০ ইঞ্চি টিভির দাম পড়বে ৩২ হাজার টাকা, এলজি ৫৫ ইঞ্চি টিভির দাম পড়বে ৭৮ হাজার টাকা এবং এলজি ৬০ ইঞ্চি টিভির দাম পড়বে ৯৫ হাজার টাকা	207
112	এলজি ২৪ ইঞ্চি টিভির দাম পড়বে ২০ হাজার টাকা, এলজি ৩২ ইঞ্চি টিভির দাম পড়বে ২৫ হাজার টাকা, এলজি ৪০ ইঞ্চি টিভির দাম পড়বে ৩২ হাজার টাকা, এলজি ৫৫ ইঞ্চি টিভির দাম পড়বে ৭৮ হাজার টাকা এবং এলজি ৬০ ইঞ্চি টিভির দাম পড়বে ৯৫ হাজার টাকা	208
113	এলজির এর ২৪ ইঞ্চি টিভির দাম ২০ হাজার টাকা। যদিও এর স্ক্রিন ৭২০ পিক্সেলের কিন্তু ছোট রুমের জন্য ভাল হবে এটা	209
114	এলজির এর ২৪ ইঞ্চি টিভির দাম ২০ হাজার টাকা। যদিও এর স্ক্রিন ৭২০ পিক্সেলের কিন্তু ছোট রুমের জন্য ভাল হবে এটা	210
115	এলজির ৩২ ইঞ্চি টিভির দাম ২৫ হাজার টাকার এবং ডিসপ্লে ১০৮০পি। যদিও ইন্টারনেট নেই কিন্তু বাজেটের মাঝে বেস্ট চয়েজ	211
116	এলজির ৩২ ইঞ্চি টিভির দাম ২৫ হাজার টাকার এবং ডিসপ্লে ১০৮০পি। যদিও ইন্টারনেট নেই কিন্তু বাজেটের মাঝে বেস্ট চয়েজ	212
118	এলজির এর ৪০ ইঞ্চি টিভির দাম ৩২ হাজার টাকা। এর ডিসপ্লে ১০৮০পি র কিন্তু আই পি এস প্যানলের জন্য এটা এই দামে আসলেই ভাল চয়েজ	214
119	এলজির ৫৫ ইঞ্চি টিভির দাম ৭৮ হাজার টাকা। এটার স্ক্রিন ৪কে এবং বিল্ট ইন ওয়াইফাই ও আছে। স্মার্ট টিভির মাঝে এটা অসাধারণ	215
120	এলজির ৫৫ ইঞ্চি টিভির দাম ৭৮ হাজার টাকা। এটার স্ক্রিন ৪কে এবং বিল্ট ইন ওয়াইফাই ও আছে। স্মার্ট টিভির মাঝে এটা অসাধারণ	216
121	এলজির ৬০ ইঞ্চি টিভির দাম ৯৫ হাজার টাকা। এর অসাধারণ ৪কে ডিসপ্লের পাশাপাশি এলজির সব বেস্ট ফিচারগুলো আছে	217
122	এলজির ৬০ ইঞ্চি টিভির দাম ৯৫ হাজার টাকা। এর অসাধারণ ৪কে ডিসপ্লের পাশাপাশি এলজির সব বেস্ট ফিচারগুলো আছে	218
123	বিস্তারিত জানতে ফোন করুন ০১৭৫২৫০৯৮৯০	219
124	আমরা ভিসা, আমেরিকান এক্সপ্রেস আর মাস্টারকারড এ পেমেন্ট নেই	220
125	আমরা মোটামুটি সবধরনের কার্ডেই পেমেন্ট নেই	220
126	হ্যাঁ, আমরা বিকাশের মাধ্যমে টাকা গ্রহণ করি এবং আমাদের বিকাশ মার্চেন্টের আকাউন্ট নাম্বার ০১৬৮৭০৩২৩৫৩	221
127	আমাদের দোকান সকাল ৯ টা থেকে রাত ৯ টা পর্যন্ত খোলা থাকে	222
128	আমরা সকাল ৯ টা থেকে রাত ৯ টা পর্যন্ত খোলা রাখি দোকান	222
129	আপনি ক্যাশ , ক্রেডিট কার্ড অথবা বিকাশে পেমেন্ট করতে পারবেন	223
130	আমাদের দোকানের ঠিকানা হচ্ছে শপ - ৪২৫ , ৪২৬ , ৪২৭ , লেভেল - ৪, আলপনা প্লাজার তৃতীয় তলা, ৫১ এলিফেন্ট রোড , ঢাকা , বাংলাদেশ	224
131	হ্যাঁ আমাদের হোম ডেলিভারি সার্ভিস আছে কিন্তু সেক্ষেত্রে এক্সট্রা ৩০০ টাকা চার্জ লাগবে	225
132	হ্যাঁ আমরা আমাদের সব প্রোডাক্টে ২ বছরের ওয়ারেন্টি দেই	226
133	সরি এই মুহূর্তে আমরা কোন ডিসকাউন্ট দিচ্ছি না। সব গুলোই ফিক্সড প্রাইস	227
134	না কিন্তু আপনি টিভি স্ট্যান্ড বা ওয়াল মাউন্ট কিনতে পারবেন। সেটার দাম পড়বে ১৫০০ টাকা	228
135	আপনি আমার সাথে প্রোডাক্টের ব্যাপারে কথা বলতে পারেন কিন্তু অর্ডার প্লেস করতে চাইলে আমাদের দোকানে ফোন দিন এই নাম্বারে ০১৭৫২৫০৯৮৯০	229
136	আমরা আন্তরিকভাবে দুঃখিত যে আমাদের কোন রিটার্ন, রিফান্ড বা এক্সচেঞ্জ পলিসি নাই প্রোডাক্ট ডেলিভারি দেওয়ার পর। তাই আমরা বলব ডেলিভারি পাওয়ার পরই প্রোডাক্ট চেক করে নিতে। যদি কোন ডিফেক্ট থাকে তাহলে আমরা চেঞ্জ করে দিব	230
137	ঢাকার বাইরে আমরা নিজেরা ডেলিভারি দেই না কিন্তু বাংলাদেশের যেকোন প্রান্তে আমরা কুরিয়ারের মাধ্যমে প্রোডাক্ট পাঠাই। সে ক্ষেত্রে কাস্টোমারকে ক্যারিয়িং চার্জ এবং লায়েবিলিটি নিতে হয়	231
138	ঢাকার বাইরে অর্ডারের ক্ষেত্রে ৫০০০ টাকা এডভান্স দিতে হবে আর শিপিং চার্জ যেই কুরিয়ার সার্ভিসের মাধ্যমে পেতে চান সেটার চার্জ অনুযায়ী হবে	232
139	আমরা চেষ্টা করি ৪৮ ঘণ্টার মাঝে ডেলিভারি দিতে। তাও কোন কারনে দেরি হলে আমরা আপনার কন্টাক্ট নাম্বারে সাথে সাথে যোগাযোগ করব	233
140	দুঃখিত আপনার প্রশ্ন আমি বুঝতে পারছি না। আমাকে আপনি কেবলমাত্র চৌধুরী ইলেক্ট্রনিক্সের প্রোডাক্ট, পেমেন্ট এবং অন্যান্য ব্যাপারে জেনারেল এনকোয়ারি করতে পারবেন	234
141	আপনি আজে বাজে কথা বলছেন কেন!? আমাকে এসব বলে লাভ নেই। আমাকে আপনি কেবলমাত্র চৌধুরী ইলেক্ট্রনিক্সের প্রোডাক্ট, পেমেন্ট এবং অন্যান্য ব্যাপারে জেনারেল এনকোয়ারি করতে পারবেন	235
\.


--
-- Data for Name: chatbot_classtag; Type: TABLE DATA; Schema: public; Owner: nobel
--

COPY chatbot_classtag (id, "tagName", "agentId_id") FROM stdin;
68	greeting	2
69	goodbye	2
70	thanks	2
71	hours	2
72	products	2
73	hometheater	2
74	Sony_Hometheater	2
75	Sony_Hometheater_WC	2
76	Sony_Hometheater_Price	2
77	Sony_Hometheater_Price_WC	2
78	television	2
79	Sony_TV	2
80	Sony_TV_WC	2
81	Sony_TV_Price	2
82	Sony_TV_Price_WC	2
83	Sony_TV_24	2
84	Sony_TV_24_WC	2
85	Sony_TV_32	2
86	Sony_TV_32_WC	2
87	Sony_TV_40	2
88	Sony_TV_40_WC	2
89	Sony_TV_55	2
90	Sony_TV_55_WC	2
91	Sony_TV_60	2
92	Sony_TV_60_WC	2
93	Samsung_TV	2
94	Samsung_TV_WC	2
95	Samsung_TV_Price	2
96	Samsung_TV_Price_WC	2
97	Samsung_TV_24	2
98	Samsung_TV_24_WC	2
99	samsung_TV_32	2
100	samsung_TV_32_WC	2
101	samsung_TV_40	2
102	samsung_TV_40_WC	2
103	samsung_TV_55	2
104	samsung_TV_55_WC	2
105	samsung_TV_60	2
106	samsung_TV_60_WC	2
107	Toshiba_TV	2
108	Toshiba_TV_WC	2
109	Toshiba_TV_Price	2
110	Toshiba_TV_Price_WC	2
111	toshiba_TV_24	2
112	toshiba_TV_24_WC	2
113	toshiba_TV_32	2
114	toshiba_TV_32_WC	2
115	toshiba_TV_40	2
116	toshiba_TV_40_WC	2
117	toshiba_TV_55	2
118	toshiba_TV_55_WC	2
119	toshiba_TV_60	2
120	toshiba_TV_60_WC	2
121	LG_TV	2
122	LG_TV_WC	2
123	LG_TV_Price	2
124	LG_TV_Price_WC	2
125	lg_TV_24	2
126	lg_TV_24_WC	2
127	lg_TV_32	2
128	lg_TV_32_WC	2
129	lg_TV_40	2
130	lg_TV_40_WC	2
131	lg_TV_55	2
132	lg_TV_55_WC	2
133	lg_TV_60	2
134	lg_TV_60_WC	2
135	details	2
136	payments_card	2
137	payments_bkash	2
138	opentoday	2
139	general_payment	2
140	Address	2
141	home_delivery	2
142	warranty	2
143	discount	2
144	tv_accessories	2
145	buying_procedure	2
146	return_policy	2
147	shipment_outside	2
148	shipment_outside_price	2
149	delivery_time	2
150	default	2
151	inappropritate	2
152	greeting	1
153	goodbye	1
154	thanks	1
155	hours	1
156	products	1
157	hometheater	1
158	Sony_Hometheater	1
159	Sony_Hometheater_WC	1
160	Sony_Hometheater_Price	1
161	Sony_Hometheater_Price_WC	1
162	television	1
163	Sony_TV	1
164	Sony_TV_WC	1
165	Sony_TV_Price	1
166	Sony_TV_Price_WC	1
167	Sony_TV_24	1
168	Sony_TV_24_WC	1
169	Sony_TV_32	1
170	Sony_TV_32_WC	1
171	Sony_TV_40	1
172	Sony_TV_40_WC	1
173	Sony_TV_55	1
174	Sony_TV_55_WC	1
175	Sony_TV_60	1
176	Sony_TV_60_WC	1
177	Samsung_TV	1
178	Samsung_TV_WC	1
179	Samsung_TV_Price	1
180	Samsung_TV_Price_WC	1
181	Samsung_TV_24	1
182	Samsung_TV_24_WC	1
183	samsung_TV_32	1
184	samsung_TV_32_WC	1
185	samsung_TV_40	1
186	samsung_TV_40_WC	1
187	samsung_TV_55	1
188	samsung_TV_55_WC	1
189	samsung_TV_60	1
190	samsung_TV_60_WC	1
191	Toshiba_TV	1
192	Toshiba_TV_WC	1
193	Toshiba_TV_Price	1
194	Toshiba_TV_Price_WC	1
195	toshiba_TV_24	1
196	toshiba_TV_24_WC	1
197	toshiba_TV_32	1
198	toshiba_TV_32_WC	1
199	toshiba_TV_40	1
200	toshiba_TV_40_WC	1
201	toshiba_TV_55	1
202	toshiba_TV_55_WC	1
203	toshiba_TV_60	1
204	toshiba_TV_60_WC	1
205	LG_TV	1
206	LG_TV_WC	1
207	LG_TV_Price	1
208	LG_TV_Price_WC	1
209	lg_TV_24	1
210	lg_TV_24_WC	1
211	lg_TV_32	1
212	lg_TV_32_WC	1
213	lg_TV_40	1
214	lg_TV_40_WC	1
215	lg_TV_55	1
216	lg_TV_55_WC	1
217	lg_TV_60	1
218	lg_TV_60_WC	1
219	details	1
220	payments_card	1
221	payments_bkash	1
222	opentoday	1
223	general_payment	1
224	Address	1
225	home_delivery	1
226	warranty	1
227	discount	1
228	tv_accessories	1
229	buying_procedure	1
230	return_policy	1
231	shipment_outside	1
232	shipment_outside_price	1
233	delivery_time	1
234	default	1
235	inappropritate	1
236	asking_about_bot_s_day	2
237	asking_about_chowdhury	2
238	Am_I_bot	2
239	thanks_in_response	2
\.


--
-- Data for Name: chatbot_complaints; Type: TABLE DATA; Schema: public; Owner: nobel
--

COPY chatbot_complaints (id, "requestMessage", "responseMessage", created) FROM stdin;
113	show me some sony tv	We sell television from Samsung,Sony,LG,and Toshiba	2017-11-03 08:21:28.132668+00
115	৬০ ইঞ্চি এর দাম কত?	আমরা চেষ্টা করি ৪৮ ঘণ্টার মাঝে ডেলিভারি দিতে। তাও কোন কারনে দেরি হলে আমরা আপনার কন্টাক্ট নাম্বারে সাথে সাথে যোগাযোগ করব	2017-11-03 08:23:56.666027+00
58	I am not concerned about brands. I just want a 42 inches tv	Have a nice day	2017-10-27 17:21:00.987309+00
59	I prefer sony and samsung	Samsung 24 inch TV costs 21 thousand taka, Samsung 25 inch TV costs 27 thousand taka, Samsung 40 inch TV costs 31 thousand taka, Samsung 55 inch TV costs 81 thousand taka and Samsung 60 inch TV costs 94 thousand taka	2017-10-27 17:22:07.733799+00
62	<span>give me some information about Toshiba television</span>	We sell television from Samsung,Sony,LG,and Toshiba	2017-10-27 17:24:11.143781+00
66	What models of LG and Toshiba tvs you have?	Yes we accept bKash payment and our bkash marchent account no.01687032353	2017-10-27 17:29:05.040586+00
68	what is the cheapest TV you sell?	Hello, welcome to Chowdhury Electronics. How can I help you?	2017-10-27 17:32:43.69208+00
69	are u a bot?	See you later, thanks for visiting	2017-10-27 17:33:02.238764+00
71	<span>are you a bot?</span>	Hello, welcome to Chowdhury Electronics. How can I help you?	2017-10-27 17:33:22.468372+00
72	<span>are u a bot?</span>	Bye! Come back again soon.	2017-10-27 17:33:26.299402+00
82	Name of the Shop	Our address is Shop-425, 426, 427, Level-4, 3rd Floor Alpana Plaza, 51 New Elephant Road, Dhaka, Bangladesh	2017-10-28 13:43:37.201524+00
84	এটা টিভি কিনব ভাবছি&nbsp;	আমাদের কাছে সনির ২৪, ৩২, ৪০ , ৫৫ এবং ৬০ ইঞ্চির টিভি আছে এবং সেগুলো ৭২০,১০৮০ অথবা ৪কে রেস্যুলেশনের হয়ে থাকে	2017-10-30 05:00:51.055575+00
86	what can you do ?&nbsp;	We sell television from Samsung,Sony,LG,and Toshiba	2017-10-30 13:23:36.144452+00
114	price of 55 inch\n	We have Samsung TV model with 24, 32, 40, 55, 60 inch screen they have 720p , 1080p or 4k resolution	2017-11-03 08:22:09.582896+00
\.


--
-- Data for Name: chatbot_context; Type: TABLE DATA; Schema: public; Owner: nobel
--

COPY chatbot_context (id, "contextClass_id", "contextMethod_id", "contextParent_id") FROM stdin;
1	73	1	73
2	74	1	74
3	73	2	75
4	74	1	75
5	74	2	77
6	73	2	77
7	78	1	78
8	79	1	79
9	78	2	80
10	79	1	80
11	79	1	81
12	78	2	82
13	79	2	82
14	79	1	82
15	78	2	84
16	79	2	84
17	78	2	86
18	79	2	86
19	78	2	88
20	79	2	88
21	78	2	90
22	79	2	90
23	78	2	92
24	79	2	92
25	93	1	93
26	78	2	94
27	93	1	94
28	93	1	95
29	78	2	96
30	93	2	96
31	93	1	96
32	78	2	98
33	93	2	98
34	78	2	100
35	93	2	100
36	78	2	102
37	93	2	102
38	78	2	104
39	93	2	104
40	78	2	106
41	93	2	106
42	107	1	107
43	78	2	108
44	107	1	108
45	107	1	109
46	78	2	110
47	107	2	110
48	107	1	110
49	78	2	112
50	107	2	112
51	78	2	114
52	107	2	114
53	78	2	116
54	107	2	116
55	78	2	118
56	107	2	118
57	78	2	120
58	107	2	120
59	121	1	121
60	78	2	122
61	121	1	122
62	121	1	123
63	78	2	124
64	121	2	124
65	121	1	124
66	78	2	126
67	121	2	126
68	78	2	128
69	121	2	128
70	78	2	130
71	121	2	130
72	78	2	132
73	121	2	132
74	78	2	134
75	121	2	134
76	157	1	157
77	158	1	158
78	157	2	159
79	158	1	159
80	158	2	161
81	157	2	161
82	162	1	162
83	163	1	163
84	162	2	164
85	163	1	164
86	163	1	165
87	162	2	166
88	163	2	166
89	163	1	166
90	162	2	168
91	163	2	168
92	162	2	170
93	163	2	170
94	162	2	172
95	163	2	172
96	162	2	174
97	163	2	174
98	162	2	176
99	163	2	176
100	177	1	177
101	162	2	178
102	177	1	178
103	177	1	179
104	162	2	180
105	177	2	180
106	177	1	180
107	162	2	182
108	177	2	182
109	162	2	184
110	177	2	184
111	162	2	186
112	177	2	186
113	162	2	188
114	177	2	188
115	162	2	190
116	177	2	190
117	191	1	191
118	162	2	192
119	191	1	192
120	191	1	193
121	162	2	194
122	191	2	194
123	191	1	194
124	162	2	196
125	191	2	196
126	162	2	198
127	191	2	198
128	162	2	200
129	191	2	200
130	162	2	202
131	191	2	202
132	162	2	204
133	191	2	204
134	205	1	205
135	162	2	206
136	205	1	206
137	205	1	207
138	162	2	208
139	205	2	208
140	205	1	208
141	162	2	210
142	205	2	210
143	162	2	212
144	205	2	212
145	162	2	214
146	205	2	214
147	162	2	216
148	205	2	216
149	162	2	218
150	205	2	218
\.


--
-- Data for Name: chatbot_contextmethod; Type: TABLE DATA; Schema: public; Owner: nobel
--

COPY chatbot_contextmethod (id, "methodName") FROM stdin;
1	set
2	filter
\.


--
-- Data for Name: chatbot_englishrequests; Type: TABLE DATA; Schema: public; Owner: nobel
--

COPY chatbot_englishrequests (id, "requestMessage", tag_id) FROM stdin;
178	Hi	68
179	How are you	68
180	Is anyone there?	68
181	Hello	68
182	Good day	68
183	hellow	68
184	hey	68
185	Bye	69
186	See you later	69
187	Goodbye	69
188	Thanks	70
189	Thank you	70
190	That's helpful	70
191	What hours are you open?	71
192	What are your hours?	71
193	When are you open?	71
194	Opening time?	71
195	Which products do you guys sell?	72
196	What products do you guys have?	72
197	What do you sell?	72
198	Which Home Theater System do you guys sell?	73
199	Which Home Theater System brand you guys sell	73
200	I want to buy a Home Theater System	73
201	Tell me about Home Theater System	73
202	Home theater	73
203	Hometheater	73
204	Tell me about sony home theater	74
205	Sony home theater system	74
206	Which sony home theater do you guys have?	74
207	Tell me about sony	75
208	Sony	75
209	Which sony models do you guys have?	75
210	Tell me about price of sony home theater	76
211	Sony home theater price	76
212	What is the price of sony home theater	76
213	How much for sony home theater?	76
214	Price ?	77
215	How much?	77
216	What is the cost?	77
217	Which television do you guys sell?	78
218	Which television brand you guys sell	78
219	I want to buy a television	78
220	Tell me about television	78
221	Which tv do you guys sell?	78
222	Which tv brand you guys sell	78
223	I want to buy a tv	78
224	Tell me about tv	78
225	Tell me about sony TV	79
226	Which sony tv do you guys have?	79
227	what sony television models do you guys have?	79
228	Tell me about sony	80
229	Which sony models do you guys have?	80
230	what sony models do you guys have?	80
231	sony	80
232	Tell me price of sony TV	81
233	Sony tv price	81
234	What are the prices of sony tv?	81
235	how much for sony tv?	81
236	Price ?	82
237	How much?	82
238	What is the cost?	82
239	Price of sony	82
240	Tell me about sony 24 inch TV	83
241	Sony 24 inch tv	83
242	What is the price of 24 inch sony tv?	83
243	how much for 24 inch sony tv?	83
244	Tell me about 24 inch	84
245	24 inch	84
246	What is the price of 24 inch?	84
247	how much for 24 inch?	84
248	Tell me about Sony 32 inch TV	85
249	Sony 32 inch tv	85
250	What is the price of 32 inch sony tv?	85
251	how much for 32 inch sony tv?	85
252	Tell me about 32 inch	86
253	32 inch	86
254	What is the price of 32 inch?	86
255	how much for 32 inch?	86
256	Tell me about sony 40 inch TV	87
257	Sony 40 inch tv	87
258	What is the price of 40 inch sony tv?	87
259	how much for 40 inch sony tv?	87
260	Tell me about 40 inch	88
261	40 inch	88
262	What is the price of 40 inch?	88
263	how much for 40 inch?	88
264	Tell me about sony 55 inch TV	89
265	Sony 55 inch tv	89
266	What is the price of 55 inch sony tv?	89
267	how much for 55 inch sony tv?	89
268	Tell me about 55 inch	90
269	55 inch	90
270	What is the price of 55 inch?	90
271	how much for 55 inch?	90
272	Tell me about sony 60 inch TV	91
273	Sony 60 inch tv	91
274	What is the price of 60 inch sony tv?	91
275	how much for 60 inch sony tv?	91
276	Tell me about 60 inch	92
277	60 inch	92
278	What is the price of 60 inch?	92
279	how much for 60 inch?	92
280	Tell me about Samsung TV	93
281	tell me about Samsung television	93
282	Which Samsung tv do you guys have?	93
283	Tell me about Samsung	94
284	Samsung	94
285	Which Samsung models do you guys have?	94
286	Tell me price of samsung TV	95
287	Samsung tv price	95
288	What are the prices of samsung tv?	95
289	how much for samsung tv?	95
290	Price ?	96
291	How much?	96
292	What is the cost?	96
293	Tell me about samsung 24 inch TV	97
294	samsung 24 inch tv	97
295	What is the price of 24 inch samsung tv?	97
296	how much for 24 inch samsung tv?	97
297	Tell me about 24 inch	98
298	24 inch	98
299	What is the price of 24 inch?	98
300	how much for 24 inch?	98
301	Tell me about samsung 32 inch TV	99
302	samsung 32 inch tv	99
303	What is the price of 32 inch samsung tv?	99
304	how much for 32 inch samsung tv?	99
305	Tell me about 32 inch	100
306	32 inch	100
307	What is the price of 32 inch?	100
308	how much for 32 inch?	100
309	Tell me about samsung 40 inch TV	101
310	samsung 40 inch tv	101
311	What is the price of 40 inch samsung tv?	101
312	how much for 40 inch samsung tv?	101
313	Tell me about 40 inch	102
314	40 inch	102
315	What is the price of 40 inch?	102
316	how much for 40 inch?	102
317	Tell me about samsung 55 inch TV	103
318	samsung 55 inch tv	103
319	What is the price of 55 inch samsung tv?	103
320	how much for 55 inch samsung tv?	103
321	Tell me about samsung 55 inch	104
322	55 inch	104
323	What is the price of 55 inch?	104
324	how much for 55 inch?	104
325	Tell me about samsung 60 inch TV	105
326	samsung 60 inch tv	105
327	What is the price of 60 inch samsung tv?	105
328	how much for 60 inch samsung tv?	105
329	Tell me about 60 inch	106
330	60 inch	106
331	What is the price of 60 inch?	106
332	how much for 60 inch?	106
333	Tell me about Toshiba TV	107
334	Toshiba	107
335	Which Toshiba tv do you guys have?	107
336	Tell me about Toshiba	108
337	Toshiba	108
338	Which Toshiba models do you guys have?	108
339	Tell me price of toshiba TV	109
340	Toshiba tv price	109
341	What are the prices of toshiba tv?	109
342	how much for toshiba tv?	109
343	Price ?	110
344	How much?	110
345	What is the cost?	110
346	Tell me about toshiba 24 inch TV	111
347	toshiba 24 inch tv	111
348	What is the price of 24 inch toshiba tv?	111
349	how much for 24 inch toshiba tv?	111
350	Tell me about 24 inch	112
351	24 inch	112
352	What is the price of 24 inch?	112
353	how much for 24 inch?	112
354	Tell me about toshiba 32 inch TV	113
355	toshiba 32 inch tv	113
356	What is the price of 32 inch toshiba tv?	113
357	how much for 32 inch toshiba tv?	113
358	Tell me about 32 inch	114
359	32 inch	114
360	What is the price of 32 inch?	114
361	how much for 32 inch?	114
362	Tell me about toshiba 40 inch TV	115
363	toshiba 40 inch tv	115
364	What is the price of 40 inch toshiba tv?	115
365	how much for 40 inch toshiba tv?	115
366	Tell me about 40 inch	116
367	40 inch	116
368	What is the price of 40 inch?	116
369	how much for 40 inch?	116
370	Tell me about toshiba 55 inch TV	117
371	toshiba 55 inch tv	117
372	What is the price of 55 inch toshiba tv?	117
373	how much for 55 inch toshiba tv?	117
374	Tell me about 55 inch	118
375	55 inch	118
376	What is the price of 55 inch?	118
377	how much for 55 inch?	118
378	Tell me about toshiba 60 inch TV	119
379	toshiba 60 inch tv	119
380	What is the price of 60 inch toshiba tv?	119
381	how much for 60 inch toshiba tv?	119
382	Tell me about 60 inch	120
383	60 inch	120
384	What is the price of 60 inch?	120
385	how much for 60 inch?	120
386	Tell me about LG TV	121
387	Which LG tv do you guys have?	121
388	Tell me about LG	122
389	LG	122
390	Which LG models do you guys have?	122
391	Tell me price of lg TV	123
392	LG tv price	123
393	What are the prices of lg tv?	123
394	how much for lg tv?	123
395	Price ?	124
396	How much?	124
397	What is the cost?	124
398	Tell me about lg 24 inch TV	125
399	lg 24 inch tv	125
400	What is the price of 24 inch lg tv?	125
401	how much for 24 inch lg tv?	125
402	Tell me about 24 inch	126
403	24 inch	126
404	What is the price of 24 inch?	126
405	how much for 24 inch?	126
406	Tell me about lg 32 inch TV	127
407	lg 32 inch tv	127
408	What is the price of 32 inch lg tv?	127
409	how much for 32 inch lg tv?	127
410	Tell me about 32 inch	128
411	32 inch	128
412	What is the price of 32 inch?	128
413	how much for 32 inch?	128
414	Tell me about lg 40 inch TV	129
415	lg 40 inch tv	129
416	What is the price of 40 inch lg tv?	129
417	how much for 40 inch lg tv?	129
418	Tell me about 40 inch	130
419	40 inch	130
420	What is the price of 40 inch?	130
421	how much for 40 inch?	130
422	Tell me about lg 55 inch TV	131
423	lg 55 inch tv	131
424	What is the price of 55 inch lg tv?	131
425	how much for 55 inch lg tv?	131
426	Tell me about 55 inch	132
427	55 inch	132
428	What is the price of 55 inch?	132
429	how much for 55 inch?	132
430	Tell me about lg 60 inch TV	133
431	lg 60 inch tv	133
432	What is the price of 60 inch lg tv?	133
433	how much for 60 inch lg tv?	133
434	Tell me about 60 inch	134
435	60 inch	134
436	What is the price of 60 inch?	134
437	how much for 60 inch?	134
438	Tell me more	135
439	Can you give me more info?	135
440	Can you give me detailed info?	135
441	contact info	135
442	what is your contact number	135
443	can i get your contact info	135
444	Do you take credit cards?	136
445	Do you accept Mastercard?	136
446	Are you cash only?	136
447	can I pay with card	136
448	Do you accept bKash	137
449	Can I pay with bKash	137
450	Are you open today?	138
451	When do you open today?	138
452	What are your hours today?	138
453	how can i pay?	139
454	what payment methods are available	139
455	What are the payment options	139
456	what is your address ?	140
457	Tell me your address ?	140
458	Where your shop is located ?	140
459	What is the address of your shop?	140
460	Can you give me your address?	140
461	can I get the product by Home Delivery ?	141
462	do you guys have home delivery facilities?	141
463	do I get any warranty with the TV?	142
464	what about warrenty?	142
465	what is your warrnty policy?	142
466	how about warrenty?	142
467	is there any discount?	143
468	are you currently giving any discount?	143
469	can I get a discount?	143
470	does the tv come with any stand?	144
471	Do you provide wall mount?	144
472	how do i buy a product?	145
473	I want to place an order	145
474	how can i return a product?	146
475	What is your return policy?	146
476	What if I don't like the product?	146
477	What if there is a defect?	146
478	do you ship outside of dhaka?	147
479	Can you send the product outside Dhaka?	147
480	I live outside Dhaka.	147
481	how much for shipping outside of dhaka	148
482	what is the charge for shipping outside of dhaka	148
483	What is the shipping charge?	148
484	how long will it take to get my product?	149
485	How much time it will take you to deliver	149
486	How much time is required for delivery	149
487	Tell me about the time required for delivery	149
488		150
489	Hi Sexy	151
490	I want to have sex	151
491	Where I can find whore	151
492	Fuck you	151
493	Bitch	151
494	Hi nigga	151
495	Hi beautiful	151
496	Appi nyc lagsa	151
497	halka mutay shuye poro	151
498	send nudes	151
499	tell me more about sony tv	79
500	yo bro	68
501	show me some boobs	151
502	how was your day	236
503	can you let me know about some Toshiba tv	107
504	give me some information about Toshiba television	107
505	can I get some discount?	143
506	what other brands of tv do you sell?	78
507	who is Chowdhury?	237
508	what is the price of the LG 60 inch television?	133
509	are you a bot?	238
510	I want to buy sony compact satellite speakers	76
511	<span>what is the price of home theater</span>	76
512	Price of Samsung	94
513	WHat is your phone?	135
514	phone number?	135
515	Tell me your bKash number?	137
516	Bkash Number?	137
517	give me your bkash number	137
518	<span>Tell me your bKash number?</span>	137
519	give me bkash number	137
520	buying procedure	145
521	so how do I buy?	145
522	what is your bkash number?	137
523	discount on television	143
524	give me some discount	143
525	I like you	239
526	are you stupid?	151
527	yo	68
528	when do you open?	71
529	delivery service?	141
530	how do you deliver?	135
531	how do I pay	139
532	tv	78
533	Show all TV	78
534	Other TV	78
535	Give me some information on Television.	78
536	where are you?	140
537	do you accept bikash \\	137
538	shipment	141
539	bkash	137
\.


--
-- Data for Name: chatbot_englishresponses; Type: TABLE DATA; Schema: public; Owner: nobel
--

COPY chatbot_englishresponses (id, "responseMessage", tag_id) FROM stdin;
62	Hello, welcome to Chowdhury Electronics. How can I help you?	68
63	Bye! Come back again soon.	69
64	Have a nice day	69
65	See you later, thanks for visiting	69
66	My pleasure	70
67	Any time!	70
68	Happy to help!	70
69	Our hours are 9am-9pm every day	71
70	We're open every day 9am-9pm	71
71	We have Television and Home Theater Systems	72
72	We sell Television and Home Theater Systems	72
73	We sell Home Theater System only from Sony	73
74	We have Sony home theater systems with compact satellite speakers, tall boy speakers, floor standing speakers with subwoofers and 5-master digital amplifiers	74
75	We have Sony home theater systems with compact satellite speakers, tall boy speakers, floor standing speakers with subwoofers and 5-master digital amplifiers	75
76	Sony compact satellite speakers will cost 27 thousand taka, tall boy speakers will cost 34 thousand taka, floor standing speakers with subwoofers will cost 40 thousand taka and 5-master digital amplifiers will cost 62 thousand taka	76
77	Sony compact satellite speakers will cost 27 thousand taka, tall boy speakers will cost 34 thousand taka, floor standing speakers with subwoofers will cost 40 thousand taka and 5-master digital amplifiers will cost 62 thousand taka	77
78	We sell television from Samsung,Sony,LG,and Toshiba	78
79	We have Sony TV model with 24, 32, 40, 55, 60 inch screen they have 720p , 1080p or 4k resolution	79
80	We have Sony TV model with 24, 32, 40, 55, 60 inch screen they have 720p , 1080p or 4k resolution	80
81	Sony 24 inch TV costs 22 thousand taka, Sony 32 inch TV costs 27 thousand taka, Sony 40 inch TV costs 34 thousand taka, Sony 55 inch TV costs 80 thousand taka and Sony 60 inch TV costs 97 thousand taka	81
82	Sony 24 inch TV costs 22 thousand taka, Sony 32 inch TV costs 27 thousand taka, Sony 40 inch TV costs 34 thousand taka, Sony 55 inch TV costs 80 thousand taka and Sony 60 inch TV costs 97 thousand taka	82
83	Sony 24 inch TV costs 22 thousand taka. It has only 720p screen. You should consider it if you have small room	83
84	Sony 24 inch TV costs 22 thousand taka. It has only 720p screen. You should consider it if you have small room	84
85	Sony 32 inch TV costs 27 thousand taka. It has 1080p but no internet. But nice choice in budget	85
86	Sony 32 inch TV costs 27 thousand taka. It has 1080p but no internet. But nice choice in budget	86
87	Sony 40 inch TV costs 34 thousand taka. The screen is 1080p but the IPS panel makes it a really good choice in this price	87
88	Sony 40 inch TV costs 34 thousand taka. The screen is 1080p but the IPS panel makes it a really good choice in this price	88
89	Sony 55 inch TV costs 80 thousand taka with a 4k display It has all the smart features with built in WIFI. A very elegent choice	89
90	Sony 55 inch TV costs 80 thousand taka with a 4k display It has all the smart features with built in WIFI. A very elegent choice	90
91	Sony 60 inch TV costs 97 thousand taka. It has a really beautiful 4k display with all the best features Sony can provide right now	91
92	Sony 60 inch TV costs 97 thousand taka. It has a really beautiful 4k display with all the best features Sony can provide right now	92
93	We have Samsung TV model with 24, 32, 40, 55, 60 inch screen they have 720p , 1080p or 4k resolution	93
94	We have Samsung TV model with 24, 32, 40, 55, 60 inch screen they have 720p , 1080p or 4k resolution	94
95	Samsung 24 inch TV costs 21 thousand taka, Samsung 25 inch TV costs 27 thousand taka, Samsung 40 inch TV costs 31 thousand taka, Samsung 55 inch TV costs 81 thousand taka and Samsung 60 inch TV costs 94 thousand taka	95
96	Samsung 24 inch TV costs 21 thousand taka, Samsung 25 inch TV costs 27 thousand taka, Samsung 40 inch TV costs 31 thousand taka, Samsung 55 inch TV costs 81 thousand taka and Samsung 60 inch TV costs 94 thousand taka	96
97	Samsung 24 inch TV costs 21 thousand taka. It has only 720p screen. You should consider it if you have small room	97
98	Samsung 24 inch TV costs 21 thousand taka. It has only 720p screen. You should consider it if you have small room	98
99	Samsung 32 inch TV costs 26 thousand taka. It has 1080p but no internet. But nice choice in budget	99
100	Samsung 32 inch TV costs 26 thousand taka. It has 1080p but no internet. But nice choice in budget	100
101	Samsung 40 inch TV costs 31 thousand taka. The screen is 1080p but the IPS panel makes it a really good choice in this price	101
102	Samsung 40 inch TV costs 31 thousand taka. The screen is 1080p but the IPS panel makes it a really good choice in this price	102
103	Samsung 55 inch TV costs 81 thousand taka with a 4k display It has all the smart features with built in WIFI. A very elegent choice	103
104	Samsung 55 inch TV costs 81 thousand taka with a 4k display It has all the smart features with built in WIFI. A very elegent choice	104
105	Samsung 60 inch TV costs 94 thousand taka. It has a really beautiful 4k display with all the best features Samsung can provide right now	105
106	Samsung 60 inch TV costs 94 thousand taka. It has a really beautiful 4k display with all the best features Samsung can provide right now	106
107	We have Toshiba TV model with 24, 32, 40, 55, 60 inch screen they have 720p , 1080p or 4k resolution	107
108	We have Toshiba TV model with 24, 32, 40, 55, 60 inch screen they have 720p , 1080p or 4k resolution	108
109	Toshiba 24 inch TV costs 17 thousand taka, Toshiba 25 inch TV costs 21 thousand taka, Toshiba 40 inch TV costs 30 thousand taka, Toshiba 55 inch TV costs 73 thousand taka and Toshiba 60 inch TV costs 91 thousand taka	109
110	Toshiba 24 inch TV costs 17 thousand taka, Toshiba 25 inch TV costs 21 thousand taka, Toshiba 40 inch TV costs 30 thousand taka, Toshiba 55 inch TV costs 73 thousand taka and Toshiba 60 inch TV costs 91 thousand taka	110
111	Toshiba 24 inch TV costs 17 thousand taka. It has only 720p screen. You should consider it if you have small room	111
112	Toshiba 24 inch TV costs 17 thousand taka. It has only 720p screen. You should consider it if you have small room	112
113	Toshiba 32 inch TV costs 21 thousand taka. It has 1080p but no internet. But nice choice in budget	113
114	Toshiba 32 inch TV costs 21 thousand taka. It has 1080p but no internet. But nice choice in budget	114
115	Toshiba 40 inch TV costs 30 thousand taka. The screen is 1080p but the IPS panel makes it a really good choice in this price	115
116	Toshiba 40 inch TV costs 30 thousand taka. The screen is 1080p but the IPS panel makes it a really good choice in this price	116
117	Toshiba 55 inch TV costs 73 thousand taka with a 4k display It has all the smart features with built in WIFI. A very elegent choice	117
118	Toshiba 55 inch TV costs 73 thousand taka with a 4k display It has all the smart features with built in WIFI. A very elegent choice	118
119	Toshiba 60 inch TV costs 91 thousand taka . It has a really beautiful 4k display with all the best features Toshiba can provide right now	119
120	Toshiba 60 inch TV costs 91 thousand taka . It has a really beautiful 4k display with all the best features Toshiba can provide right now	120
121	We have LG TV model with 24, 32, 40, 55, 60 inch screen they have 720p , 1080p or 4k resolution	121
122	We have LG TV model with 24, 32, 40, 55, 60 inch screen they have 720p , 1080p or 4k resolution	122
123	LG 24 inch TV costs 20 thousand taka, LG 25 inch TV costs 25 thousand taka, LG 40 inch TV costs 32 thousand taka, LG 55 inch TV costs 78 thousand taka and LG 60 inch TV costs 95 thousand taka	123
124	LG 24 inch TV costs 20 thousand taka, LG 25 inch TV costs 25 thousand taka, LG 40 inch TV costs 32 thousand taka, LG 55 inch TV costs 78 thousand taka and LG 60 inch TV costs 95 thousand taka	124
125	LG 24 inch TV costs 20 thousand taka. It has only 720p screen. You should consider it if you have small room	125
126	LG 24 inch TV costs 20 thousand taka. It has only 720p screen. You should consider it if you have small room	126
127	LG 32 inch TV costs 25 thousand taka. It has 1080p but no internet. But nice choice in budget	127
128	LG 32 inch TV costs 25 thousand taka. It has 1080p but no internet. But nice choice in budget	128
129	LG 40 inch TV costs 32 thousand taka. The screen is 1080p but the IPS panel makes it a really good choice in this price	129
130	LG 40 inch TV costs 32 thousand taka. The screen is 1080p but the IPS panel makes it a really good choice in this price	130
131	LG 55 inch TV costs 78 thousand taka  with a 4k display It has all the smart features with built in WIFI. A very elegent choice	131
132	LG 55 inch TV costs 78 thousand taka  with a 4k display It has all the smart features with built in WIFI. A very elegent choice	132
133	LG 60 inch TV costs 95 thousand taka. It has a really beautiful 4k display with all the best features LG can provide right now	133
134	LG 60 inch TV costs 95 thousand taka. It has a really beautiful 4k display with all the best features LG can provide right now	134
135	For more information please call 01752508980	135
136	We accept Nexus, VISA, Mastercard and AMEX	136
137	We accept most major credit cards	136
138	Yes we accept bKash payment and our bkash marchent account no.01687032353	137
139	We're open every day from 9am-9pm	138
140	Our hours are 9am-9pm every day	138
141	You can pay with cash, credit card or bKash	139
142	Our address is Shop-425, 426, 427, Level-4, 3rd Floor Alpana Plaza, 51 New Elephant Road, Dhaka, Bangladesh	140
143	Yes, you can get the product through our home delivery service, but it costs extra 300 taka	141
144	Yes, all our products have 2 Years Service warranty	142
145	At the moment, we are not giving any amount of discount on  any of our products	143
146	No, but you can buy a TV stand or a wall-mounting bracket for 1500 taka	144
147	You can chat with me for product information. But for placing order you must call our shop at 01752509890	145
148	We are extremely sorry, but we do not have any option for return, refund or exchange of our any product once delivered. So it is recommended to check your product properly while taking the delivery. If the defect is covered by warranty we will change it	146
149	We do not delivery outside of Dhaka by ourselves. But we can sent any product via courier service any where in Bangladesh. In that case, customer is liable for carrying charge and liability	147
150	Minimum 5000 taka advance payment is required for an order from outside of Dhaka but shipping charge is as per courier service you want to take	148
151	It usually takes around 48 hours to transport the product from our warehouse. Upon arrival of the product, we will immediately contact you via you provided contact number during order placement	149
152	I can't understand your question? FYI you can only ask me about the products, payment and general inquery about Chowdhury Electronics	150
153	That is very inappropriate! Sorry I can't co operate with you. I only give answers about the products, payment and general inquery about Chowdhury Electronics	151
154	Busy working. Thanks for asking.	236
155	He is a mystery man !	237
156	Yes. I am a nice friendly bot happy who is happy to help you :-)	238
157	Thank you!	239
\.


--
-- Data for Name: chatbot_feedbacks; Type: TABLE DATA; Schema: public; Owner: nobel
--

COPY chatbot_feedbacks (id, name, comment, created) FROM stdin;
1	anonymous	Good chatbot...	2017-10-11 20:33:42.752808+00
2	Alice	Nice Chatbot...	2017-10-11 20:33:42.752808+00
3	John	helpful chatbot...	2017-10-11 20:33:42.752808+00
4	Bob	কাজ করে না চ্যাটবট	2017-11-03 03:15:21.13717+00
5	Foysal	This Bot Sucks	2017-11-03 04:32:28.064142+00
6	Adnan	Cutmaranira Bal banaiso	2017-11-03 04:39:17.365926+00
7	Anirudha	Parle tmi banao ekta bhai	2017-11-03 04:42:46.82061+00
8	adf a	adsf wf	2017-11-03 04:49:58.849433+00
9	fhghfgd	gsdf g	2017-11-03 04:51:14.214534+00
10	Adnan	Okay FeedBack is working now	2017-11-03 04:54:45.074621+00
11	adnan	its working	2017-11-03 05:02:46.469416+00
\.


--
-- Data for Name: django_admin_log; Type: TABLE DATA; Schema: public; Owner: nobel
--

COPY django_admin_log (id, action_time, object_id, object_repr, action_flag, change_message, content_type_id, user_id) FROM stdin;
1	2017-06-29 07:01:52.645134+00	1	Sunglasses	1	[{"added": {}}, {"added": {"object": "Black Sunglass", "name": "product"}}, {"added": {"object": "Silver Sunglass", "name": "product"}}]	7	1
2	2017-06-29 07:11:14.657135+00	2	Smartphones	1	[{"added": {}}, {"added": {"object": "iPhone 7 Plus", "name": "product"}}]	7	1
3	2017-06-29 07:13:02.145372+00	3	TV	1	[{"added": {}}, {"added": {"object": "3D TV", "name": "product"}}]	7	1
4	2017-06-29 07:16:41.529994+00	4	Shoes-Men	1	[{"added": {}}, {"added": {"object": "All Star Snickers", "name": "product"}}]	7	1
5	2017-06-29 07:20:55.93685+00	4	3D TV	2	[{"changed": {"fields": ["image"]}}]	8	1
6	2017-06-30 11:57:47.933864+00	4	3D TV	2	[{"changed": {"fields": ["image"]}}]	8	1
7	2017-06-30 12:00:45.097374+00	5	All Star Snickers	2	[{"changed": {"fields": ["image"]}}]	8	1
8	2017-06-30 12:01:53.641916+00	3	iPhone 7 Plus	2	[{"changed": {"fields": ["image"]}}]	8	1
9	2017-06-30 12:05:40.65479+00	2	Silver Sunglass	2	[{"changed": {"fields": ["image"]}}]	8	1
10	2017-06-30 12:08:47.557556+00	1	Black Sunglass	2	[{"changed": {"fields": ["image"]}}]	8	1
11	2017-09-30 20:28:08.047986+00	2	jojo	3		4	1
12	2017-09-30 20:30:16.091598+00	3	adnan	1	[{"added": {}}]	4	1
13	2017-09-30 20:31:40.820822+00	4	anirudha	1	[{"added": {}}]	4	1
14	2017-09-30 20:33:46.607889+00	1	Chatbot Moderators	1	[{"added": {}}]	3	1
15	2017-09-30 20:34:15.206544+00	3	adnan	2	[]	4	1
16	2017-09-30 20:34:28.732999+00	4	anirudha	2	[]	4	1
17	2017-10-13 18:57:11.525364+00	162	EnglishRequests object	2	[{"changed": {"fields": ["requestMessage"]}}]	15	1
18	2017-10-13 19:07:22.254639+00	43	Complaint posted on: 2017-Oct-13 02:53:25 PM	2	[{"changed": {"fields": ["requestMessage"]}}]	10	1
19	2017-11-03 06:29:30.538014+00	236	asking_about_bot_s_day	2	[{"changed": {"fields": ["agentId"]}}]	14	1
20	2017-11-03 06:29:39.817116+00	237	asking_about_chowdhury	2	[{"changed": {"fields": ["agentId"]}}]	14	1
21	2017-11-03 06:29:51.91801+00	238	Am_I_bot	2	[{"changed": {"fields": ["agentId"]}}]	14	1
22	2017-11-03 06:29:58.844839+00	239	thanks_in_response	2	[{"changed": {"fields": ["agentId"]}}]	14	1
\.


--
-- Data for Name: django_content_type; Type: TABLE DATA; Schema: public; Owner: nobel
--

COPY django_content_type (id, app_label, model) FROM stdin;
1	admin	logentry
2	auth	permission
3	auth	group
4	auth	user
5	contenttypes	contenttype
6	sessions	session
8	products	productsize
9	products	product
7	products	category
10	chatbot	complaints
11	chatbot	contexttag
12	chatbot	feedbacks
13	chatbot	banglaresponses
14	chatbot	classtag
15	chatbot	englishrequests
16	chatbot	banglarequests
17	chatbot	englishresponses
18	chatbot	agent
19	chatbot	context
20	chatbot	contextmethod
\.


--
-- Data for Name: django_migrations; Type: TABLE DATA; Schema: public; Owner: nobel
--

COPY django_migrations (id, app, name, applied) FROM stdin;
1	contenttypes	0001_initial	2017-06-28 18:45:33.409272+00
2	auth	0001_initial	2017-06-28 18:45:33.583234+00
3	admin	0001_initial	2017-06-28 18:45:33.706025+00
4	admin	0002_logentry_remove_auto_add	2017-06-28 18:45:33.761176+00
5	contenttypes	0002_remove_content_type_name	2017-06-28 18:45:33.811506+00
6	auth	0002_alter_permission_name_max_length	2017-06-28 18:45:33.830592+00
7	auth	0003_alter_user_email_max_length	2017-06-28 18:45:33.863735+00
8	auth	0004_alter_user_username_opts	2017-06-28 18:45:33.897628+00
9	auth	0005_alter_user_last_login_null	2017-06-28 18:45:33.942286+00
10	auth	0006_require_contenttypes_0002	2017-06-28 18:45:33.959945+00
11	auth	0007_alter_validators_add_error_messages	2017-06-28 18:45:33.999249+00
12	auth	0008_alter_user_username_max_length	2017-06-28 18:45:34.034885+00
13	products	0001_initial	2017-06-28 18:45:34.101739+00
14	products	0002_product_category	2017-06-28 18:45:34.134858+00
15	products	0003_auto_20170628_1543	2017-06-28 18:45:34.152227+00
16	products	0004_auto_20170628_1551	2017-06-28 18:45:34.224789+00
17	products	0005_auto_20170628_1556	2017-06-28 18:45:34.253682+00
18	products	0006_auto_20170628_1658	2017-06-28 18:45:34.269497+00
19	products	0007_auto_20170628_1659	2017-06-28 18:45:34.292605+00
20	products	0008_auto_20170628_1705	2017-06-28 18:45:34.330721+00
21	products	0009_auto_20170628_1708	2017-06-28 18:45:34.359871+00
22	products	0010_auto_20170628_1710	2017-06-28 18:45:34.390415+00
23	products	0011_auto_20170628_1726	2017-06-28 18:45:34.409665+00
24	products	0012_auto_20170628_1834	2017-06-28 18:45:34.422287+00
25	sessions	0001_initial	2017-06-28 18:45:34.467488+00
26	chatbot	0001_initial	2017-09-30 19:55:02.898859+00
27	chatbot	0002_auto_20171001_0156	2017-09-30 19:57:05.82294+00
28	chatbot	0002_auto_20171001_0214	2017-09-30 20:15:10.52992+00
29	chatbot	0003_auto_20171002_1740	2017-10-02 11:40:52.740547+00
30	chatbot	0004_delete_contexttag	2017-10-11 07:29:13.982515+00
31	chatbot	0005_auto_20171010_2118	2017-10-11 07:29:14.051912+00
32	chatbot	0006_feedbacks_created	2017-10-11 20:33:42.769733+00
33	chatbot	0007_auto_20171030_2238	2017-10-31 12:34:53.294767+00
34	chatbot	0008_auto_20171031_1426	2017-10-31 12:34:53.339007+00
35	chatbot	0009_auto_20171031_1517	2017-10-31 12:34:53.353897+00
\.


--
-- Data for Name: django_session; Type: TABLE DATA; Schema: public; Owner: nobel
--

COPY django_session (session_key, session_data, expire_date) FROM stdin;
chn38400dbf7834e61315656ca147c78	MjlhY2YxOGY2N2RmMDljMWFhMzNkOTExYjhhNjdjNjMzNWYzNTdhZDp7Il9fY2hhbm5lbHNfbmV4dF9vcmRlciI6NH0=	2017-09-26 15:10:05.428893+00
chne1ff9ca4ed5e07f1a6f39badb8638	NWZiMDk2ZjE1YTVhMjcyZGE4ODQ4ZDE0YzkxODFkOTY0ZDkwODU5Yjp7Il9fY2hhbm5lbHNfbmV4dF9vcmRlciI6M30=	2017-09-17 17:46:32.720527+00
chn080035e0b2ea1b78bd29abdbfa46e	M2YzZjk2N2NmMmMxNTgyY2YwNTE3ZjhhYTAyN2EyNjlhOGEwYzA2MTp7Il9fY2hhbm5lbHNfbmV4dF9vcmRlciI6N30=	2017-09-26 16:20:53.369847+00
chn371806e563666114cf675611e209b	NWZiMDk2ZjE1YTVhMjcyZGE4ODQ4ZDE0YzkxODFkOTY0ZDkwODU5Yjp7Il9fY2hhbm5lbHNfbmV4dF9vcmRlciI6M30=	2017-09-26 15:58:35.062308+00
chnaef6e74f74068920b0c5dc961941d	OTA3MWI5NDBlYjViYmVlZjg0YmRjZjFhZDQ0ZGI3ZjNjYzdlYjI3ZDp7Il9fY2hhbm5lbHNfbmV4dF9vcmRlciI6Nn0=	2017-09-17 18:03:21.777301+00
chne2dab250928a9a6705269d46b11a4	NWZiMDk2ZjE1YTVhMjcyZGE4ODQ4ZDE0YzkxODFkOTY0ZDkwODU5Yjp7Il9fY2hhbm5lbHNfbmV4dF9vcmRlciI6M30=	2017-09-26 15:59:59.942764+00
chn4ad29e18819ec4df35a79ac9ef807	MjlhY2YxOGY2N2RmMDljMWFhMzNkOTExYjhhNjdjNjMzNWYzNTdhZDp7Il9fY2hhbm5lbHNfbmV4dF9vcmRlciI6NH0=	2017-09-29 13:10:27.743988+00
chnc080dfc939ecd3d2e7e8d4ef3c69b	ODQzY2FjYjEyZjJkMWI0Mjg5Y2UwYmNhNjAyYmJiMWVjNmJmMGVlYTp7Il9fY2hhbm5lbHNfbmV4dF9vcmRlciI6Mn0=	2017-09-26 16:00:47.762245+00
chn2be53c1495f7d83c25ada8f995d52	MjlhY2YxOGY2N2RmMDljMWFhMzNkOTExYjhhNjdjNjMzNWYzNTdhZDp7Il9fY2hhbm5lbHNfbmV4dF9vcmRlciI6NH0=	2017-09-17 18:33:05.989222+00
chneda5bfcdbb9b768838a239cc3aa2d	ODQzY2FjYjEyZjJkMWI0Mjg5Y2UwYmNhNjAyYmJiMWVjNmJmMGVlYTp7Il9fY2hhbm5lbHNfbmV4dF9vcmRlciI6Mn0=	2017-09-29 13:12:08.295186+00
chn330d2150059c6199b74d4de2a9cab	ODQzY2FjYjEyZjJkMWI0Mjg5Y2UwYmNhNjAyYmJiMWVjNmJmMGVlYTp7Il9fY2hhbm5lbHNfbmV4dF9vcmRlciI6Mn0=	2017-09-26 16:01:17.833714+00
chn2903c8eb0f82420b00d90fe78b003	MjlhY2YxOGY2N2RmMDljMWFhMzNkOTExYjhhNjdjNjMzNWYzNTdhZDp7Il9fY2hhbm5lbHNfbmV4dF9vcmRlciI6NH0=	2017-09-18 06:22:35.354736+00
chnfcb51de2b56e2e37357ed2425e675	ODQzY2FjYjEyZjJkMWI0Mjg5Y2UwYmNhNjAyYmJiMWVjNmJmMGVlYTp7Il9fY2hhbm5lbHNfbmV4dF9vcmRlciI6Mn0=	2017-09-26 16:01:30.15677+00
chn22bf5aab99927bb9d696ba8cdceb9	ODQzY2FjYjEyZjJkMWI0Mjg5Y2UwYmNhNjAyYmJiMWVjNmJmMGVlYTp7Il9fY2hhbm5lbHNfbmV4dF9vcmRlciI6Mn0=	2017-09-26 16:02:14.859839+00
chn1249741ee2f2710829f49e4ebf203	ZTc5NmUxMWUwZjc1NmIxMDVkNGMxMjg5ODIxYTdhYjc5OTk1MjIzODp7Il9fY2hhbm5lbHNfbmV4dF9vcmRlciI6NX0=	2017-09-25 07:47:45.81761+00
chnce343222fdf64e79aaa7925ce82e7	ZTc5NmUxMWUwZjc1NmIxMDVkNGMxMjg5ODIxYTdhYjc5OTk1MjIzODp7Il9fY2hhbm5lbHNfbmV4dF9vcmRlciI6NX0=	2017-09-29 13:13:30.493545+00
chneb1cabb8c5095e94b9ddc2c2b5be6	ODQzY2FjYjEyZjJkMWI0Mjg5Y2UwYmNhNjAyYmJiMWVjNmJmMGVlYTp7Il9fY2hhbm5lbHNfbmV4dF9vcmRlciI6Mn0=	2017-09-26 16:02:35.148748+00
chn0842974686d2d45eee04b5f95decb	NWZiMDk2ZjE1YTVhMjcyZGE4ODQ4ZDE0YzkxODFkOTY0ZDkwODU5Yjp7Il9fY2hhbm5lbHNfbmV4dF9vcmRlciI6M30=	2017-09-25 08:02:13.069739+00
chncc9c861e7b7867c93fbf6035039cd	ODQzY2FjYjEyZjJkMWI0Mjg5Y2UwYmNhNjAyYmJiMWVjNmJmMGVlYTp7Il9fY2hhbm5lbHNfbmV4dF9vcmRlciI6Mn0=	2017-09-25 08:03:06.39841+00
chnbb4a3f8227a00f833d45646815bf3	ODQzY2FjYjEyZjJkMWI0Mjg5Y2UwYmNhNjAyYmJiMWVjNmJmMGVlYTp7Il9fY2hhbm5lbHNfbmV4dF9vcmRlciI6Mn0=	2017-09-26 16:03:24.413681+00
chn1d08adaf8e64f27615acfec5b16e7	ODQzY2FjYjEyZjJkMWI0Mjg5Y2UwYmNhNjAyYmJiMWVjNmJmMGVlYTp7Il9fY2hhbm5lbHNfbmV4dF9vcmRlciI6Mn0=	2017-09-25 08:03:17.483072+00
chn235729cc0e1e08b97cc69f749d951	ODQzY2FjYjEyZjJkMWI0Mjg5Y2UwYmNhNjAyYmJiMWVjNmJmMGVlYTp7Il9fY2hhbm5lbHNfbmV4dF9vcmRlciI6Mn0=	2017-09-26 16:03:47.839277+00
chneea76bb4260ac4e83da231ccbb3f4	NWZiMDk2ZjE1YTVhMjcyZGE4ODQ4ZDE0YzkxODFkOTY0ZDkwODU5Yjp7Il9fY2hhbm5lbHNfbmV4dF9vcmRlciI6M30=	2017-09-25 08:04:05.129939+00
chn1ddcc29287cb3815cdcd871ce13cc	ODQzY2FjYjEyZjJkMWI0Mjg5Y2UwYmNhNjAyYmJiMWVjNmJmMGVlYTp7Il9fY2hhbm5lbHNfbmV4dF9vcmRlciI6Mn0=	2017-09-26 16:04:10.459709+00
chn989bf80b570b421c09386c729548b	OTA3MWI5NDBlYjViYmVlZjg0YmRjZjFhZDQ0ZGI3ZjNjYzdlYjI3ZDp7Il9fY2hhbm5lbHNfbmV4dF9vcmRlciI6Nn0=	2017-09-30 05:52:20.386896+00
chn84e4b0231ed9c543a5429e57dcaa3	NWZiMDk2ZjE1YTVhMjcyZGE4ODQ4ZDE0YzkxODFkOTY0ZDkwODU5Yjp7Il9fY2hhbm5lbHNfbmV4dF9vcmRlciI6M30=	2017-09-25 08:05:08.068212+00
chn3e40756345c37d57d5d9490964af5	ODQzY2FjYjEyZjJkMWI0Mjg5Y2UwYmNhNjAyYmJiMWVjNmJmMGVlYTp7Il9fY2hhbm5lbHNfbmV4dF9vcmRlciI6Mn0=	2017-09-26 16:04:27.004101+00
chn8fce875490eb3793b6019269efef6	MjlhY2YxOGY2N2RmMDljMWFhMzNkOTExYjhhNjdjNjMzNWYzNTdhZDp7Il9fY2hhbm5lbHNfbmV4dF9vcmRlciI6NH0=	2017-09-25 08:05:23.659918+00
chnd30392182a8ad343b975196d6db73	ODQzY2FjYjEyZjJkMWI0Mjg5Y2UwYmNhNjAyYmJiMWVjNmJmMGVlYTp7Il9fY2hhbm5lbHNfbmV4dF9vcmRlciI6Mn0=	2017-09-26 16:04:37.035804+00
chnad3e768d09077be2c6c090c5e1cd6	NWZiMDk2ZjE1YTVhMjcyZGE4ODQ4ZDE0YzkxODFkOTY0ZDkwODU5Yjp7Il9fY2hhbm5lbHNfbmV4dF9vcmRlciI6M30=	2017-09-26 14:50:47.656902+00
chnc7bf4b3285328daf1fe59fb18881c	ODQzY2FjYjEyZjJkMWI0Mjg5Y2UwYmNhNjAyYmJiMWVjNmJmMGVlYTp7Il9fY2hhbm5lbHNfbmV4dF9vcmRlciI6Mn0=	2017-09-26 16:04:57.400317+00
chncd01d810d5d9bd9b0fbf4ba649399	ZTc5NmUxMWUwZjc1NmIxMDVkNGMxMjg5ODIxYTdhYjc5OTk1MjIzODp7Il9fY2hhbm5lbHNfbmV4dF9vcmRlciI6NX0=	2017-09-30 16:07:54.023232+00
chnb0e072455cca5ed0b10f920fea237	ODQzY2FjYjEyZjJkMWI0Mjg5Y2UwYmNhNjAyYmJiMWVjNmJmMGVlYTp7Il9fY2hhbm5lbHNfbmV4dF9vcmRlciI6Mn0=	2017-09-26 16:05:08.614887+00
chn59fe84e9858a913abd24443082ee9	NWZiMDk2ZjE1YTVhMjcyZGE4ODQ4ZDE0YzkxODFkOTY0ZDkwODU5Yjp7Il9fY2hhbm5lbHNfbmV4dF9vcmRlciI6M30=	2017-09-26 16:05:34.934714+00
chnd5fda8ae93ab5c7d9693bade25071	N2UzOGQ5NWUzYzI3OTA1MTk0ZTMyODdjMDdhNWVmYTUzZWI5MTA0Njp7Il9fY2hhbm5lbHNfbmV4dF9vcmRlciI6OX0=	2017-09-26 14:54:29.583796+00
chnd85f48bcddca630ddb3b4110bfab9	NWZiMDk2ZjE1YTVhMjcyZGE4ODQ4ZDE0YzkxODFkOTY0ZDkwODU5Yjp7Il9fY2hhbm5lbHNfbmV4dF9vcmRlciI6M30=	2017-09-26 16:05:38.713916+00
chn1268ae177fe8bac37eb6799f45283	N2UzOGQ5NWUzYzI3OTA1MTk0ZTMyODdjMDdhNWVmYTUzZWI5MTA0Njp7Il9fY2hhbm5lbHNfbmV4dF9vcmRlciI6OX0=	2017-09-30 18:28:20.294112+00
chn4d1af3f231c9166f802dbdf32dfb1	ODQzY2FjYjEyZjJkMWI0Mjg5Y2UwYmNhNjAyYmJiMWVjNmJmMGVlYTp7Il9fY2hhbm5lbHNfbmV4dF9vcmRlciI6Mn0=	2017-09-26 16:06:58.942543+00
chn9dece8acb0face063c24020ffc619	MjlhY2YxOGY2N2RmMDljMWFhMzNkOTExYjhhNjdjNjMzNWYzNTdhZDp7Il9fY2hhbm5lbHNfbmV4dF9vcmRlciI6NH0=	2017-10-01 06:40:14.859483+00
chn40319c90ef2b8236bcb30aea1b457	ZTc5NmUxMWUwZjc1NmIxMDVkNGMxMjg5ODIxYTdhYjc5OTk1MjIzODp7Il9fY2hhbm5lbHNfbmV4dF9vcmRlciI6NX0=	2017-09-26 16:08:15.095652+00
chnf8f2adef9d0f2225e72361e61005f	ODQzY2FjYjEyZjJkMWI0Mjg5Y2UwYmNhNjAyYmJiMWVjNmJmMGVlYTp7Il9fY2hhbm5lbHNfbmV4dF9vcmRlciI6Mn0=	2017-09-26 16:11:00.013157+00
chn7ff1f4f5571d2527d6cc05da72241	NWZiMDk2ZjE1YTVhMjcyZGE4ODQ4ZDE0YzkxODFkOTY0ZDkwODU5Yjp7Il9fY2hhbm5lbHNfbmV4dF9vcmRlciI6M30=	2017-10-01 06:52:32.792413+00
chnd22a709b2cb90b73f05c4cdbaa373	ODQzY2FjYjEyZjJkMWI0Mjg5Y2UwYmNhNjAyYmJiMWVjNmJmMGVlYTp7Il9fY2hhbm5lbHNfbmV4dF9vcmRlciI6Mn0=	2017-10-01 06:53:27.353281+00
chn05469e1c9b8e6912e1cfdbef69d67	ZTc5NmUxMWUwZjc1NmIxMDVkNGMxMjg5ODIxYTdhYjc5OTk1MjIzODp7Il9fY2hhbm5lbHNfbmV4dF9vcmRlciI6NX0=	2017-09-26 16:12:01.286445+00
chn8d289aaa374f3f09fa1bdc4951aac	MjlhY2YxOGY2N2RmMDljMWFhMzNkOTExYjhhNjdjNjMzNWYzNTdhZDp7Il9fY2hhbm5lbHNfbmV4dF9vcmRlciI6NH0=	2017-10-01 06:54:19.944976+00
chn665babbda86466ffddafe6ce411fc	ZTc5NmUxMWUwZjc1NmIxMDVkNGMxMjg5ODIxYTdhYjc5OTk1MjIzODp7Il9fY2hhbm5lbHNfbmV4dF9vcmRlciI6NX0=	2017-10-01 14:05:14.660119+00
chn6a9ace9b1264cdb72b1a2b3469504	ZTc5NmUxMWUwZjc1NmIxMDVkNGMxMjg5ODIxYTdhYjc5OTk1MjIzODp7Il9fY2hhbm5lbHNfbmV4dF9vcmRlciI6NX0=	2017-10-01 19:24:02.219324+00
chn70fb078ba157ab5c772e7e396e42b	NWZiMDk2ZjE1YTVhMjcyZGE4ODQ4ZDE0YzkxODFkOTY0ZDkwODU5Yjp7Il9fY2hhbm5lbHNfbmV4dF9vcmRlciI6M30=	2017-10-01 19:24:36.986093+00
chnff281f575c12c50b2f99c45124bd7	NWZiMDk2ZjE1YTVhMjcyZGE4ODQ4ZDE0YzkxODFkOTY0ZDkwODU5Yjp7Il9fY2hhbm5lbHNfbmV4dF9vcmRlciI6M30=	2017-10-01 20:09:53.318557+00
chn806016125a34ffc103fee70b52f12	MjlhY2YxOGY2N2RmMDljMWFhMzNkOTExYjhhNjdjNjMzNWYzNTdhZDp7Il9fY2hhbm5lbHNfbmV4dF9vcmRlciI6NH0=	2017-10-01 20:31:16.671639+00
chn9f37ac26ebcca9aa5a1fb4581a630	NWZiMDk2ZjE1YTVhMjcyZGE4ODQ4ZDE0YzkxODFkOTY0ZDkwODU5Yjp7Il9fY2hhbm5lbHNfbmV4dF9vcmRlciI6M30=	2017-10-01 19:25:50.795304+00
chn5217f0daba02bad851618144da6b7	NWZiMDk2ZjE1YTVhMjcyZGE4ODQ4ZDE0YzkxODFkOTY0ZDkwODU5Yjp7Il9fY2hhbm5lbHNfbmV4dF9vcmRlciI6M30=	2017-10-01 20:10:43.536484+00
chndf9fbe7e673f0b83d23285112bab8	MjlhY2YxOGY2N2RmMDljMWFhMzNkOTExYjhhNjdjNjMzNWYzNTdhZDp7Il9fY2hhbm5lbHNfbmV4dF9vcmRlciI6NH0=	2017-10-01 20:31:21.84117+00
chne54e3e973192ed94f0bb3552ecc76	MjlhY2YxOGY2N2RmMDljMWFhMzNkOTExYjhhNjdjNjMzNWYzNTdhZDp7Il9fY2hhbm5lbHNfbmV4dF9vcmRlciI6NH0=	2017-10-01 19:33:06.301885+00
chn83855143f5d8ee48874bfb529d677	NWZiMDk2ZjE1YTVhMjcyZGE4ODQ4ZDE0YzkxODFkOTY0ZDkwODU5Yjp7Il9fY2hhbm5lbHNfbmV4dF9vcmRlciI6M30=	2017-10-01 20:12:23.185652+00
chn4b272a267dc7ac7bd4b4202d47640	NWZiMDk2ZjE1YTVhMjcyZGE4ODQ4ZDE0YzkxODFkOTY0ZDkwODU5Yjp7Il9fY2hhbm5lbHNfbmV4dF9vcmRlciI6M30=	2017-10-01 19:35:52.051775+00
chnd581d73bb61ac2a1dad85b5b69e21	NWZiMDk2ZjE1YTVhMjcyZGE4ODQ4ZDE0YzkxODFkOTY0ZDkwODU5Yjp7Il9fY2hhbm5lbHNfbmV4dF9vcmRlciI6M30=	2017-10-01 20:12:37.448631+00
chn05c084a926356d3167a6146b3af2e	ODQzY2FjYjEyZjJkMWI0Mjg5Y2UwYmNhNjAyYmJiMWVjNmJmMGVlYTp7Il9fY2hhbm5lbHNfbmV4dF9vcmRlciI6Mn0=	2017-10-01 19:35:52.417707+00
chneab48ebeffc29559498c4e25a36a6	MjlhY2YxOGY2N2RmMDljMWFhMzNkOTExYjhhNjdjNjMzNWYzNTdhZDp7Il9fY2hhbm5lbHNfbmV4dF9vcmRlciI6NH0=	2017-10-02 04:02:12.025709+00
chn64a8610cf3a800322e11513a7b593	NWZiMDk2ZjE1YTVhMjcyZGE4ODQ4ZDE0YzkxODFkOTY0ZDkwODU5Yjp7Il9fY2hhbm5lbHNfbmV4dF9vcmRlciI6M30=	2017-10-01 19:37:56.315518+00
chn1cc9c9120bccd8828faf06b2c7b27	NWZiMDk2ZjE1YTVhMjcyZGE4ODQ4ZDE0YzkxODFkOTY0ZDkwODU5Yjp7Il9fY2hhbm5lbHNfbmV4dF9vcmRlciI6M30=	2017-10-01 20:12:42.796908+00
chn707a45089c8f4426d38f8b2926eae	NWZiMDk2ZjE1YTVhMjcyZGE4ODQ4ZDE0YzkxODFkOTY0ZDkwODU5Yjp7Il9fY2hhbm5lbHNfbmV4dF9vcmRlciI6M30=	2017-10-01 19:40:53.718642+00
chnde041d079b5eb4bc287e86e0da942	NWZiMDk2ZjE1YTVhMjcyZGE4ODQ4ZDE0YzkxODFkOTY0ZDkwODU5Yjp7Il9fY2hhbm5lbHNfbmV4dF9vcmRlciI6M30=	2017-10-01 20:12:49.782449+00
chn8e4108719394caa9e149b3cbe77ae	MjlhY2YxOGY2N2RmMDljMWFhMzNkOTExYjhhNjdjNjMzNWYzNTdhZDp7Il9fY2hhbm5lbHNfbmV4dF9vcmRlciI6NH0=	2017-10-02 05:17:52.893544+00
chn75e917a58bc1b4922451b185cc5c3	MjlhY2YxOGY2N2RmMDljMWFhMzNkOTExYjhhNjdjNjMzNWYzNTdhZDp7Il9fY2hhbm5lbHNfbmV4dF9vcmRlciI6NH0=	2017-10-01 19:41:23.176381+00
chn8ef265594c714ab8f8e44881e35b5	NWZiMDk2ZjE1YTVhMjcyZGE4ODQ4ZDE0YzkxODFkOTY0ZDkwODU5Yjp7Il9fY2hhbm5lbHNfbmV4dF9vcmRlciI6M30=	2017-10-01 20:12:54.161775+00
chnbcbf511d6caabbef7f0ce5166e43a	NWZiMDk2ZjE1YTVhMjcyZGE4ODQ4ZDE0YzkxODFkOTY0ZDkwODU5Yjp7Il9fY2hhbm5lbHNfbmV4dF9vcmRlciI6M30=	2017-10-01 19:42:31.350944+00
chn552a66b37daa51c995f3bd3091138	NWZiMDk2ZjE1YTVhMjcyZGE4ODQ4ZDE0YzkxODFkOTY0ZDkwODU5Yjp7Il9fY2hhbm5lbHNfbmV4dF9vcmRlciI6M30=	2017-10-02 05:28:25.96749+00
chn0ad30e329cb69bf48ae65618ec183	NWZiMDk2ZjE1YTVhMjcyZGE4ODQ4ZDE0YzkxODFkOTY0ZDkwODU5Yjp7Il9fY2hhbm5lbHNfbmV4dF9vcmRlciI6M30=	2017-10-01 20:12:58.855724+00
chn728fdf93cc5f249fb4241a36b0d7b	NWZiMDk2ZjE1YTVhMjcyZGE4ODQ4ZDE0YzkxODFkOTY0ZDkwODU5Yjp7Il9fY2hhbm5lbHNfbmV4dF9vcmRlciI6M30=	2017-10-01 19:42:53.818851+00
chnd42e35a36859367ba4ca46b931194	NWZiMDk2ZjE1YTVhMjcyZGE4ODQ4ZDE0YzkxODFkOTY0ZDkwODU5Yjp7Il9fY2hhbm5lbHNfbmV4dF9vcmRlciI6M30=	2017-10-01 19:43:13.270962+00
chn451369cdc98054b7ad08c366a4c3e	NWZiMDk2ZjE1YTVhMjcyZGE4ODQ4ZDE0YzkxODFkOTY0ZDkwODU5Yjp7Il9fY2hhbm5lbHNfbmV4dF9vcmRlciI6M30=	2017-10-01 20:13:48.983184+00
chnc07e669fa4d633fb2bd6f292fa5e2	NWZiMDk2ZjE1YTVhMjcyZGE4ODQ4ZDE0YzkxODFkOTY0ZDkwODU5Yjp7Il9fY2hhbm5lbHNfbmV4dF9vcmRlciI6M30=	2017-10-01 19:45:33.102514+00
chnf9fdcc137a301519219c46e08df77	NWZiMDk2ZjE1YTVhMjcyZGE4ODQ4ZDE0YzkxODFkOTY0ZDkwODU5Yjp7Il9fY2hhbm5lbHNfbmV4dF9vcmRlciI6M30=	2017-10-01 20:15:22.179724+00
chnc00fbeca0a0e984e7b96f5a92d1df	NWZiMDk2ZjE1YTVhMjcyZGE4ODQ4ZDE0YzkxODFkOTY0ZDkwODU5Yjp7Il9fY2hhbm5lbHNfbmV4dF9vcmRlciI6M30=	2017-10-01 19:45:43.044149+00
chneaa66a7efe4b25c82d78a96b20d89	NWZiMDk2ZjE1YTVhMjcyZGE4ODQ4ZDE0YzkxODFkOTY0ZDkwODU5Yjp7Il9fY2hhbm5lbHNfbmV4dF9vcmRlciI6M30=	2017-10-01 20:18:29.611456+00
chn6a4cd7d0f16161b64c8ad6b201c21	ZTc5NmUxMWUwZjc1NmIxMDVkNGMxMjg5ODIxYTdhYjc5OTk1MjIzODp7Il9fY2hhbm5lbHNfbmV4dF9vcmRlciI6NX0=	2017-10-01 19:59:36.339593+00
chn41dac4c1c0b402027e2e9a73a86eb	NWZiMDk2ZjE1YTVhMjcyZGE4ODQ4ZDE0YzkxODFkOTY0ZDkwODU5Yjp7Il9fY2hhbm5lbHNfbmV4dF9vcmRlciI6M30=	2017-10-01 20:19:57.73945+00
chn4e182ba7ac69e2704d5a088ff8b26	NWZiMDk2ZjE1YTVhMjcyZGE4ODQ4ZDE0YzkxODFkOTY0ZDkwODU5Yjp7Il9fY2hhbm5lbHNfbmV4dF9vcmRlciI6M30=	2017-10-01 19:59:57.852035+00
chn122ddf1b1ede375deee3c9d61ed09	NWZiMDk2ZjE1YTVhMjcyZGE4ODQ4ZDE0YzkxODFkOTY0ZDkwODU5Yjp7Il9fY2hhbm5lbHNfbmV4dF9vcmRlciI6M30=	2017-10-01 20:20:22.393469+00
chn4a808ecfc5c7ec0535980e30d47d6	NWZiMDk2ZjE1YTVhMjcyZGE4ODQ4ZDE0YzkxODFkOTY0ZDkwODU5Yjp7Il9fY2hhbm5lbHNfbmV4dF9vcmRlciI6M30=	2017-10-01 20:00:22.799725+00
chn9b2027f0c32c0621519102a40b54b	NWZiMDk2ZjE1YTVhMjcyZGE4ODQ4ZDE0YzkxODFkOTY0ZDkwODU5Yjp7Il9fY2hhbm5lbHNfbmV4dF9vcmRlciI6M30=	2017-10-01 20:01:17.747475+00
chnb4eb19172d42ccaa67615ee80df71	NWZiMDk2ZjE1YTVhMjcyZGE4ODQ4ZDE0YzkxODFkOTY0ZDkwODU5Yjp7Il9fY2hhbm5lbHNfbmV4dF9vcmRlciI6M30=	2017-10-01 20:20:52.017482+00
chn2607871c27edde7a5fe5091bf739f	NWZiMDk2ZjE1YTVhMjcyZGE4ODQ4ZDE0YzkxODFkOTY0ZDkwODU5Yjp7Il9fY2hhbm5lbHNfbmV4dF9vcmRlciI6M30=	2017-10-01 20:02:47.21841+00
chn6f6117e481531b1b00b53a3602e84	NWZiMDk2ZjE1YTVhMjcyZGE4ODQ4ZDE0YzkxODFkOTY0ZDkwODU5Yjp7Il9fY2hhbm5lbHNfbmV4dF9vcmRlciI6M30=	2017-10-01 20:22:35.133552+00
chna3405449d4c68a3bdcf50009efc4a	NWZiMDk2ZjE1YTVhMjcyZGE4ODQ4ZDE0YzkxODFkOTY0ZDkwODU5Yjp7Il9fY2hhbm5lbHNfbmV4dF9vcmRlciI6M30=	2017-10-01 20:03:05.679635+00
chn9a0e91348cd9c617c18c8e66f750a	NWZiMDk2ZjE1YTVhMjcyZGE4ODQ4ZDE0YzkxODFkOTY0ZDkwODU5Yjp7Il9fY2hhbm5lbHNfbmV4dF9vcmRlciI6M30=	2017-10-01 20:23:30.173953+00
chn8bb24be88b724f0ccfafa26c7492f	NWZiMDk2ZjE1YTVhMjcyZGE4ODQ4ZDE0YzkxODFkOTY0ZDkwODU5Yjp7Il9fY2hhbm5lbHNfbmV4dF9vcmRlciI6M30=	2017-10-01 20:05:42.537207+00
chnb1090d193874ac9099703f79793ab	NWZiMDk2ZjE1YTVhMjcyZGE4ODQ4ZDE0YzkxODFkOTY0ZDkwODU5Yjp7Il9fY2hhbm5lbHNfbmV4dF9vcmRlciI6M30=	2017-10-01 20:23:49.024113+00
chnd5401e7358f60bff40575eee3d269	ODQzY2FjYjEyZjJkMWI0Mjg5Y2UwYmNhNjAyYmJiMWVjNmJmMGVlYTp7Il9fY2hhbm5lbHNfbmV4dF9vcmRlciI6Mn0=	2017-10-01 20:23:49.509689+00
chnc3ef9efcad31b448d6712f645db80	NWZiMDk2ZjE1YTVhMjcyZGE4ODQ4ZDE0YzkxODFkOTY0ZDkwODU5Yjp7Il9fY2hhbm5lbHNfbmV4dF9vcmRlciI6M30=	2017-10-01 20:26:52.050774+00
chnf667c8a22d16d8e65fae1beb37ae2	MjlhY2YxOGY2N2RmMDljMWFhMzNkOTExYjhhNjdjNjMzNWYzNTdhZDp7Il9fY2hhbm5lbHNfbmV4dF9vcmRlciI6NH0=	2017-10-01 20:28:02.950133+00
chn75e66e2e829c7605ebc7c953fbde3	MjlhY2YxOGY2N2RmMDljMWFhMzNkOTExYjhhNjdjNjMzNWYzNTdhZDp7Il9fY2hhbm5lbHNfbmV4dF9vcmRlciI6NH0=	2017-10-01 20:29:24.18085+00
chn9f472ba2091699819c457dee75345	NWZiMDk2ZjE1YTVhMjcyZGE4ODQ4ZDE0YzkxODFkOTY0ZDkwODU5Yjp7Il9fY2hhbm5lbHNfbmV4dF9vcmRlciI6M30=	2017-10-01 20:30:29.091017+00
chn67eeecdb5db85f8ccd619f2f4c71e	NWZiMDk2ZjE1YTVhMjcyZGE4ODQ4ZDE0YzkxODFkOTY0ZDkwODU5Yjp7Il9fY2hhbm5lbHNfbmV4dF9vcmRlciI6M30=	2017-10-03 16:01:46.694117+00
chn447aaf8c82ba3d2e418da159255b8	NWZiMDk2ZjE1YTVhMjcyZGE4ODQ4ZDE0YzkxODFkOTY0ZDkwODU5Yjp7Il9fY2hhbm5lbHNfbmV4dF9vcmRlciI6M30=	2017-10-03 17:28:11.5992+00
chne7ea861a76ceb182a5ee8ded6fca2	NWZiMDk2ZjE1YTVhMjcyZGE4ODQ4ZDE0YzkxODFkOTY0ZDkwODU5Yjp7Il9fY2hhbm5lbHNfbmV4dF9vcmRlciI6M30=	2017-10-03 16:01:55.253462+00
chnc23d03a73343f0e86e6986774a07c	NWZiMDk2ZjE1YTVhMjcyZGE4ODQ4ZDE0YzkxODFkOTY0ZDkwODU5Yjp7Il9fY2hhbm5lbHNfbmV4dF9vcmRlciI6M30=	2017-10-03 17:28:26.73213+00
chnfd38a86c201dde1900a83ccfbad51	NWZiMDk2ZjE1YTVhMjcyZGE4ODQ4ZDE0YzkxODFkOTY0ZDkwODU5Yjp7Il9fY2hhbm5lbHNfbmV4dF9vcmRlciI6M30=	2017-10-03 16:03:55.293517+00
chn0e161c5ca594af52b2bf8f7da4297	NDgzZTQ1NDBiZDI2MzgzZjMxMTczYjVmNWM2MjYwMzI5NTlhMTYwMDp7Il9fY2hhbm5lbHNfbmV4dF9vcmRlciI6OH0=	2017-10-02 05:29:12.73743+00
chn9f17fc509cb5187bff0a389a2e21c	NWZiMDk2ZjE1YTVhMjcyZGE4ODQ4ZDE0YzkxODFkOTY0ZDkwODU5Yjp7Il9fY2hhbm5lbHNfbmV4dF9vcmRlciI6M30=	2017-10-03 17:28:28.01023+00
chnbece7155285c85a2ca9657d8d950a	NWZiMDk2ZjE1YTVhMjcyZGE4ODQ4ZDE0YzkxODFkOTY0ZDkwODU5Yjp7Il9fY2hhbm5lbHNfbmV4dF9vcmRlciI6M30=	2017-10-03 16:03:56.569335+00
chn8de3d2e71556d27b3d12e0c6a7b52	ZTc5NmUxMWUwZjc1NmIxMDVkNGMxMjg5ODIxYTdhYjc5OTk1MjIzODp7Il9fY2hhbm5lbHNfbmV4dF9vcmRlciI6NX0=	2017-10-02 07:27:45.351571+00
chn8a13cf4ab8edbd8e9aa58e0402ab2	NWZiMDk2ZjE1YTVhMjcyZGE4ODQ4ZDE0YzkxODFkOTY0ZDkwODU5Yjp7Il9fY2hhbm5lbHNfbmV4dF9vcmRlciI6M30=	2017-10-03 16:03:58.72108+00
chn029b7c6be3a661e2cfb3837cdb73a	NWZiMDk2ZjE1YTVhMjcyZGE4ODQ4ZDE0YzkxODFkOTY0ZDkwODU5Yjp7Il9fY2hhbm5lbHNfbmV4dF9vcmRlciI6M30=	2017-10-03 17:28:36.320683+00
chn9e46144ca22ac66c961e1fe9d4348	NWZiMDk2ZjE1YTVhMjcyZGE4ODQ4ZDE0YzkxODFkOTY0ZDkwODU5Yjp7Il9fY2hhbm5lbHNfbmV4dF9vcmRlciI6M30=	2017-10-02 07:53:55.928444+00
chn0c54211331fa13da32d5f9bcd6c38	NWZiMDk2ZjE1YTVhMjcyZGE4ODQ4ZDE0YzkxODFkOTY0ZDkwODU5Yjp7Il9fY2hhbm5lbHNfbmV4dF9vcmRlciI6M30=	2017-10-03 16:04:42.854216+00
chnaf1523386a050683f1c50f141e5ec	NWZiMDk2ZjE1YTVhMjcyZGE4ODQ4ZDE0YzkxODFkOTY0ZDkwODU5Yjp7Il9fY2hhbm5lbHNfbmV4dF9vcmRlciI6M30=	2017-10-03 05:08:49.344605+00
chnb4cb2973ae09dad49a9ec2c98241f	NWZiMDk2ZjE1YTVhMjcyZGE4ODQ4ZDE0YzkxODFkOTY0ZDkwODU5Yjp7Il9fY2hhbm5lbHNfbmV4dF9vcmRlciI6M30=	2017-10-06 15:13:03.062861+00
chne5b931c4404ce70da81ea57c01f9f	NWZiMDk2ZjE1YTVhMjcyZGE4ODQ4ZDE0YzkxODFkOTY0ZDkwODU5Yjp7Il9fY2hhbm5lbHNfbmV4dF9vcmRlciI6M30=	2017-10-03 17:29:01.729726+00
chnefa11dfde5b71c63b400e0973c51d	NWZiMDk2ZjE1YTVhMjcyZGE4ODQ4ZDE0YzkxODFkOTY0ZDkwODU5Yjp7Il9fY2hhbm5lbHNfbmV4dF9vcmRlciI6M30=	2017-10-03 05:08:56.022049+00
chnad30cd84d3331585c1279c89ebd9b	NWZiMDk2ZjE1YTVhMjcyZGE4ODQ4ZDE0YzkxODFkOTY0ZDkwODU5Yjp7Il9fY2hhbm5lbHNfbmV4dF9vcmRlciI6M30=	2017-10-03 16:04:50.392311+00
chnbfcee6f0aa337c4224ac5dbb2edf5	NWZiMDk2ZjE1YTVhMjcyZGE4ODQ4ZDE0YzkxODFkOTY0ZDkwODU5Yjp7Il9fY2hhbm5lbHNfbmV4dF9vcmRlciI6M30=	2017-10-03 05:09:24.699434+00
chn7e831316009c4679a5e331f04b084	NWZiMDk2ZjE1YTVhMjcyZGE4ODQ4ZDE0YzkxODFkOTY0ZDkwODU5Yjp7Il9fY2hhbm5lbHNfbmV4dF9vcmRlciI6M30=	2017-10-03 16:05:34.272979+00
chnb8a60a499727091f283285db83a9f	NWZiMDk2ZjE1YTVhMjcyZGE4ODQ4ZDE0YzkxODFkOTY0ZDkwODU5Yjp7Il9fY2hhbm5lbHNfbmV4dF9vcmRlciI6M30=	2017-10-03 15:55:12.205902+00
chn1963d71507327ce3c75c8b4861aa9	NWZiMDk2ZjE1YTVhMjcyZGE4ODQ4ZDE0YzkxODFkOTY0ZDkwODU5Yjp7Il9fY2hhbm5lbHNfbmV4dF9vcmRlciI6M30=	2017-10-03 15:55:21.427488+00
chn31056de789302d7ba7ec9c66e8c3a	NWZiMDk2ZjE1YTVhMjcyZGE4ODQ4ZDE0YzkxODFkOTY0ZDkwODU5Yjp7Il9fY2hhbm5lbHNfbmV4dF9vcmRlciI6M30=	2017-10-03 15:55:32.74194+00
chnc4f6e90dfd1d87ac5a9388cbe924d	M2YzZjk2N2NmMmMxNTgyY2YwNTE3ZjhhYTAyN2EyNjlhOGEwYzA2MTp7Il9fY2hhbm5lbHNfbmV4dF9vcmRlciI6N30=	2017-10-03 16:06:36.598555+00
chn90c3d315a084da234a1c7bfd8d40d	NWZiMDk2ZjE1YTVhMjcyZGE4ODQ4ZDE0YzkxODFkOTY0ZDkwODU5Yjp7Il9fY2hhbm5lbHNfbmV4dF9vcmRlciI6M30=	2017-10-03 15:56:44.506571+00
chnd0bc7d2335cb5cd309205cb2d3974	NWZiMDk2ZjE1YTVhMjcyZGE4ODQ4ZDE0YzkxODFkOTY0ZDkwODU5Yjp7Il9fY2hhbm5lbHNfbmV4dF9vcmRlciI6M30=	2017-10-03 16:08:44.523009+00
chnabb40bca49241da9aaece40173f18	NWZiMDk2ZjE1YTVhMjcyZGE4ODQ4ZDE0YzkxODFkOTY0ZDkwODU5Yjp7Il9fY2hhbm5lbHNfbmV4dF9vcmRlciI6M30=	2017-10-03 15:57:47.459156+00
chn16023b12dccc9d47ca4f843093dbe	NWZiMDk2ZjE1YTVhMjcyZGE4ODQ4ZDE0YzkxODFkOTY0ZDkwODU5Yjp7Il9fY2hhbm5lbHNfbmV4dF9vcmRlciI6M30=	2017-10-03 15:58:21.363511+00
chn1c37da2a6c1b77838f9f4b200d295	MjlhY2YxOGY2N2RmMDljMWFhMzNkOTExYjhhNjdjNjMzNWYzNTdhZDp7Il9fY2hhbm5lbHNfbmV4dF9vcmRlciI6NH0=	2017-10-03 16:50:01.15354+00
chn46f89cac039b8f1d95c37429d46ef	NWZiMDk2ZjE1YTVhMjcyZGE4ODQ4ZDE0YzkxODFkOTY0ZDkwODU5Yjp7Il9fY2hhbm5lbHNfbmV4dF9vcmRlciI6M30=	2017-10-03 15:58:37.059185+00
chn0898e3c6ef9772595fd22b1d5d53d	MjlhY2YxOGY2N2RmMDljMWFhMzNkOTExYjhhNjdjNjMzNWYzNTdhZDp7Il9fY2hhbm5lbHNfbmV4dF9vcmRlciI6NH0=	2017-10-03 17:24:04.969281+00
chnfe1cd3140163805d9880b1a1c11ac	NWZiMDk2ZjE1YTVhMjcyZGE4ODQ4ZDE0YzkxODFkOTY0ZDkwODU5Yjp7Il9fY2hhbm5lbHNfbmV4dF9vcmRlciI6M30=	2017-10-03 15:58:43.006641+00
chna24ba4e2238dc3fabea1e785f22d8	NWZiMDk2ZjE1YTVhMjcyZGE4ODQ4ZDE0YzkxODFkOTY0ZDkwODU5Yjp7Il9fY2hhbm5lbHNfbmV4dF9vcmRlciI6M30=	2017-10-03 15:59:51.367532+00
chn9292ad10629611927df9eec7cdf6b	ODQzY2FjYjEyZjJkMWI0Mjg5Y2UwYmNhNjAyYmJiMWVjNmJmMGVlYTp7Il9fY2hhbm5lbHNfbmV4dF9vcmRlciI6Mn0=	2017-10-03 15:59:51.763962+00
chn81825dc272c78e920d87bacbd5a72	NWZiMDk2ZjE1YTVhMjcyZGE4ODQ4ZDE0YzkxODFkOTY0ZDkwODU5Yjp7Il9fY2hhbm5lbHNfbmV4dF9vcmRlciI6M30=	2017-10-03 16:00:16.014876+00
chnbf384dc3719b793476ab00838ee4e	NWZiMDk2ZjE1YTVhMjcyZGE4ODQ4ZDE0YzkxODFkOTY0ZDkwODU5Yjp7Il9fY2hhbm5lbHNfbmV4dF9vcmRlciI6M30=	2017-10-03 16:00:46.961775+00
chn98b874cd4e7ad115bf56f2b2bb86c	NWZiMDk2ZjE1YTVhMjcyZGE4ODQ4ZDE0YzkxODFkOTY0ZDkwODU5Yjp7Il9fY2hhbm5lbHNfbmV4dF9vcmRlciI6M30=	2017-10-03 16:00:53.225647+00
chnb602f2c60a438d515d916d5d48715	ZTU5NTIzYjI1ODNmOGY3ZjUyY2NiZjQ4YzY3NjI5ZWM1NGMzYjdhYjp7Il9fY2hhbm5lbHNfbmV4dF9vcmRlciI6MTd9	2017-10-03 17:25:39.896922+00
chn713cf957253939f0b08760e07c8a8	NWZiMDk2ZjE1YTVhMjcyZGE4ODQ4ZDE0YzkxODFkOTY0ZDkwODU5Yjp7Il9fY2hhbm5lbHNfbmV4dF9vcmRlciI6M30=	2017-10-03 17:26:00.160669+00
chna98078363c840877f31a1f8a4a0d9	NWZiMDk2ZjE1YTVhMjcyZGE4ODQ4ZDE0YzkxODFkOTY0ZDkwODU5Yjp7Il9fY2hhbm5lbHNfbmV4dF9vcmRlciI6M30=	2017-10-03 17:26:15.873173+00
chn255f257cf19ade39204fea7092dac	NWZiMDk2ZjE1YTVhMjcyZGE4ODQ4ZDE0YzkxODFkOTY0ZDkwODU5Yjp7Il9fY2hhbm5lbHNfbmV4dF9vcmRlciI6M30=	2017-10-03 17:26:24.988781+00
chn2495660cebc8cf081b06e810ed2ff	NWZiMDk2ZjE1YTVhMjcyZGE4ODQ4ZDE0YzkxODFkOTY0ZDkwODU5Yjp7Il9fY2hhbm5lbHNfbmV4dF9vcmRlciI6M30=	2017-10-03 17:26:30.586768+00
chn8de96cd34f7280b69a279424b1485	NWZiMDk2ZjE1YTVhMjcyZGE4ODQ4ZDE0YzkxODFkOTY0ZDkwODU5Yjp7Il9fY2hhbm5lbHNfbmV4dF9vcmRlciI6M30=	2017-10-03 17:26:36.146249+00
chn38ab3c6e426692044bbf45aa53c7d	NWZiMDk2ZjE1YTVhMjcyZGE4ODQ4ZDE0YzkxODFkOTY0ZDkwODU5Yjp7Il9fY2hhbm5lbHNfbmV4dF9vcmRlciI6M30=	2017-10-03 17:27:23.996248+00
chnffe06dd4e390523f0007866a54f88	NWZiMDk2ZjE1YTVhMjcyZGE4ODQ4ZDE0YzkxODFkOTY0ZDkwODU5Yjp7Il9fY2hhbm5lbHNfbmV4dF9vcmRlciI6M30=	2017-10-03 17:27:33.971531+00
chn66ca54a17c590fd09f357f90afe60	NWZiMDk2ZjE1YTVhMjcyZGE4ODQ4ZDE0YzkxODFkOTY0ZDkwODU5Yjp7Il9fY2hhbm5lbHNfbmV4dF9vcmRlciI6M30=	2017-10-03 17:27:45.228062+00
chn5c58b083590fe8287f51917c54d43	NWZiMDk2ZjE1YTVhMjcyZGE4ODQ4ZDE0YzkxODFkOTY0ZDkwODU5Yjp7Il9fY2hhbm5lbHNfbmV4dF9vcmRlciI6M30=	2017-10-03 17:28:01.113611+00
chn5f1c3c0de73d628124b62be8054e2	NWZiMDk2ZjE1YTVhMjcyZGE4ODQ4ZDE0YzkxODFkOTY0ZDkwODU5Yjp7Il9fY2hhbm5lbHNfbmV4dF9vcmRlciI6M30=	2017-10-03 17:41:13.959396+00
chn46a9e946a3553016cc1db5d17b2a8	MjlhY2YxOGY2N2RmMDljMWFhMzNkOTExYjhhNjdjNjMzNWYzNTdhZDp7Il9fY2hhbm5lbHNfbmV4dF9vcmRlciI6NH0=	2017-10-03 17:56:13.850172+00
chnf55f7a16eec614a97e747a7880179	NWZiMDk2ZjE1YTVhMjcyZGE4ODQ4ZDE0YzkxODFkOTY0ZDkwODU5Yjp7Il9fY2hhbm5lbHNfbmV4dF9vcmRlciI6M30=	2017-10-03 17:41:18.608217+00
chn2d1d4ee6a5114e703216aa66cd883	OTA3MWI5NDBlYjViYmVlZjg0YmRjZjFhZDQ0ZGI3ZjNjYzdlYjI3ZDp7Il9fY2hhbm5lbHNfbmV4dF9vcmRlciI6Nn0=	2017-10-03 17:30:06.975006+00
chnf3c0522a629e698da9dcf7f685a7c	NWZiMDk2ZjE1YTVhMjcyZGE4ODQ4ZDE0YzkxODFkOTY0ZDkwODU5Yjp7Il9fY2hhbm5lbHNfbmV4dF9vcmRlciI6M30=	2017-10-03 17:41:23.920323+00
chn3767ff4b64feba56a50ede1200708	MjlhY2YxOGY2N2RmMDljMWFhMzNkOTExYjhhNjdjNjMzNWYzNTdhZDp7Il9fY2hhbm5lbHNfbmV4dF9vcmRlciI6NH0=	2017-10-03 17:57:28.053524+00
chn1ebc7a12d5e2c8bbe8c1c34b93ec6	NWZiMDk2ZjE1YTVhMjcyZGE4ODQ4ZDE0YzkxODFkOTY0ZDkwODU5Yjp7Il9fY2hhbm5lbHNfbmV4dF9vcmRlciI6M30=	2017-10-03 17:41:42.747251+00
chncdd3209df00441dc359c37ab990ad	NWZiMDk2ZjE1YTVhMjcyZGE4ODQ4ZDE0YzkxODFkOTY0ZDkwODU5Yjp7Il9fY2hhbm5lbHNfbmV4dF9vcmRlciI6M30=	2017-10-03 17:41:59.658165+00
chn156bd4d7d1a878409fc51447226f0	NWZiMDk2ZjE1YTVhMjcyZGE4ODQ4ZDE0YzkxODFkOTY0ZDkwODU5Yjp7Il9fY2hhbm5lbHNfbmV4dF9vcmRlciI6M30=	2017-10-03 17:42:06.796881+00
chn92fef9b36e69db2b268590402cdac	MjlhY2YxOGY2N2RmMDljMWFhMzNkOTExYjhhNjdjNjMzNWYzNTdhZDp7Il9fY2hhbm5lbHNfbmV4dF9vcmRlciI6NH0=	2017-10-03 17:57:36.009933+00
chna96792e0270ed60187176d6a37998	NWU3YjQzZDY4M2FkMjg4NTlhNGQ0OGIwOTkzZTRkYmNhNzY3NTM0NDp7Il9fY2hhbm5lbHNfbmV4dF9vcmRlciI6MTB9	2017-10-03 17:33:31.859873+00
chneb24cac8e15662a33cb5719f2309c	NWZiMDk2ZjE1YTVhMjcyZGE4ODQ4ZDE0YzkxODFkOTY0ZDkwODU5Yjp7Il9fY2hhbm5lbHNfbmV4dF9vcmRlciI6M30=	2017-10-03 17:42:15.352541+00
chn5d28de5cfbd81bfd42ac2b61b2e46	NWZiMDk2ZjE1YTVhMjcyZGE4ODQ4ZDE0YzkxODFkOTY0ZDkwODU5Yjp7Il9fY2hhbm5lbHNfbmV4dF9vcmRlciI6M30=	2017-10-03 17:33:49.626424+00
chn4a1cbe9b1550dfcda60ab410b637b	NWZiMDk2ZjE1YTVhMjcyZGE4ODQ4ZDE0YzkxODFkOTY0ZDkwODU5Yjp7Il9fY2hhbm5lbHNfbmV4dF9vcmRlciI6M30=	2017-10-03 17:34:15.153557+00
chn4ff8a0c68e60c44404fded305c755	NWZiMDk2ZjE1YTVhMjcyZGE4ODQ4ZDE0YzkxODFkOTY0ZDkwODU5Yjp7Il9fY2hhbm5lbHNfbmV4dF9vcmRlciI6M30=	2017-10-03 17:42:21.418834+00
chn029e6951a367ec5bcf85c83e10683	NWZiMDk2ZjE1YTVhMjcyZGE4ODQ4ZDE0YzkxODFkOTY0ZDkwODU5Yjp7Il9fY2hhbm5lbHNfbmV4dF9vcmRlciI6M30=	2017-10-03 17:34:30.036169+00
chnfaa69c80c14533717de7af3374737	NWZiMDk2ZjE1YTVhMjcyZGE4ODQ4ZDE0YzkxODFkOTY0ZDkwODU5Yjp7Il9fY2hhbm5lbHNfbmV4dF9vcmRlciI6M30=	2017-10-03 17:34:38.348323+00
chnf4164647059c515218ec067eb5529	NWZiMDk2ZjE1YTVhMjcyZGE4ODQ4ZDE0YzkxODFkOTY0ZDkwODU5Yjp7Il9fY2hhbm5lbHNfbmV4dF9vcmRlciI6M30=	2017-10-03 17:42:27.343399+00
chne59748ebf8c7709b2c90bee53858b	NWZiMDk2ZjE1YTVhMjcyZGE4ODQ4ZDE0YzkxODFkOTY0ZDkwODU5Yjp7Il9fY2hhbm5lbHNfbmV4dF9vcmRlciI6M30=	2017-10-03 17:34:51.338899+00
chnec4440195c69df7cc0e54dd9058c8	MjlhY2YxOGY2N2RmMDljMWFhMzNkOTExYjhhNjdjNjMzNWYzNTdhZDp7Il9fY2hhbm5lbHNfbmV4dF9vcmRlciI6NH0=	2017-10-03 17:58:20.565834+00
chndda86f4a10901bf83bd004047a3f1	NWZiMDk2ZjE1YTVhMjcyZGE4ODQ4ZDE0YzkxODFkOTY0ZDkwODU5Yjp7Il9fY2hhbm5lbHNfbmV4dF9vcmRlciI6M30=	2017-10-03 17:34:58.676836+00
chn7e01e14386681bb44e5343362ca4c	NWZiMDk2ZjE1YTVhMjcyZGE4ODQ4ZDE0YzkxODFkOTY0ZDkwODU5Yjp7Il9fY2hhbm5lbHNfbmV4dF9vcmRlciI6M30=	2017-10-03 17:43:08.091197+00
chn3798f16562e79d30517144870f6a2	NWZiMDk2ZjE1YTVhMjcyZGE4ODQ4ZDE0YzkxODFkOTY0ZDkwODU5Yjp7Il9fY2hhbm5lbHNfbmV4dF9vcmRlciI6M30=	2017-10-03 17:35:17.12686+00
chn486cdf7999687ea983698f5da8fa0	ODQzY2FjYjEyZjJkMWI0Mjg5Y2UwYmNhNjAyYmJiMWVjNmJmMGVlYTp7Il9fY2hhbm5lbHNfbmV4dF9vcmRlciI6Mn0=	2017-10-03 17:58:20.929907+00
chn3469803ac5021c074f8f7e33c9a8a	NWZiMDk2ZjE1YTVhMjcyZGE4ODQ4ZDE0YzkxODFkOTY0ZDkwODU5Yjp7Il9fY2hhbm5lbHNfbmV4dF9vcmRlciI6M30=	2017-10-03 17:35:22.390844+00
chn5842afde2795c40e89800d2badc2d	NWZiMDk2ZjE1YTVhMjcyZGE4ODQ4ZDE0YzkxODFkOTY0ZDkwODU5Yjp7Il9fY2hhbm5lbHNfbmV4dF9vcmRlciI6M30=	2017-10-03 17:43:25.41091+00
chnd826305a3e8458f6e385b832a357d	NWZiMDk2ZjE1YTVhMjcyZGE4ODQ4ZDE0YzkxODFkOTY0ZDkwODU5Yjp7Il9fY2hhbm5lbHNfbmV4dF9vcmRlciI6M30=	2017-10-03 17:35:35.019781+00
chn8f3c8c16c4bc3dc0ce13bddd46570	NWZiMDk2ZjE1YTVhMjcyZGE4ODQ4ZDE0YzkxODFkOTY0ZDkwODU5Yjp7Il9fY2hhbm5lbHNfbmV4dF9vcmRlciI6M30=	2017-10-03 17:36:27.078659+00
chna4dc0137af77999f01b7e0943de9e	NWZiMDk2ZjE1YTVhMjcyZGE4ODQ4ZDE0YzkxODFkOTY0ZDkwODU5Yjp7Il9fY2hhbm5lbHNfbmV4dF9vcmRlciI6M30=	2017-10-03 17:43:45.255178+00
chndc5c47d76804af13556b25770aee5	NWZiMDk2ZjE1YTVhMjcyZGE4ODQ4ZDE0YzkxODFkOTY0ZDkwODU5Yjp7Il9fY2hhbm5lbHNfbmV4dF9vcmRlciI6M30=	2017-10-03 17:37:39.763669+00
chn0ed41800733bbb730323b55bf4244	NWZiMDk2ZjE1YTVhMjcyZGE4ODQ4ZDE0YzkxODFkOTY0ZDkwODU5Yjp7Il9fY2hhbm5lbHNfbmV4dF9vcmRlciI6M30=	2017-10-03 17:37:52.255366+00
chn661265d4612617bb8ddfcf77e2b07	ODQzY2FjYjEyZjJkMWI0Mjg5Y2UwYmNhNjAyYmJiMWVjNmJmMGVlYTp7Il9fY2hhbm5lbHNfbmV4dF9vcmRlciI6Mn0=	2017-10-03 17:37:55.117325+00
chn83f642c86d30515885cf2dc23612d	NWZiMDk2ZjE1YTVhMjcyZGE4ODQ4ZDE0YzkxODFkOTY0ZDkwODU5Yjp7Il9fY2hhbm5lbHNfbmV4dF9vcmRlciI6M30=	2017-10-03 17:43:54.470259+00
chnfb8e0dff3c30d15ed210546400e6b	NWZiMDk2ZjE1YTVhMjcyZGE4ODQ4ZDE0YzkxODFkOTY0ZDkwODU5Yjp7Il9fY2hhbm5lbHNfbmV4dF9vcmRlciI6M30=	2017-10-03 17:39:27.903619+00
chn7a3654bbbad2cd22ffcdbf4033db8	NWZiMDk2ZjE1YTVhMjcyZGE4ODQ4ZDE0YzkxODFkOTY0ZDkwODU5Yjp7Il9fY2hhbm5lbHNfbmV4dF9vcmRlciI6M30=	2017-10-03 17:39:46.454888+00
chnd20935ce68563716e1826c893211c	NWZiMDk2ZjE1YTVhMjcyZGE4ODQ4ZDE0YzkxODFkOTY0ZDkwODU5Yjp7Il9fY2hhbm5lbHNfbmV4dF9vcmRlciI6M30=	2017-10-03 17:44:53.63597+00
chnde3c73d2e35b83212c953f429db82	NWZiMDk2ZjE1YTVhMjcyZGE4ODQ4ZDE0YzkxODFkOTY0ZDkwODU5Yjp7Il9fY2hhbm5lbHNfbmV4dF9vcmRlciI6M30=	2017-10-03 17:39:50.487165+00
chn94b725c2c99b424acc99a01dec0d2	NWZiMDk2ZjE1YTVhMjcyZGE4ODQ4ZDE0YzkxODFkOTY0ZDkwODU5Yjp7Il9fY2hhbm5lbHNfbmV4dF9vcmRlciI6M30=	2017-10-03 17:40:20.873381+00
chn259692114f9f9681e73e06888da56	NWZiMDk2ZjE1YTVhMjcyZGE4ODQ4ZDE0YzkxODFkOTY0ZDkwODU5Yjp7Il9fY2hhbm5lbHNfbmV4dF9vcmRlciI6M30=	2017-10-03 17:45:06.773664+00
chn7fc51a939826a02030d0aeec27977	NWZiMDk2ZjE1YTVhMjcyZGE4ODQ4ZDE0YzkxODFkOTY0ZDkwODU5Yjp7Il9fY2hhbm5lbHNfbmV4dF9vcmRlciI6M30=	2017-10-03 17:41:01.950878+00
chnc9bd1be8a9dc2bd71c8d5c75b841c	MjlhY2YxOGY2N2RmMDljMWFhMzNkOTExYjhhNjdjNjMzNWYzNTdhZDp7Il9fY2hhbm5lbHNfbmV4dF9vcmRlciI6NH0=	2017-10-03 17:46:00.600909+00
chn02a1a06554110bbc1d0fa91026c5b	MjlhY2YxOGY2N2RmMDljMWFhMzNkOTExYjhhNjdjNjMzNWYzNTdhZDp7Il9fY2hhbm5lbHNfbmV4dF9vcmRlciI6NH0=	2017-10-03 17:47:48.443439+00
chnd7ff07c36588623f5130c4403215c	MjlhY2YxOGY2N2RmMDljMWFhMzNkOTExYjhhNjdjNjMzNWYzNTdhZDp7Il9fY2hhbm5lbHNfbmV4dF9vcmRlciI6NH0=	2017-10-03 17:48:12.268068+00
chnb05ee17d974e012a06bee003da91d	ZTc5NmUxMWUwZjc1NmIxMDVkNGMxMjg5ODIxYTdhYjc5OTk1MjIzODp7Il9fY2hhbm5lbHNfbmV4dF9vcmRlciI6NX0=	2017-10-03 17:48:25.362775+00
chne433d6c24e410daeddcf92b4cbbc9	MjlhY2YxOGY2N2RmMDljMWFhMzNkOTExYjhhNjdjNjMzNWYzNTdhZDp7Il9fY2hhbm5lbHNfbmV4dF9vcmRlciI6NH0=	2017-10-03 17:48:51.175017+00
chnea9234a69227872d403933d4188be	MjlhY2YxOGY2N2RmMDljMWFhMzNkOTExYjhhNjdjNjMzNWYzNTdhZDp7Il9fY2hhbm5lbHNfbmV4dF9vcmRlciI6NH0=	2017-10-03 17:51:32.456331+00
chnf1e2e5f64d4afcea2ef049faa13dc	MjlhY2YxOGY2N2RmMDljMWFhMzNkOTExYjhhNjdjNjMzNWYzNTdhZDp7Il9fY2hhbm5lbHNfbmV4dF9vcmRlciI6NH0=	2017-10-03 17:51:46.215398+00
chn133e8cf4749bde5db274a18925989	MjlhY2YxOGY2N2RmMDljMWFhMzNkOTExYjhhNjdjNjMzNWYzNTdhZDp7Il9fY2hhbm5lbHNfbmV4dF9vcmRlciI6NH0=	2017-10-03 17:52:00.590049+00
chnb2a232c65aed5f97a90533403cf26	MjlhY2YxOGY2N2RmMDljMWFhMzNkOTExYjhhNjdjNjMzNWYzNTdhZDp7Il9fY2hhbm5lbHNfbmV4dF9vcmRlciI6NH0=	2017-10-03 17:53:26.297107+00
chnd9ff8d0295ca22038b91ecffc9dff	MjlhY2YxOGY2N2RmMDljMWFhMzNkOTExYjhhNjdjNjMzNWYzNTdhZDp7Il9fY2hhbm5lbHNfbmV4dF9vcmRlciI6NH0=	2017-10-03 18:19:04.679379+00
chnb3498d5df5a6cadf1b2255beeeb89	MjlhY2YxOGY2N2RmMDljMWFhMzNkOTExYjhhNjdjNjMzNWYzNTdhZDp7Il9fY2hhbm5lbHNfbmV4dF9vcmRlciI6NH0=	2017-10-03 18:00:15.357884+00
chnad56726a2a97b18002d0fc2489460	MjlhY2YxOGY2N2RmMDljMWFhMzNkOTExYjhhNjdjNjMzNWYzNTdhZDp7Il9fY2hhbm5lbHNfbmV4dF9vcmRlciI6NH0=	2017-10-06 14:50:01.543879+00
chn0c05d8f21e223b771b7ca7913ae1d	MjlhY2YxOGY2N2RmMDljMWFhMzNkOTExYjhhNjdjNjMzNWYzNTdhZDp7Il9fY2hhbm5lbHNfbmV4dF9vcmRlciI6NH0=	2017-10-03 18:00:29.413865+00
chn15e15877342300940202407eea19c	MjlhY2YxOGY2N2RmMDljMWFhMzNkOTExYjhhNjdjNjMzNWYzNTdhZDp7Il9fY2hhbm5lbHNfbmV4dF9vcmRlciI6NH0=	2017-10-03 18:20:15.648495+00
chn7fcc744efd9e135796539c537f8c5	MjlhY2YxOGY2N2RmMDljMWFhMzNkOTExYjhhNjdjNjMzNWYzNTdhZDp7Il9fY2hhbm5lbHNfbmV4dF9vcmRlciI6NH0=	2017-10-03 18:00:34.053563+00
chn690197a79108c8f90108c55445866	NWZiMDk2ZjE1YTVhMjcyZGE4ODQ4ZDE0YzkxODFkOTY0ZDkwODU5Yjp7Il9fY2hhbm5lbHNfbmV4dF9vcmRlciI6M30=	2017-10-03 18:00:36.533733+00
chnf8c5f766981b6eee2f7406d78ec9c	ZTc5NmUxMWUwZjc1NmIxMDVkNGMxMjg5ODIxYTdhYjc5OTk1MjIzODp7Il9fY2hhbm5lbHNfbmV4dF9vcmRlciI6NX0=	2017-10-06 14:54:58.213017+00
chn2ee4e14c1178a75b1a866b6598822	NWZiMDk2ZjE1YTVhMjcyZGE4ODQ4ZDE0YzkxODFkOTY0ZDkwODU5Yjp7Il9fY2hhbm5lbHNfbmV4dF9vcmRlciI6M30=	2017-10-03 18:00:52.022738+00
chn836306ea0e6b15f13fc891402758b	MjlhY2YxOGY2N2RmMDljMWFhMzNkOTExYjhhNjdjNjMzNWYzNTdhZDp7Il9fY2hhbm5lbHNfbmV4dF9vcmRlciI6NH0=	2017-10-03 18:02:26.183784+00
chnd3652162b80dfe317d50463c8bb2b	M2YzZjk2N2NmMmMxNTgyY2YwNTE3ZjhhYTAyN2EyNjlhOGEwYzA2MTp7Il9fY2hhbm5lbHNfbmV4dF9vcmRlciI6N30=	2017-10-04 03:32:41.204316+00
chn3ab502e9b5bde11b3a07727e49a7d	MjlhY2YxOGY2N2RmMDljMWFhMzNkOTExYjhhNjdjNjMzNWYzNTdhZDp7Il9fY2hhbm5lbHNfbmV4dF9vcmRlciI6NH0=	2017-10-06 15:02:07.324042+00
chndb00a0edb196a395ab18e8403b0f7	MjlhY2YxOGY2N2RmMDljMWFhMzNkOTExYjhhNjdjNjMzNWYzNTdhZDp7Il9fY2hhbm5lbHNfbmV4dF9vcmRlciI6NH0=	2017-10-03 18:02:44.331121+00
chna2483a21448a4617e3a47202c3155	NWZiMDk2ZjE1YTVhMjcyZGE4ODQ4ZDE0YzkxODFkOTY0ZDkwODU5Yjp7Il9fY2hhbm5lbHNfbmV4dF9vcmRlciI6M30=	2017-10-03 18:03:48.139387+00
chnc0018a056daff2fc0d94cab033116	NWZiMDk2ZjE1YTVhMjcyZGE4ODQ4ZDE0YzkxODFkOTY0ZDkwODU5Yjp7Il9fY2hhbm5lbHNfbmV4dF9vcmRlciI6M30=	2017-10-03 18:04:14.903936+00
chnf939d38ecffe04c9e305c1d6c78cb	MjlhY2YxOGY2N2RmMDljMWFhMzNkOTExYjhhNjdjNjMzNWYzNTdhZDp7Il9fY2hhbm5lbHNfbmV4dF9vcmRlciI6NH0=	2017-10-06 15:03:52.91547+00
chnc60a5579995fc455c879624bf7c57	NWZiMDk2ZjE1YTVhMjcyZGE4ODQ4ZDE0YzkxODFkOTY0ZDkwODU5Yjp7Il9fY2hhbm5lbHNfbmV4dF9vcmRlciI6M30=	2017-10-03 18:05:36.192966+00
chn52c20bfdb02230a40cd24b20ed6ad	NWZiMDk2ZjE1YTVhMjcyZGE4ODQ4ZDE0YzkxODFkOTY0ZDkwODU5Yjp7Il9fY2hhbm5lbHNfbmV4dF9vcmRlciI6M30=	2017-10-03 18:05:44.190506+00
chnbe4548e58a9a7be6ff0be2f6e8464	NWZiMDk2ZjE1YTVhMjcyZGE4ODQ4ZDE0YzkxODFkOTY0ZDkwODU5Yjp7Il9fY2hhbm5lbHNfbmV4dF9vcmRlciI6M30=	2017-10-03 18:05:47.868992+00
chn040d1ee397f9524760bad1b0973a1	NWZiMDk2ZjE1YTVhMjcyZGE4ODQ4ZDE0YzkxODFkOTY0ZDkwODU5Yjp7Il9fY2hhbm5lbHNfbmV4dF9vcmRlciI6M30=	2017-10-03 18:06:29.807956+00
chnd0ba6be0efa6802f4de718dc492f5	NWZiMDk2ZjE1YTVhMjcyZGE4ODQ4ZDE0YzkxODFkOTY0ZDkwODU5Yjp7Il9fY2hhbm5lbHNfbmV4dF9vcmRlciI6M30=	2017-10-03 18:06:58.230115+00
chna30712616250d0204557f4ca4f5cd	NWU3YjQzZDY4M2FkMjg4NTlhNGQ0OGIwOTkzZTRkYmNhNzY3NTM0NDp7Il9fY2hhbm5lbHNfbmV4dF9vcmRlciI6MTB9	2017-10-06 06:42:11.873832+00
chnd798afc554cd761cd8ec04e79b2e3	OTA3MWI5NDBlYjViYmVlZjg0YmRjZjFhZDQ0ZGI3ZjNjYzdlYjI3ZDp7Il9fY2hhbm5lbHNfbmV4dF9vcmRlciI6Nn0=	2017-10-03 18:07:46.642422+00
chn223bdbcc86f50eff3826ad374ce3f	ZTc5NmUxMWUwZjc1NmIxMDVkNGMxMjg5ODIxYTdhYjc5OTk1MjIzODp7Il9fY2hhbm5lbHNfbmV4dF9vcmRlciI6NX0=	2017-10-06 06:48:49.773548+00
chnca3afaaef69a7bf784228461ac4ed	MjlhY2YxOGY2N2RmMDljMWFhMzNkOTExYjhhNjdjNjMzNWYzNTdhZDp7Il9fY2hhbm5lbHNfbmV4dF9vcmRlciI6NH0=	2017-10-03 18:11:18.829664+00
chn36a9219b36b6b9ab23d16e907b2e9	NWZiMDk2ZjE1YTVhMjcyZGE4ODQ4ZDE0YzkxODFkOTY0ZDkwODU5Yjp7Il9fY2hhbm5lbHNfbmV4dF9vcmRlciI6M30=	2017-10-06 10:19:01.170678+00
chn8917b1ca96e1ffb4990a1b46cea6e	NWZiMDk2ZjE1YTVhMjcyZGE4ODQ4ZDE0YzkxODFkOTY0ZDkwODU5Yjp7Il9fY2hhbm5lbHNfbmV4dF9vcmRlciI6M30=	2017-10-03 18:11:33.705623+00
chn878c5418b94eb79c9ef26d7f0ec77	YmU1MTgwMDdkNzMyZDMwOTYwOTI2MjMzNmUwZGZhZjkzZWE0MzY0Yjp7Il9fY2hhbm5lbHNfbmV4dF9vcmRlciI6MjB9	2017-10-06 15:10:38.819458+00
chn7ab31a1419333e415dfa555690271	NWZiMDk2ZjE1YTVhMjcyZGE4ODQ4ZDE0YzkxODFkOTY0ZDkwODU5Yjp7Il9fY2hhbm5lbHNfbmV4dF9vcmRlciI6M30=	2017-10-03 18:12:14.004053+00
chn8e82a7ef8ec02e66f472aa70db55e	NWZiMDk2ZjE1YTVhMjcyZGE4ODQ4ZDE0YzkxODFkOTY0ZDkwODU5Yjp7Il9fY2hhbm5lbHNfbmV4dF9vcmRlciI6M30=	2017-10-06 13:08:19.426246+00
chn6afb50648f4b159eec6224b002bb8	NWZiMDk2ZjE1YTVhMjcyZGE4ODQ4ZDE0YzkxODFkOTY0ZDkwODU5Yjp7Il9fY2hhbm5lbHNfbmV4dF9vcmRlciI6M30=	2017-10-03 18:12:15.611426+00
chn12c0a354b86d76c4361a11c8ac103	NWZiMDk2ZjE1YTVhMjcyZGE4ODQ4ZDE0YzkxODFkOTY0ZDkwODU5Yjp7Il9fY2hhbm5lbHNfbmV4dF9vcmRlciI6M30=	2017-10-03 18:12:24.591537+00
chnc753fd57f683f86dbd1fcb1e9cbdd	NWZiMDk2ZjE1YTVhMjcyZGE4ODQ4ZDE0YzkxODFkOTY0ZDkwODU5Yjp7Il9fY2hhbm5lbHNfbmV4dF9vcmRlciI6M30=	2017-10-06 13:17:24.013336+00
chn9e127c8b6bcfa5083456b93e8284d	NWZiMDk2ZjE1YTVhMjcyZGE4ODQ4ZDE0YzkxODFkOTY0ZDkwODU5Yjp7Il9fY2hhbm5lbHNfbmV4dF9vcmRlciI6M30=	2017-10-03 18:12:44.889684+00
chn29bf2d51f2814b51152eea2285d67	NWZiMDk2ZjE1YTVhMjcyZGE4ODQ4ZDE0YzkxODFkOTY0ZDkwODU5Yjp7Il9fY2hhbm5lbHNfbmV4dF9vcmRlciI6M30=	2017-10-03 18:13:04.769962+00
chn7156612aab11acaddfdcae166ad69	ODQzY2FjYjEyZjJkMWI0Mjg5Y2UwYmNhNjAyYmJiMWVjNmJmMGVlYTp7Il9fY2hhbm5lbHNfbmV4dF9vcmRlciI6Mn0=	2017-10-03 18:14:24.634924+00
chn0c85a9ede2ea2ae93fc4a4a77a72f	NWZiMDk2ZjE1YTVhMjcyZGE4ODQ4ZDE0YzkxODFkOTY0ZDkwODU5Yjp7Il9fY2hhbm5lbHNfbmV4dF9vcmRlciI6M30=	2017-10-06 13:52:56.050148+00
chn470147379e66e6596ffb697df714d	ZTc5NmUxMWUwZjc1NmIxMDVkNGMxMjg5ODIxYTdhYjc5OTk1MjIzODp7Il9fY2hhbm5lbHNfbmV4dF9vcmRlciI6NX0=	2017-10-06 14:03:20.30154+00
chn3ac25f5effb254d20da5fbda83a6c	NWZiMDk2ZjE1YTVhMjcyZGE4ODQ4ZDE0YzkxODFkOTY0ZDkwODU5Yjp7Il9fY2hhbm5lbHNfbmV4dF9vcmRlciI6M30=	2017-10-06 14:03:21.352321+00
chn42cc55d3206a35d8194e884b30d53	NWZiMDk2ZjE1YTVhMjcyZGE4ODQ4ZDE0YzkxODFkOTY0ZDkwODU5Yjp7Il9fY2hhbm5lbHNfbmV4dF9vcmRlciI6M30=	2017-10-06 14:05:37.824051+00
chncafc3c8115d1dfb43af257475ff4b	ODQzY2FjYjEyZjJkMWI0Mjg5Y2UwYmNhNjAyYmJiMWVjNmJmMGVlYTp7Il9fY2hhbm5lbHNfbmV4dF9vcmRlciI6Mn0=	2017-10-06 14:05:38.126688+00
chn7bdd1418a8ddf0f8b2952ba3134f5	ZTc5NmUxMWUwZjc1NmIxMDVkNGMxMjg5ODIxYTdhYjc5OTk1MjIzODp7Il9fY2hhbm5lbHNfbmV4dF9vcmRlciI6NX0=	2017-10-06 14:07:09.672248+00
chn105131cfd1b22f2fe1133010a37a6	MjlhY2YxOGY2N2RmMDljMWFhMzNkOTExYjhhNjdjNjMzNWYzNTdhZDp7Il9fY2hhbm5lbHNfbmV4dF9vcmRlciI6NH0=	2017-10-06 14:07:41.396815+00
chnd5ba221e7fe2693bf4802e2b3cada	OWJkNDQ4NjJjN2RjZDExOTRiNGNkMGEwNDkxNTlmYjA5YTMwYTY3NDp7Il9fY2hhbm5lbHNfbmV4dF9vcmRlciI6MTJ9	2017-10-06 14:07:41.744813+00
chnfe70ca4e95552d67dc1805e310236	MjlhY2YxOGY2N2RmMDljMWFhMzNkOTExYjhhNjdjNjMzNWYzNTdhZDp7Il9fY2hhbm5lbHNfbmV4dF9vcmRlciI6NH0=	2017-10-06 14:45:27.738361+00
chne1af8ba20d7b98229c155b42c4ff8	MjlhY2YxOGY2N2RmMDljMWFhMzNkOTExYjhhNjdjNjMzNWYzNTdhZDp7Il9fY2hhbm5lbHNfbmV4dF9vcmRlciI6NH0=	2017-10-06 14:45:55.287798+00
chn819da9ea92886880dc4c371d81994	NWZiMDk2ZjE1YTVhMjcyZGE4ODQ4ZDE0YzkxODFkOTY0ZDkwODU5Yjp7Il9fY2hhbm5lbHNfbmV4dF9vcmRlciI6M30=	2017-10-06 14:47:13.477749+00
chn8f5f72079fa99745ce2df395524d4	NWZiMDk2ZjE1YTVhMjcyZGE4ODQ4ZDE0YzkxODFkOTY0ZDkwODU5Yjp7Il9fY2hhbm5lbHNfbmV4dF9vcmRlciI6M30=	2017-10-13 09:07:04.723607+00
chn636acff20b338009449dc05da87da	NWZiMDk2ZjE1YTVhMjcyZGE4ODQ4ZDE0YzkxODFkOTY0ZDkwODU5Yjp7Il9fY2hhbm5lbHNfbmV4dF9vcmRlciI6M30=	2017-10-06 16:21:01.457218+00
chn2cce6b0964e554618089f2327254d	NmExYmZiOTk2MTUxZGJkMGEyNzU0OGMxNzM2YWI1NDM1OGQxZmVlNTp7Il9fY2hhbm5lbHNfbmV4dF9vcmRlciI6MTN9	2017-10-06 16:21:01.461021+00
chn0aee882fe321010adbfbdc19eef2d	ZTc5NmUxMWUwZjc1NmIxMDVkNGMxMjg5ODIxYTdhYjc5OTk1MjIzODp7Il9fY2hhbm5lbHNfbmV4dF9vcmRlciI6NX0=	2017-10-06 17:38:10.571156+00
chn9b44dbdce3e6e5e2a70e74f47ce0b	M2YzZjk2N2NmMmMxNTgyY2YwNTE3ZjhhYTAyN2EyNjlhOGEwYzA2MTp7Il9fY2hhbm5lbHNfbmV4dF9vcmRlciI6N30=	2017-10-06 15:14:51.677401+00
chn8dbe91a758fb00cf701e054ef7ee6	MjlhY2YxOGY2N2RmMDljMWFhMzNkOTExYjhhNjdjNjMzNWYzNTdhZDp7Il9fY2hhbm5lbHNfbmV4dF9vcmRlciI6NH0=	2017-10-06 15:14:58.237002+00
chn74964d54f72d95d8545d66589b8e1	OTA3MWI5NDBlYjViYmVlZjg0YmRjZjFhZDQ0ZGI3ZjNjYzdlYjI3ZDp7Il9fY2hhbm5lbHNfbmV4dF9vcmRlciI6Nn0=	2017-10-06 17:44:27.762367+00
chn50b7583925cba8e1bb2eb37206a93	MjlhY2YxOGY2N2RmMDljMWFhMzNkOTExYjhhNjdjNjMzNWYzNTdhZDp7Il9fY2hhbm5lbHNfbmV4dF9vcmRlciI6NH0=	2017-10-06 15:17:48.644783+00
chn1491eb29fc1df031b2913fcfa5a99	M2YzZjk2N2NmMmMxNTgyY2YwNTE3ZjhhYTAyN2EyNjlhOGEwYzA2MTp7Il9fY2hhbm5lbHNfbmV4dF9vcmRlciI6N30=	2017-10-06 17:55:20.054715+00
chnae61d6b81c01812a5a1ce4b5a90da	N2UzOGQ5NWUzYzI3OTA1MTk0ZTMyODdjMDdhNWVmYTUzZWI5MTA0Njp7Il9fY2hhbm5lbHNfbmV4dF9vcmRlciI6OX0=	2017-10-06 15:45:15.773139+00
chn9a10c605883efa8ade581898df840	YTBiMmJhZWM4MzY0YWE2Mzc2NDUwM2JjNWNiMzhkM2ExNDFlMGQyOTp7Il9fY2hhbm5lbHNfbmV4dF9vcmRlciI6Mzd9	2017-10-07 04:38:57.360092+00
chn7047467d5be918a29af817a208bc3	ZTc5NmUxMWUwZjc1NmIxMDVkNGMxMjg5ODIxYTdhYjc5OTk1MjIzODp7Il9fY2hhbm5lbHNfbmV4dF9vcmRlciI6NX0=	2017-10-06 15:52:28.588769+00
chn79c80ff38dda59c7613df471de120	ODQzY2FjYjEyZjJkMWI0Mjg5Y2UwYmNhNjAyYmJiMWVjNmJmMGVlYTp7Il9fY2hhbm5lbHNfbmV4dF9vcmRlciI6Mn0=	2017-10-06 15:55:28.218406+00
chncc19a34511399a58e0ce478933753	NWZiMDk2ZjE1YTVhMjcyZGE4ODQ4ZDE0YzkxODFkOTY0ZDkwODU5Yjp7Il9fY2hhbm5lbHNfbmV4dF9vcmRlciI6M30=	2017-10-06 18:22:32.470033+00
chna7a25411c9899ffff3f2134c2213d	NWZiMDk2ZjE1YTVhMjcyZGE4ODQ4ZDE0YzkxODFkOTY0ZDkwODU5Yjp7Il9fY2hhbm5lbHNfbmV4dF9vcmRlciI6M30=	2017-10-06 15:55:45.594134+00
chnfd41d2db7f5d15c9649c9825fcd9f	ODQzY2FjYjEyZjJkMWI0Mjg5Y2UwYmNhNjAyYmJiMWVjNmJmMGVlYTp7Il9fY2hhbm5lbHNfbmV4dF9vcmRlciI6Mn0=	2017-10-06 15:56:30.21163+00
chnca6349527f68572ab68776b3847af	OGRmMzE4MmNlYjExZGNkNGVjZTMxYjk3NGJkMGQwOGI0OGQzOGUyYTp7Il9fY2hhbm5lbHNfbmV4dF9vcmRlciI6MTF9	2017-10-06 18:23:04.834757+00
chn53df94a6e81e749b24fa09dcd6265	OWJkNDQ4NjJjN2RjZDExOTRiNGNkMGEwNDkxNTlmYjA5YTMwYTY3NDp7Il9fY2hhbm5lbHNfbmV4dF9vcmRlciI6MTJ9	2017-10-07 09:00:03.242768+00
chnd81478b750e99ed7f8aee80dd9aa9	MjlhY2YxOGY2N2RmMDljMWFhMzNkOTExYjhhNjdjNjMzNWYzNTdhZDp7Il9fY2hhbm5lbHNfbmV4dF9vcmRlciI6NH0=	2017-10-06 15:56:42.082655+00
chnc480dba68d2e90de0dca1e2d4bafa	ZTc5NmUxMWUwZjc1NmIxMDVkNGMxMjg5ODIxYTdhYjc5OTk1MjIzODp7Il9fY2hhbm5lbHNfbmV4dF9vcmRlciI6NX0=	2017-10-06 18:24:01.145864+00
chn1939f921c85fa2d52918ddf414f38	NWZiMDk2ZjE1YTVhMjcyZGE4ODQ4ZDE0YzkxODFkOTY0ZDkwODU5Yjp7Il9fY2hhbm5lbHNfbmV4dF9vcmRlciI6M30=	2017-10-07 09:02:34.013511+00
chn3b1dfb82acb8ad6c912bf4716e368	ODQzY2FjYjEyZjJkMWI0Mjg5Y2UwYmNhNjAyYmJiMWVjNmJmMGVlYTp7Il9fY2hhbm5lbHNfbmV4dF9vcmRlciI6Mn0=	2017-10-06 15:59:23.505097+00
chn04029c6e74e06fbbf945fbb1eebd5	MjlhY2YxOGY2N2RmMDljMWFhMzNkOTExYjhhNjdjNjMzNWYzNTdhZDp7Il9fY2hhbm5lbHNfbmV4dF9vcmRlciI6NH0=	2017-10-07 09:26:58.6377+00
chnb792d577a73962184f31e6fb80e76	ZTc5NmUxMWUwZjc1NmIxMDVkNGMxMjg5ODIxYTdhYjc5OTk1MjIzODp7Il9fY2hhbm5lbHNfbmV4dF9vcmRlciI6NX0=	2017-10-06 18:24:30.618998+00
chn9d670233c4be452f6b894502c4c8f	N2UzOGQ5NWUzYzI3OTA1MTk0ZTMyODdjMDdhNWVmYTUzZWI5MTA0Njp7Il9fY2hhbm5lbHNfbmV4dF9vcmRlciI6OX0=	2017-10-06 16:00:13.584313+00
chna945b198cd7ac89ce8155b27aaffc	OTA3MWI5NDBlYjViYmVlZjg0YmRjZjFhZDQ0ZGI3ZjNjYzdlYjI3ZDp7Il9fY2hhbm5lbHNfbmV4dF9vcmRlciI6Nn0=	2017-10-06 18:25:03.622095+00
chna89d69c609eca632381a6e5c4ae10	OTA3MWI5NDBlYjViYmVlZjg0YmRjZjFhZDQ0ZGI3ZjNjYzdlYjI3ZDp7Il9fY2hhbm5lbHNfbmV4dF9vcmRlciI6Nn0=	2017-10-07 09:45:27.856461+00
chn8e4a61e9f97bc3c1616c6613be9b6	OTA3MWI5NDBlYjViYmVlZjg0YmRjZjFhZDQ0ZGI3ZjNjYzdlYjI3ZDp7Il9fY2hhbm5lbHNfbmV4dF9vcmRlciI6Nn0=	2017-10-06 16:05:05.790342+00
chn00e6d34f34098fde04442abd602ff	NWZiMDk2ZjE1YTVhMjcyZGE4ODQ4ZDE0YzkxODFkOTY0ZDkwODU5Yjp7Il9fY2hhbm5lbHNfbmV4dF9vcmRlciI6M30=	2017-10-06 18:25:36.052455+00
chnb88b1c02312e094b5135d4ef4c358	ZTc5NmUxMWUwZjc1NmIxMDVkNGMxMjg5ODIxYTdhYjc5OTk1MjIzODp7Il9fY2hhbm5lbHNfbmV4dF9vcmRlciI6NX0=	2017-10-06 18:25:57.79065+00
chn65223258332529717178a21d09294	NWZiMDk2ZjE1YTVhMjcyZGE4ODQ4ZDE0YzkxODFkOTY0ZDkwODU5Yjp7Il9fY2hhbm5lbHNfbmV4dF9vcmRlciI6M30=	2017-10-06 16:05:20.020538+00
chn1a647644839d0169ae5734182f724	NDgzZTQ1NDBiZDI2MzgzZjMxMTczYjVmNWM2MjYwMzI5NTlhMTYwMDp7Il9fY2hhbm5lbHNfbmV4dF9vcmRlciI6OH0=	2017-10-07 10:02:36.202894+00
chnac2ed0ec9ae997305cf5af9850906	MjlhY2YxOGY2N2RmMDljMWFhMzNkOTExYjhhNjdjNjMzNWYzNTdhZDp7Il9fY2hhbm5lbHNfbmV4dF9vcmRlciI6NH0=	2017-10-13 06:06:50.961393+00
chn90bceb599e35d7cad668370654a7f	N2UzOGQ5NWUzYzI3OTA1MTk0ZTMyODdjMDdhNWVmYTUzZWI5MTA0Njp7Il9fY2hhbm5lbHNfbmV4dF9vcmRlciI6OX0=	2017-10-06 18:50:48.684858+00
chndaa86dd639959bd8467bcf53d28c2	NWZiMDk2ZjE1YTVhMjcyZGE4ODQ4ZDE0YzkxODFkOTY0ZDkwODU5Yjp7Il9fY2hhbm5lbHNfbmV4dF9vcmRlciI6M30=	2017-10-13 06:07:08.443809+00
chn710315634e26c3feb4130a8cad5bf	OTA3MWI5NDBlYjViYmVlZjg0YmRjZjFhZDQ0ZGI3ZjNjYzdlYjI3ZDp7Il9fY2hhbm5lbHNfbmV4dF9vcmRlciI6Nn0=	2017-10-06 19:00:46.464939+00
chne2055c00861f4b572887c4f3991c5	ZTc5NmUxMWUwZjc1NmIxMDVkNGMxMjg5ODIxYTdhYjc5OTk1MjIzODp7Il9fY2hhbm5lbHNfbmV4dF9vcmRlciI6NX0=	2017-10-13 06:15:59.737672+00
chn876a42ac7c7324e4eb70e8d35e012	MjlhY2YxOGY2N2RmMDljMWFhMzNkOTExYjhhNjdjNjMzNWYzNTdhZDp7Il9fY2hhbm5lbHNfbmV4dF9vcmRlciI6NH0=	2017-10-13 06:16:37.364255+00
chn0affa254fab91d9455302c922f41d	NWZiMDk2ZjE1YTVhMjcyZGE4ODQ4ZDE0YzkxODFkOTY0ZDkwODU5Yjp7Il9fY2hhbm5lbHNfbmV4dF9vcmRlciI6M30=	2017-10-13 06:16:39.627408+00
chna6e62dc743f4fbd4f8608bd9f44c4	NmExYmZiOTk2MTUxZGJkMGEyNzU0OGMxNzM2YWI1NDM1OGQxZmVlNTp7Il9fY2hhbm5lbHNfbmV4dF9vcmRlciI6MTN9	2017-10-06 19:06:06.506449+00
chn303fa2fc99b85e6436c1673ba43d5	MjlhY2YxOGY2N2RmMDljMWFhMzNkOTExYjhhNjdjNjMzNWYzNTdhZDp7Il9fY2hhbm5lbHNfbmV4dF9vcmRlciI6NH0=	2017-10-13 06:20:02.531402+00
chnb1f0d848d110a0deff292c4f197c4	NWZiMDk2ZjE1YTVhMjcyZGE4ODQ4ZDE0YzkxODFkOTY0ZDkwODU5Yjp7Il9fY2hhbm5lbHNfbmV4dF9vcmRlciI6M30=	2017-10-07 04:16:52.225192+00
chnc9293429656f4edaeecc78c84284b	MjlhY2YxOGY2N2RmMDljMWFhMzNkOTExYjhhNjdjNjMzNWYzNTdhZDp7Il9fY2hhbm5lbHNfbmV4dF9vcmRlciI6NH0=	2017-10-13 06:21:30.91374+00
chn0aceb43865dca9d7608dd2ea61aec	MjlhY2YxOGY2N2RmMDljMWFhMzNkOTExYjhhNjdjNjMzNWYzNTdhZDp7Il9fY2hhbm5lbHNfbmV4dF9vcmRlciI6NH0=	2017-10-13 06:21:48.176738+00
chn5c66c1e5a6d1ec450d5e6d37c230a	MjlhY2YxOGY2N2RmMDljMWFhMzNkOTExYjhhNjdjNjMzNWYzNTdhZDp7Il9fY2hhbm5lbHNfbmV4dF9vcmRlciI6NH0=	2017-10-13 06:21:57.866921+00
chn56219130268c7038fddc0a91d83a9	ZTc5NmUxMWUwZjc1NmIxMDVkNGMxMjg5ODIxYTdhYjc5OTk1MjIzODp7Il9fY2hhbm5lbHNfbmV4dF9vcmRlciI6NX0=	2017-10-13 06:22:25.468743+00
chn8d477079313f48c3f1b84ef0f3d3d	MjlhY2YxOGY2N2RmMDljMWFhMzNkOTExYjhhNjdjNjMzNWYzNTdhZDp7Il9fY2hhbm5lbHNfbmV4dF9vcmRlciI6NH0=	2017-10-13 06:23:23.611623+00
chnf5968c3024abed120ebfdea37843a	NWZiMDk2ZjE1YTVhMjcyZGE4ODQ4ZDE0YzkxODFkOTY0ZDkwODU5Yjp7Il9fY2hhbm5lbHNfbmV4dF9vcmRlciI6M30=	2017-10-13 09:06:45.300889+00
chn562d6d28e3c40af8bd880d15ccc47	NWZiMDk2ZjE1YTVhMjcyZGE4ODQ4ZDE0YzkxODFkOTY0ZDkwODU5Yjp7Il9fY2hhbm5lbHNfbmV4dF9vcmRlciI6M30=	2017-10-13 11:50:46.405583+00
chn9b93f6704eda3fb2d9afcca0b857a	OTA3MWI5NDBlYjViYmVlZjg0YmRjZjFhZDQ0ZGI3ZjNjYzdlYjI3ZDp7Il9fY2hhbm5lbHNfbmV4dF9vcmRlciI6Nn0=	2017-10-13 07:48:44.862098+00
chn24121f10b6e58b47097f9863d332b	MjlhY2YxOGY2N2RmMDljMWFhMzNkOTExYjhhNjdjNjMzNWYzNTdhZDp7Il9fY2hhbm5lbHNfbmV4dF9vcmRlciI6NH0=	2017-10-13 06:23:58.763193+00
chnc2c3fff73def81cee0ba0f562550d	MjlhY2YxOGY2N2RmMDljMWFhMzNkOTExYjhhNjdjNjMzNWYzNTdhZDp7Il9fY2hhbm5lbHNfbmV4dF9vcmRlciI6NH0=	2017-10-13 07:49:19.8839+00
chn0291fc76b02dbe21a9c71b56b4e65	NWZiMDk2ZjE1YTVhMjcyZGE4ODQ4ZDE0YzkxODFkOTY0ZDkwODU5Yjp7Il9fY2hhbm5lbHNfbmV4dF9vcmRlciI6M30=	2017-10-13 07:49:33.566886+00
chn3a267ba6d1a3901d781fb253502b9	NWZiMDk2ZjE1YTVhMjcyZGE4ODQ4ZDE0YzkxODFkOTY0ZDkwODU5Yjp7Il9fY2hhbm5lbHNfbmV4dF9vcmRlciI6M30=	2017-10-13 07:49:36.411347+00
chn51859f70d528f19818535510e0f7b	ZTc5NmUxMWUwZjc1NmIxMDVkNGMxMjg5ODIxYTdhYjc5OTk1MjIzODp7Il9fY2hhbm5lbHNfbmV4dF9vcmRlciI6NX0=	2017-10-13 06:24:36.800869+00
chnaaae7128558646dc034385d753ff7	MjlhY2YxOGY2N2RmMDljMWFhMzNkOTExYjhhNjdjNjMzNWYzNTdhZDp7Il9fY2hhbm5lbHNfbmV4dF9vcmRlciI6NH0=	2017-10-13 09:10:46.945856+00
chn8447215db590393d93f738964c0b4	NWZiMDk2ZjE1YTVhMjcyZGE4ODQ4ZDE0YzkxODFkOTY0ZDkwODU5Yjp7Il9fY2hhbm5lbHNfbmV4dF9vcmRlciI6M30=	2017-10-13 07:50:35.633318+00
chna5b1adfc5d85ce754174d4b5e8cb8	MjlhY2YxOGY2N2RmMDljMWFhMzNkOTExYjhhNjdjNjMzNWYzNTdhZDp7Il9fY2hhbm5lbHNfbmV4dF9vcmRlciI6NH0=	2017-10-13 06:24:43.157212+00
chna6296b17599ed092d446e5cd9dfc3	NWZiMDk2ZjE1YTVhMjcyZGE4ODQ4ZDE0YzkxODFkOTY0ZDkwODU5Yjp7Il9fY2hhbm5lbHNfbmV4dF9vcmRlciI6M30=	2017-10-13 07:50:53.153736+00
chnaa8cd829917d892e4af597a99c191	MjlhY2YxOGY2N2RmMDljMWFhMzNkOTExYjhhNjdjNjMzNWYzNTdhZDp7Il9fY2hhbm5lbHNfbmV4dF9vcmRlciI6NH0=	2017-10-13 06:24:52.076738+00
chnf7b729683a369d54e49dbd9b2471f	M2YzZjk2N2NmMmMxNTgyY2YwNTE3ZjhhYTAyN2EyNjlhOGEwYzA2MTp7Il9fY2hhbm5lbHNfbmV4dF9vcmRlciI6N30=	2017-10-13 09:14:57.311593+00
chnfc3f5ba5007397a935b7bff90b51f	NWZiMDk2ZjE1YTVhMjcyZGE4ODQ4ZDE0YzkxODFkOTY0ZDkwODU5Yjp7Il9fY2hhbm5lbHNfbmV4dF9vcmRlciI6M30=	2017-10-13 07:50:55.461939+00
chn4bd0eb849f1c68d7ed3539b8e6b09	NWZiMDk2ZjE1YTVhMjcyZGE4ODQ4ZDE0YzkxODFkOTY0ZDkwODU5Yjp7Il9fY2hhbm5lbHNfbmV4dF9vcmRlciI6M30=	2017-10-13 07:51:05.105457+00
chn785caeebb0bde8c6d50070e922952	NWZiMDk2ZjE1YTVhMjcyZGE4ODQ4ZDE0YzkxODFkOTY0ZDkwODU5Yjp7Il9fY2hhbm5lbHNfbmV4dF9vcmRlciI6M30=	2017-10-13 07:52:25.215816+00
chn1659203b6b1e5d2ea77d2d5beb202	N2UzOGQ5NWUzYzI3OTA1MTk0ZTMyODdjMDdhNWVmYTUzZWI5MTA0Njp7Il9fY2hhbm5lbHNfbmV4dF9vcmRlciI6OX0=	2017-10-13 09:15:18.650852+00
chn99ec5938370004f9c4e5a0fd806fb	NWZiMDk2ZjE1YTVhMjcyZGE4ODQ4ZDE0YzkxODFkOTY0ZDkwODU5Yjp7Il9fY2hhbm5lbHNfbmV4dF9vcmRlciI6M30=	2017-10-13 07:52:26.854606+00
chn85413bfdd4db00397d38777f6459c	NWZiMDk2ZjE1YTVhMjcyZGE4ODQ4ZDE0YzkxODFkOTY0ZDkwODU5Yjp7Il9fY2hhbm5lbHNfbmV4dF9vcmRlciI6M30=	2017-10-13 11:11:16.516901+00
chn6cdb3daf6eef62c39fb31e3d68d0c	NWZiMDk2ZjE1YTVhMjcyZGE4ODQ4ZDE0YzkxODFkOTY0ZDkwODU5Yjp7Il9fY2hhbm5lbHNfbmV4dF9vcmRlciI6M30=	2017-10-13 07:52:30.596694+00
chn0fcf5947d1fe50dc7df6c5b3f4952	NWZiMDk2ZjE1YTVhMjcyZGE4ODQ4ZDE0YzkxODFkOTY0ZDkwODU5Yjp7Il9fY2hhbm5lbHNfbmV4dF9vcmRlciI6M30=	2017-10-13 11:14:40.59199+00
chn0156189a1a9cf362137ac817bc0eb	MjlhY2YxOGY2N2RmMDljMWFhMzNkOTExYjhhNjdjNjMzNWYzNTdhZDp7Il9fY2hhbm5lbHNfbmV4dF9vcmRlciI6NH0=	2017-10-13 07:54:40.520369+00
chnf7ee946309a30085951c930331843	NWZiMDk2ZjE1YTVhMjcyZGE4ODQ4ZDE0YzkxODFkOTY0ZDkwODU5Yjp7Il9fY2hhbm5lbHNfbmV4dF9vcmRlciI6M30=	2017-10-13 11:14:48.080844+00
chn91be41d532815dd736335dbd05b09	MjlhY2YxOGY2N2RmMDljMWFhMzNkOTExYjhhNjdjNjMzNWYzNTdhZDp7Il9fY2hhbm5lbHNfbmV4dF9vcmRlciI6NH0=	2017-10-13 07:54:50.964427+00
chna1e6cd71499525324c527f0d7aff7	NWZiMDk2ZjE1YTVhMjcyZGE4ODQ4ZDE0YzkxODFkOTY0ZDkwODU5Yjp7Il9fY2hhbm5lbHNfbmV4dF9vcmRlciI6M30=	2017-10-13 11:15:06.807172+00
chnc0bfb9872defb3dca6f3fd4957f3d	MjlhY2YxOGY2N2RmMDljMWFhMzNkOTExYjhhNjdjNjMzNWYzNTdhZDp7Il9fY2hhbm5lbHNfbmV4dF9vcmRlciI6NH0=	2017-10-13 07:56:42.269561+00
chn66d08bdeea6956ca8dd79c0534a6d	NWZiMDk2ZjE1YTVhMjcyZGE4ODQ4ZDE0YzkxODFkOTY0ZDkwODU5Yjp7Il9fY2hhbm5lbHNfbmV4dF9vcmRlciI6M30=	2017-10-13 11:15:18.559868+00
chn353d3e23fe7324e11fd3f3dfa3622	MjlhY2YxOGY2N2RmMDljMWFhMzNkOTExYjhhNjdjNjMzNWYzNTdhZDp7Il9fY2hhbm5lbHNfbmV4dF9vcmRlciI6NH0=	2017-10-13 07:58:31.628408+00
chnf91974e31c30f76f34de0d91b4d98	NWZiMDk2ZjE1YTVhMjcyZGE4ODQ4ZDE0YzkxODFkOTY0ZDkwODU5Yjp7Il9fY2hhbm5lbHNfbmV4dF9vcmRlciI6M30=	2017-10-13 11:17:20.015489+00
chn90890d6cf6881f4ccec23d93a3d9b	M2YzZjk2N2NmMmMxNTgyY2YwNTE3ZjhhYTAyN2EyNjlhOGEwYzA2MTp7Il9fY2hhbm5lbHNfbmV4dF9vcmRlciI6N30=	2017-10-13 08:02:27.894839+00
chn5ab7b56b013d9bc0871f1581add73	MjlhY2YxOGY2N2RmMDljMWFhMzNkOTExYjhhNjdjNjMzNWYzNTdhZDp7Il9fY2hhbm5lbHNfbmV4dF9vcmRlciI6NH0=	2017-10-13 11:21:17.535997+00
chna3101d26788bb7afcf80d3b1071f0	MjlhY2YxOGY2N2RmMDljMWFhMzNkOTExYjhhNjdjNjMzNWYzNTdhZDp7Il9fY2hhbm5lbHNfbmV4dF9vcmRlciI6NH0=	2017-10-13 11:24:07.124007+00
chn4304c2528ef5bf16cfdf4cc60264a	OGRmMzE4MmNlYjExZGNkNGVjZTMxYjk3NGJkMGQwOGI0OGQzOGUyYTp7Il9fY2hhbm5lbHNfbmV4dF9vcmRlciI6MTF9	2017-10-13 08:05:09.384727+00
chnf5048548dce45db93d571463c1504	MjlhY2YxOGY2N2RmMDljMWFhMzNkOTExYjhhNjdjNjMzNWYzNTdhZDp7Il9fY2hhbm5lbHNfbmV4dF9vcmRlciI6NH0=	2017-10-13 11:24:12.121814+00
chn6c9ee37c482001ebcae643d358b33	MjlhY2YxOGY2N2RmMDljMWFhMzNkOTExYjhhNjdjNjMzNWYzNTdhZDp7Il9fY2hhbm5lbHNfbmV4dF9vcmRlciI6NH0=	2017-10-13 11:29:08.035036+00
chn48a7a0bd3a2114da820d50e41e0ea	NWZiMDk2ZjE1YTVhMjcyZGE4ODQ4ZDE0YzkxODFkOTY0ZDkwODU5Yjp7Il9fY2hhbm5lbHNfbmV4dF9vcmRlciI6M30=	2017-10-13 11:29:53.205241+00
chn235b9804c34df3845ae9b1f816015	ZmY2YjFhOTljZDAxZTQ3NTg4ZWI5MzVjMTNjZjIwMGRmMGI5NGNkYzp7Il9fY2hhbm5lbHNfbmV4dF9vcmRlciI6MTV9	2017-10-13 08:57:56.949079+00
chn6a42ad367caeccf07f0e7095e5a7a	NWZiMDk2ZjE1YTVhMjcyZGE4ODQ4ZDE0YzkxODFkOTY0ZDkwODU5Yjp7Il9fY2hhbm5lbHNfbmV4dF9vcmRlciI6M30=	2017-10-13 08:59:54.998103+00
chn49b7e3b800939271f0fa9a21a88d6	NWZiMDk2ZjE1YTVhMjcyZGE4ODQ4ZDE0YzkxODFkOTY0ZDkwODU5Yjp7Il9fY2hhbm5lbHNfbmV4dF9vcmRlciI6M30=	2017-10-13 09:00:31.34886+00
chn9c2f542343c418602e972336d66af	NWZiMDk2ZjE1YTVhMjcyZGE4ODQ4ZDE0YzkxODFkOTY0ZDkwODU5Yjp7Il9fY2hhbm5lbHNfbmV4dF9vcmRlciI6M30=	2017-10-13 09:01:15.148031+00
chn40f4d59d0c47bc548b6942123023d	NWZiMDk2ZjE1YTVhMjcyZGE4ODQ4ZDE0YzkxODFkOTY0ZDkwODU5Yjp7Il9fY2hhbm5lbHNfbmV4dF9vcmRlciI6M30=	2017-10-13 09:01:26.768185+00
chn2780eb80a6e75d1192cf31c3c49b4	NWZiMDk2ZjE1YTVhMjcyZGE4ODQ4ZDE0YzkxODFkOTY0ZDkwODU5Yjp7Il9fY2hhbm5lbHNfbmV4dF9vcmRlciI6M30=	2017-10-13 09:01:28.679298+00
chn1de2eddaa49fcc6b7c278ccbab789	NWZiMDk2ZjE1YTVhMjcyZGE4ODQ4ZDE0YzkxODFkOTY0ZDkwODU5Yjp7Il9fY2hhbm5lbHNfbmV4dF9vcmRlciI6M30=	2017-10-13 09:03:22.553594+00
chn4c2e92beee0ad838acc80438710fc	NWZiMDk2ZjE1YTVhMjcyZGE4ODQ4ZDE0YzkxODFkOTY0ZDkwODU5Yjp7Il9fY2hhbm5lbHNfbmV4dF9vcmRlciI6M30=	2017-10-13 09:05:28.20746+00
chn280219dfa4be100b133c5676c74ec	NWZiMDk2ZjE1YTVhMjcyZGE4ODQ4ZDE0YzkxODFkOTY0ZDkwODU5Yjp7Il9fY2hhbm5lbHNfbmV4dF9vcmRlciI6M30=	2017-10-13 09:05:42.05832+00
chnde5239633c7654b5a7c82fe4580da	NWZiMDk2ZjE1YTVhMjcyZGE4ODQ4ZDE0YzkxODFkOTY0ZDkwODU5Yjp7Il9fY2hhbm5lbHNfbmV4dF9vcmRlciI6M30=	2017-10-13 09:05:49.695741+00
chn6504da7122e4b1a90cd084ef014a3	NjQwMmQ0NTQ3ZWI0YjU2N2IyNjdhM2ZlZmU5ZGVhNTBjNDg1MTc1Yjp7Il9fY2hhbm5lbHNfbmV4dF9vcmRlciI6MjJ9	2017-10-13 11:54:56.844952+00
chn68f3f383240de509fda154ac3dfed	NWZiMDk2ZjE1YTVhMjcyZGE4ODQ4ZDE0YzkxODFkOTY0ZDkwODU5Yjp7Il9fY2hhbm5lbHNfbmV4dF9vcmRlciI6M30=	2017-10-13 12:26:06.437225+00
chnda834466ce23d9d2d30fee2ac0f71	NWZiMDk2ZjE1YTVhMjcyZGE4ODQ4ZDE0YzkxODFkOTY0ZDkwODU5Yjp7Il9fY2hhbm5lbHNfbmV4dF9vcmRlciI6M30=	2017-10-13 12:26:10.538076+00
chncdaaedfff12f57b3853eee6f20912	NWZiMDk2ZjE1YTVhMjcyZGE4ODQ4ZDE0YzkxODFkOTY0ZDkwODU5Yjp7Il9fY2hhbm5lbHNfbmV4dF9vcmRlciI6M30=	2017-10-13 11:30:00.032652+00
chn60296a6a117d12801f7e62499dbf7	NWZiMDk2ZjE1YTVhMjcyZGE4ODQ4ZDE0YzkxODFkOTY0ZDkwODU5Yjp7Il9fY2hhbm5lbHNfbmV4dF9vcmRlciI6M30=	2017-10-13 12:27:37.249259+00
chn5c43ed9aaed2b7754c02959439afd	NWZiMDk2ZjE1YTVhMjcyZGE4ODQ4ZDE0YzkxODFkOTY0ZDkwODU5Yjp7Il9fY2hhbm5lbHNfbmV4dF9vcmRlciI6M30=	2017-10-13 11:55:05.459278+00
chnc153aff397eb94aa948aa742ae74a	NWZiMDk2ZjE1YTVhMjcyZGE4ODQ4ZDE0YzkxODFkOTY0ZDkwODU5Yjp7Il9fY2hhbm5lbHNfbmV4dF9vcmRlciI6M30=	2017-10-13 13:10:11.789527+00
chn6885370c8f00b3276ff11f0dad967	NWZiMDk2ZjE1YTVhMjcyZGE4ODQ4ZDE0YzkxODFkOTY0ZDkwODU5Yjp7Il9fY2hhbm5lbHNfbmV4dF9vcmRlciI6M30=	2017-10-13 11:56:39.083119+00
chn3fda4ee9226873ecbf4d90d430b78	MjlhY2YxOGY2N2RmMDljMWFhMzNkOTExYjhhNjdjNjMzNWYzNTdhZDp7Il9fY2hhbm5lbHNfbmV4dF9vcmRlciI6NH0=	2017-10-13 12:28:23.65873+00
chn4fb824259725be17af417f81ece5d	NWZiMDk2ZjE1YTVhMjcyZGE4ODQ4ZDE0YzkxODFkOTY0ZDkwODU5Yjp7Il9fY2hhbm5lbHNfbmV4dF9vcmRlciI6M30=	2017-10-13 12:29:47.978964+00
chne266bab307784c8825f05a316a17a	MjlhY2YxOGY2N2RmMDljMWFhMzNkOTExYjhhNjdjNjMzNWYzNTdhZDp7Il9fY2hhbm5lbHNfbmV4dF9vcmRlciI6NH0=	2017-10-13 11:37:50.834062+00
chn34a2f0f5602a6e11a07270e18507a	NDgzZTQ1NDBiZDI2MzgzZjMxMTczYjVmNWM2MjYwMzI5NTlhMTYwMDp7Il9fY2hhbm5lbHNfbmV4dF9vcmRlciI6OH0=	2017-10-13 11:38:45.307582+00
chn05cfa682e94e7e63bab12f4231a6f	NWZiMDk2ZjE1YTVhMjcyZGE4ODQ4ZDE0YzkxODFkOTY0ZDkwODU5Yjp7Il9fY2hhbm5lbHNfbmV4dF9vcmRlciI6M30=	2017-10-13 12:30:25.049877+00
chn48f1b674ca64abb175db45ae47068	NWZiMDk2ZjE1YTVhMjcyZGE4ODQ4ZDE0YzkxODFkOTY0ZDkwODU5Yjp7Il9fY2hhbm5lbHNfbmV4dF9vcmRlciI6M30=	2017-10-13 12:32:36.708348+00
chna509ef32d755219ad510cc022a00f	ZmY2YjFhOTljZDAxZTQ3NTg4ZWI5MzVjMTNjZjIwMGRmMGI5NGNkYzp7Il9fY2hhbm5lbHNfbmV4dF9vcmRlciI6MTV9	2017-10-13 12:01:26.194591+00
chn6f5b39111e83ea5da82e69f838f23	N2UzOGQ5NWUzYzI3OTA1MTk0ZTMyODdjMDdhNWVmYTUzZWI5MTA0Njp7Il9fY2hhbm5lbHNfbmV4dF9vcmRlciI6OX0=	2017-10-13 11:46:02.732937+00
chndc91f4073d5c91fc3ce03b1a1e4f4	NWZiMDk2ZjE1YTVhMjcyZGE4ODQ4ZDE0YzkxODFkOTY0ZDkwODU5Yjp7Il9fY2hhbm5lbHNfbmV4dF9vcmRlciI6M30=	2017-10-13 12:33:10.880786+00
chn27de19e631a68abeb7363fb08f64d	MjlhY2YxOGY2N2RmMDljMWFhMzNkOTExYjhhNjdjNjMzNWYzNTdhZDp7Il9fY2hhbm5lbHNfbmV4dF9vcmRlciI6NH0=	2017-10-13 11:46:21.012593+00
chn3c74b56803b2a2f07ef75d9a81a0f	NWZiMDk2ZjE1YTVhMjcyZGE4ODQ4ZDE0YzkxODFkOTY0ZDkwODU5Yjp7Il9fY2hhbm5lbHNfbmV4dF9vcmRlciI6M30=	2017-10-13 12:33:16.239188+00
chn22a9a527187693e511beb35425211	NWZiMDk2ZjE1YTVhMjcyZGE4ODQ4ZDE0YzkxODFkOTY0ZDkwODU5Yjp7Il9fY2hhbm5lbHNfbmV4dF9vcmRlciI6M30=	2017-10-13 12:34:19.25822+00
chna48f36c3a3c50738e611fdc846436	NzRlZDc2ZWI5YTU2ZjlhMDE2OWY2MTRjNTc3MjAzMTZmMzY5ZWU3NTp7Il9fY2hhbm5lbHNfbmV4dF9vcmRlciI6MTR9	2017-10-13 12:01:57.799814+00
chn68dbb8de42b35c23c11c64a26b1dd	ZmY2YjFhOTljZDAxZTQ3NTg4ZWI5MzVjMTNjZjIwMGRmMGI5NGNkYzp7Il9fY2hhbm5lbHNfbmV4dF9vcmRlciI6MTV9	2017-10-13 11:49:24.375697+00
chnb25a99436ab12089bf2f13e1acf8d	OGRmMzE4MmNlYjExZGNkNGVjZTMxYjk3NGJkMGQwOGI0OGQzOGUyYTp7Il9fY2hhbm5lbHNfbmV4dF9vcmRlciI6MTF9	2017-10-13 12:39:33.90541+00
chndd47fe2fbecae954b559d7752dcce	N2UzOGQ5NWUzYzI3OTA1MTk0ZTMyODdjMDdhNWVmYTUzZWI5MTA0Njp7Il9fY2hhbm5lbHNfbmV4dF9vcmRlciI6OX0=	2017-10-13 12:02:57.79753+00
chnc9732fb717bdebf27f1b5feaf2c95	NDgzZTQ1NDBiZDI2MzgzZjMxMTczYjVmNWM2MjYwMzI5NTlhMTYwMDp7Il9fY2hhbm5lbHNfbmV4dF9vcmRlciI6OH0=	2017-10-13 12:40:12.477176+00
chn732b1ca0ba84369922e69b4fe87ea	ZDhhYmQ4NTJmNzAxY2M1NWEzZjE4NmZiZGFlOGQwZDEwMjNjNGI5MDp7Il9fY2hhbm5lbHNfbmV4dF9vcmRlciI6MTZ9	2017-10-13 12:06:37.267534+00
chnfbbb3ee15565e64aa4624adfb7ff9	NDgzZTQ1NDBiZDI2MzgzZjMxMTczYjVmNWM2MjYwMzI5NTlhMTYwMDp7Il9fY2hhbm5lbHNfbmV4dF9vcmRlciI6OH0=	2017-10-13 12:46:49.893378+00
chndc51467cb6a3b32e140e855468e01	MjlhY2YxOGY2N2RmMDljMWFhMzNkOTExYjhhNjdjNjMzNWYzNTdhZDp7Il9fY2hhbm5lbHNfbmV4dF9vcmRlciI6NH0=	2017-10-13 12:07:00.298904+00
chn05189b801d0929b2a7ac0d48c036b	NDgzZTQ1NDBiZDI2MzgzZjMxMTczYjVmNWM2MjYwMzI5NTlhMTYwMDp7Il9fY2hhbm5lbHNfbmV4dF9vcmRlciI6OH0=	2017-10-13 12:47:08.499022+00
chn7e85dda5a9232d70a0c478d57ae4d	MjlhY2YxOGY2N2RmMDljMWFhMzNkOTExYjhhNjdjNjMzNWYzNTdhZDp7Il9fY2hhbm5lbHNfbmV4dF9vcmRlciI6NH0=	2017-10-13 12:07:11.554196+00
chn5abcc1c8c8866865738544271d6af	ZTc5NmUxMWUwZjc1NmIxMDVkNGMxMjg5ODIxYTdhYjc5OTk1MjIzODp7Il9fY2hhbm5lbHNfbmV4dF9vcmRlciI6NX0=	2017-10-13 12:07:34.301229+00
chnc650e697aa17bfdde56780f71c213	NWZiMDk2ZjE1YTVhMjcyZGE4ODQ4ZDE0YzkxODFkOTY0ZDkwODU5Yjp7Il9fY2hhbm5lbHNfbmV4dF9vcmRlciI6M30=	2017-10-13 12:08:09.596348+00
chn5a7f9212da94448a06815291c2cc4	NDgzZTQ1NDBiZDI2MzgzZjMxMTczYjVmNWM2MjYwMzI5NTlhMTYwMDp7Il9fY2hhbm5lbHNfbmV4dF9vcmRlciI6OH0=	2017-10-13 12:47:48.664449+00
chnb7e41b20957bff5541409c7c82e87	OTA3MWI5NDBlYjViYmVlZjg0YmRjZjFhZDQ0ZGI3ZjNjYzdlYjI3ZDp7Il9fY2hhbm5lbHNfbmV4dF9vcmRlciI6Nn0=	2017-10-13 12:09:17.563059+00
chn0015afbaba99a58cc8b03982001a9	MjlhY2YxOGY2N2RmMDljMWFhMzNkOTExYjhhNjdjNjMzNWYzNTdhZDp7Il9fY2hhbm5lbHNfbmV4dF9vcmRlciI6NH0=	2017-10-13 12:09:31.104062+00
chnd50f742d1c80beb842eabb9307e98	NWU3YjQzZDY4M2FkMjg4NTlhNGQ0OGIwOTkzZTRkYmNhNzY3NTM0NDp7Il9fY2hhbm5lbHNfbmV4dF9vcmRlciI6MTB9	2017-10-13 12:50:24.443496+00
chn73a0d7e25aeac8147d8da213457d9	M2YzZjk2N2NmMmMxNTgyY2YwNTE3ZjhhYTAyN2EyNjlhOGEwYzA2MTp7Il9fY2hhbm5lbHNfbmV4dF9vcmRlciI6N30=	2017-10-13 12:17:06.217241+00
chn7474153153ea8dbc59b331de21fa8	NWZiMDk2ZjE1YTVhMjcyZGE4ODQ4ZDE0YzkxODFkOTY0ZDkwODU5Yjp7Il9fY2hhbm5lbHNfbmV4dF9vcmRlciI6M30=	2017-10-13 12:20:30.01377+00
chnb84671b2c4b8b80ae964c0e116515	M2YzZjk2N2NmMmMxNTgyY2YwNTE3ZjhhYTAyN2EyNjlhOGEwYzA2MTp7Il9fY2hhbm5lbHNfbmV4dF9vcmRlciI6N30=	2017-10-13 12:51:35.207837+00
chnc5a8a788d48f969b30332037c9c32	NWZiMDk2ZjE1YTVhMjcyZGE4ODQ4ZDE0YzkxODFkOTY0ZDkwODU5Yjp7Il9fY2hhbm5lbHNfbmV4dF9vcmRlciI6M30=	2017-10-13 12:20:36.042574+00
chn7c8dea05a20292b212c265f9cb7b9	NWZiMDk2ZjE1YTVhMjcyZGE4ODQ4ZDE0YzkxODFkOTY0ZDkwODU5Yjp7Il9fY2hhbm5lbHNfbmV4dF9vcmRlciI6M30=	2017-10-13 12:53:26.673838+00
chn32f86bb761b2e8d99825dddf7063e	NWZiMDk2ZjE1YTVhMjcyZGE4ODQ4ZDE0YzkxODFkOTY0ZDkwODU5Yjp7Il9fY2hhbm5lbHNfbmV4dF9vcmRlciI6M30=	2017-10-13 12:22:45.108057+00
chnc128ad54d5a90bddabd6617d72526	NWZiMDk2ZjE1YTVhMjcyZGE4ODQ4ZDE0YzkxODFkOTY0ZDkwODU5Yjp7Il9fY2hhbm5lbHNfbmV4dF9vcmRlciI6M30=	2017-10-13 12:22:48.234676+00
chn1a55369d1e844e9f81fd5f9e85f29	NWZiMDk2ZjE1YTVhMjcyZGE4ODQ4ZDE0YzkxODFkOTY0ZDkwODU5Yjp7Il9fY2hhbm5lbHNfbmV4dF9vcmRlciI6M30=	2017-10-13 12:53:31.210558+00
chn8c41f73cd77af66824f5e25048384	NWZiMDk2ZjE1YTVhMjcyZGE4ODQ4ZDE0YzkxODFkOTY0ZDkwODU5Yjp7Il9fY2hhbm5lbHNfbmV4dF9vcmRlciI6M30=	2017-10-13 12:23:00.807225+00
chn741fcde6b60447a1f9e24ed507bbb	NWZiMDk2ZjE1YTVhMjcyZGE4ODQ4ZDE0YzkxODFkOTY0ZDkwODU5Yjp7Il9fY2hhbm5lbHNfbmV4dF9vcmRlciI6M30=	2017-10-13 12:53:50.530033+00
chnca007864ab99cc82b5a9bd129eb29	NWZiMDk2ZjE1YTVhMjcyZGE4ODQ4ZDE0YzkxODFkOTY0ZDkwODU5Yjp7Il9fY2hhbm5lbHNfbmV4dF9vcmRlciI6M30=	2017-10-13 12:23:06.987744+00
chn160a3a9697c1240149c128eef8e35	NWZiMDk2ZjE1YTVhMjcyZGE4ODQ4ZDE0YzkxODFkOTY0ZDkwODU5Yjp7Il9fY2hhbm5lbHNfbmV4dF9vcmRlciI6M30=	2017-10-13 13:08:18.393219+00
chn6fceb3fb53e93862d151644e5bb28	MjlhY2YxOGY2N2RmMDljMWFhMzNkOTExYjhhNjdjNjMzNWYzNTdhZDp7Il9fY2hhbm5lbHNfbmV4dF9vcmRlciI6NH0=	2017-10-13 14:18:28.473805+00
chn02f71727c504a005e9108b30b4c94	NWZiMDk2ZjE1YTVhMjcyZGE4ODQ4ZDE0YzkxODFkOTY0ZDkwODU5Yjp7Il9fY2hhbm5lbHNfbmV4dF9vcmRlciI6M30=	2017-10-15 15:29:41.581395+00
chn08c2f58248437db333a49be494cf8	NWZiMDk2ZjE1YTVhMjcyZGE4ODQ4ZDE0YzkxODFkOTY0ZDkwODU5Yjp7Il9fY2hhbm5lbHNfbmV4dF9vcmRlciI6M30=	2017-10-13 12:53:55.176232+00
chn3568779961b269f967ab589733100	NWZiMDk2ZjE1YTVhMjcyZGE4ODQ4ZDE0YzkxODFkOTY0ZDkwODU5Yjp7Il9fY2hhbm5lbHNfbmV4dF9vcmRlciI6M30=	2017-10-13 13:10:32.906062+00
chn746ba8dd1602f102b0ea140eb1c69	NWZiMDk2ZjE1YTVhMjcyZGE4ODQ4ZDE0YzkxODFkOTY0ZDkwODU5Yjp7Il9fY2hhbm5lbHNfbmV4dF9vcmRlciI6M30=	2017-10-13 12:53:59.042066+00
chncdd43d20f822c6e34aaf3946a0178	NWZiMDk2ZjE1YTVhMjcyZGE4ODQ4ZDE0YzkxODFkOTY0ZDkwODU5Yjp7Il9fY2hhbm5lbHNfbmV4dF9vcmRlciI6M30=	2017-10-13 13:10:44.527742+00
chnd17837f0089b2f72f66ca9d81ceb5	NWZiMDk2ZjE1YTVhMjcyZGE4ODQ4ZDE0YzkxODFkOTY0ZDkwODU5Yjp7Il9fY2hhbm5lbHNfbmV4dF9vcmRlciI6M30=	2017-10-13 12:54:03.778363+00
chn650d45a26c43e39a895a7d1f0d729	NWZiMDk2ZjE1YTVhMjcyZGE4ODQ4ZDE0YzkxODFkOTY0ZDkwODU5Yjp7Il9fY2hhbm5lbHNfbmV4dF9vcmRlciI6M30=	2017-10-13 13:15:00.084576+00
chnf07c0a3ecf701c480f993418f5062	NWZiMDk2ZjE1YTVhMjcyZGE4ODQ4ZDE0YzkxODFkOTY0ZDkwODU5Yjp7Il9fY2hhbm5lbHNfbmV4dF9vcmRlciI6M30=	2017-10-13 12:54:20.639281+00
chn95a1fc146e8b1326a482738ca4962	NWZiMDk2ZjE1YTVhMjcyZGE4ODQ4ZDE0YzkxODFkOTY0ZDkwODU5Yjp7Il9fY2hhbm5lbHNfbmV4dF9vcmRlciI6M30=	2017-10-13 13:18:28.839235+00
chnfc1d1bbd95ac1da613a797cf5882b	NWZiMDk2ZjE1YTVhMjcyZGE4ODQ4ZDE0YzkxODFkOTY0ZDkwODU5Yjp7Il9fY2hhbm5lbHNfbmV4dF9vcmRlciI6M30=	2017-10-13 12:54:26.164573+00
chn60b06886c2fbaf936802e2efd38bf	NzRlZDc2ZWI5YTU2ZjlhMDE2OWY2MTRjNTc3MjAzMTZmMzY5ZWU3NTp7Il9fY2hhbm5lbHNfbmV4dF9vcmRlciI6MTR9	2017-10-13 14:22:13.859138+00
chn0a990059a5c10214903e57f378f03	NWZiMDk2ZjE1YTVhMjcyZGE4ODQ4ZDE0YzkxODFkOTY0ZDkwODU5Yjp7Il9fY2hhbm5lbHNfbmV4dF9vcmRlciI6M30=	2017-10-13 12:55:18.837273+00
chnff456ec883615b7aed5314cbc1335	NWZiMDk2ZjE1YTVhMjcyZGE4ODQ4ZDE0YzkxODFkOTY0ZDkwODU5Yjp7Il9fY2hhbm5lbHNfbmV4dF9vcmRlciI6M30=	2017-10-13 13:18:41.164721+00
chn652802e68c6f7ec62c757ca608012	NWZiMDk2ZjE1YTVhMjcyZGE4ODQ4ZDE0YzkxODFkOTY0ZDkwODU5Yjp7Il9fY2hhbm5lbHNfbmV4dF9vcmRlciI6M30=	2017-10-13 12:55:19.654784+00
chn7e925a2d3ec08b194425777efcaf9	NWZiMDk2ZjE1YTVhMjcyZGE4ODQ4ZDE0YzkxODFkOTY0ZDkwODU5Yjp7Il9fY2hhbm5lbHNfbmV4dF9vcmRlciI6M30=	2017-10-13 13:18:50.358376+00
chn577e15214eb32afa8d591356bdb95	NWZiMDk2ZjE1YTVhMjcyZGE4ODQ4ZDE0YzkxODFkOTY0ZDkwODU5Yjp7Il9fY2hhbm5lbHNfbmV4dF9vcmRlciI6M30=	2017-10-13 12:55:21.06706+00
chn927cd79434934b435fdb601827126	NWZiMDk2ZjE1YTVhMjcyZGE4ODQ4ZDE0YzkxODFkOTY0ZDkwODU5Yjp7Il9fY2hhbm5lbHNfbmV4dF9vcmRlciI6M30=	2017-10-13 13:19:46.66261+00
chn0db868518c4be2d9300bb511f0874	NWZiMDk2ZjE1YTVhMjcyZGE4ODQ4ZDE0YzkxODFkOTY0ZDkwODU5Yjp7Il9fY2hhbm5lbHNfbmV4dF9vcmRlciI6M30=	2017-10-13 12:56:42.447303+00
chn15416b3c0ab972709394ede7d13ef	NWZiMDk2ZjE1YTVhMjcyZGE4ODQ4ZDE0YzkxODFkOTY0ZDkwODU5Yjp7Il9fY2hhbm5lbHNfbmV4dF9vcmRlciI6M30=	2017-10-13 12:56:51.460674+00
chn68914b3e261c397118681c3fd1536	NWZiMDk2ZjE1YTVhMjcyZGE4ODQ4ZDE0YzkxODFkOTY0ZDkwODU5Yjp7Il9fY2hhbm5lbHNfbmV4dF9vcmRlciI6M30=	2017-10-13 13:20:04.199133+00
chn701a0d3d73bb2d199989e0e80787c	NWZiMDk2ZjE1YTVhMjcyZGE4ODQ4ZDE0YzkxODFkOTY0ZDkwODU5Yjp7Il9fY2hhbm5lbHNfbmV4dF9vcmRlciI6M30=	2017-10-13 13:24:43.19883+00
chndca916cb14745ec0970d43e057f60	NWZiMDk2ZjE1YTVhMjcyZGE4ODQ4ZDE0YzkxODFkOTY0ZDkwODU5Yjp7Il9fY2hhbm5lbHNfbmV4dF9vcmRlciI6M30=	2017-10-13 13:25:53.553361+00
chn9cf6ea0ac70ac9a241130dfd9aab7	NWZiMDk2ZjE1YTVhMjcyZGE4ODQ4ZDE0YzkxODFkOTY0ZDkwODU5Yjp7Il9fY2hhbm5lbHNfbmV4dF9vcmRlciI6M30=	2017-10-13 13:26:16.314186+00
chn94e2ba79e91915f47e7d03044f23f	NWZiMDk2ZjE1YTVhMjcyZGE4ODQ4ZDE0YzkxODFkOTY0ZDkwODU5Yjp7Il9fY2hhbm5lbHNfbmV4dF9vcmRlciI6M30=	2017-10-13 13:26:28.990494+00
chn3546053e2ea564a86261832352cbc	NWZiMDk2ZjE1YTVhMjcyZGE4ODQ4ZDE0YzkxODFkOTY0ZDkwODU5Yjp7Il9fY2hhbm5lbHNfbmV4dF9vcmRlciI6M30=	2017-10-13 13:26:32.049149+00
chn4c9dc434bf64e68c886f7890365d0	NWZiMDk2ZjE1YTVhMjcyZGE4ODQ4ZDE0YzkxODFkOTY0ZDkwODU5Yjp7Il9fY2hhbm5lbHNfbmV4dF9vcmRlciI6M30=	2017-10-13 13:26:42.846011+00
chn095d0b3d1d03c0ed225215a54ff72	NWZiMDk2ZjE1YTVhMjcyZGE4ODQ4ZDE0YzkxODFkOTY0ZDkwODU5Yjp7Il9fY2hhbm5lbHNfbmV4dF9vcmRlciI6M30=	2017-10-13 13:26:48.604099+00
chn1479263170ebefba6320892a25be7	M2YzZjk2N2NmMmMxNTgyY2YwNTE3ZjhhYTAyN2EyNjlhOGEwYzA2MTp7Il9fY2hhbm5lbHNfbmV4dF9vcmRlciI6N30=	2017-10-13 13:29:20.620852+00
chn6e713afe1b3e1c554b2d544dbce77	N2UzOGQ5NWUzYzI3OTA1MTk0ZTMyODdjMDdhNWVmYTUzZWI5MTA0Njp7Il9fY2hhbm5lbHNfbmV4dF9vcmRlciI6OX0=	2017-10-13 13:30:59.955829+00
chn2fd820725b2a3b69b40af24435914	NDgzZTQ1NDBiZDI2MzgzZjMxMTczYjVmNWM2MjYwMzI5NTlhMTYwMDp7Il9fY2hhbm5lbHNfbmV4dF9vcmRlciI6OH0=	2017-10-13 13:35:43.263233+00
chn1ea0db3fe7ce67971c9e8ac2be6c2	MjlhY2YxOGY2N2RmMDljMWFhMzNkOTExYjhhNjdjNjMzNWYzNTdhZDp7Il9fY2hhbm5lbHNfbmV4dF9vcmRlciI6NH0=	2017-10-13 13:36:45.249554+00
chn2f6c42eb9988c3ac40f7c947abba1	ZTc5NmUxMWUwZjc1NmIxMDVkNGMxMjg5ODIxYTdhYjc5OTk1MjIzODp7Il9fY2hhbm5lbHNfbmV4dF9vcmRlciI6NX0=	2017-10-13 13:36:55.984568+00
chna45bb6dc9ff0454ef7bc9968ec213	OTA3MWI5NDBlYjViYmVlZjg0YmRjZjFhZDQ0ZGI3ZjNjYzdlYjI3ZDp7Il9fY2hhbm5lbHNfbmV4dF9vcmRlciI6Nn0=	2017-10-13 13:44:00.977638+00
chn543142e00fab1cfaaa66678e951b1	M2YzZjk2N2NmMmMxNTgyY2YwNTE3ZjhhYTAyN2EyNjlhOGEwYzA2MTp7Il9fY2hhbm5lbHNfbmV4dF9vcmRlciI6N30=	2017-10-13 13:48:01.916977+00
chn8195056b82c0e7c4e93c841ec10b7	MjlhY2YxOGY2N2RmMDljMWFhMzNkOTExYjhhNjdjNjMzNWYzNTdhZDp7Il9fY2hhbm5lbHNfbmV4dF9vcmRlciI6NH0=	2017-10-13 13:48:32.857536+00
chna609f080a4e12eb6be050e21904ad	MjlhY2YxOGY2N2RmMDljMWFhMzNkOTExYjhhNjdjNjMzNWYzNTdhZDp7Il9fY2hhbm5lbHNfbmV4dF9vcmRlciI6NH0=	2017-10-13 13:49:47.650897+00
chn2192a2c0b12ca69d2fb6e34d61f94	OTA3MWI5NDBlYjViYmVlZjg0YmRjZjFhZDQ0ZGI3ZjNjYzdlYjI3ZDp7Il9fY2hhbm5lbHNfbmV4dF9vcmRlciI6Nn0=	2017-10-13 13:50:38.413241+00
chn3783d0758c2df0eb122f8f0ada494	NWZiMDk2ZjE1YTVhMjcyZGE4ODQ4ZDE0YzkxODFkOTY0ZDkwODU5Yjp7Il9fY2hhbm5lbHNfbmV4dF9vcmRlciI6M30=	2017-10-13 13:50:48.031616+00
chndab4ce6eaa5f5e40b78fbff012d49	NWZiMDk2ZjE1YTVhMjcyZGE4ODQ4ZDE0YzkxODFkOTY0ZDkwODU5Yjp7Il9fY2hhbm5lbHNfbmV4dF9vcmRlciI6M30=	2017-10-13 13:57:40.636057+00
chn6ac90f5a3586aa0d90ce5f0a933f9	NWZiMDk2ZjE1YTVhMjcyZGE4ODQ4ZDE0YzkxODFkOTY0ZDkwODU5Yjp7Il9fY2hhbm5lbHNfbmV4dF9vcmRlciI6M30=	2017-10-13 14:15:28.909354+00
chn2693cb78c57b4825cd3004801a1e3	NWZiMDk2ZjE1YTVhMjcyZGE4ODQ4ZDE0YzkxODFkOTY0ZDkwODU5Yjp7Il9fY2hhbm5lbHNfbmV4dF9vcmRlciI6M30=	2017-10-13 14:15:42.743113+00
chnc20a4de92f2cacfe2697855b29fc5	NWZiMDk2ZjE1YTVhMjcyZGE4ODQ4ZDE0YzkxODFkOTY0ZDkwODU5Yjp7Il9fY2hhbm5lbHNfbmV4dF9vcmRlciI6M30=	2017-10-13 14:16:57.558111+00
chne15a6cfdcd1b100223014907e142e	NWZiMDk2ZjE1YTVhMjcyZGE4ODQ4ZDE0YzkxODFkOTY0ZDkwODU5Yjp7Il9fY2hhbm5lbHNfbmV4dF9vcmRlciI6M30=	2017-10-13 14:17:14.084352+00
chn5c9ca9ddcac04ba1e815637c8ce9f	NWZiMDk2ZjE1YTVhMjcyZGE4ODQ4ZDE0YzkxODFkOTY0ZDkwODU5Yjp7Il9fY2hhbm5lbHNfbmV4dF9vcmRlciI6M30=	2017-10-13 14:17:29.860269+00
chncbe52273f1f71daf77789fc552bea	MjlhY2YxOGY2N2RmMDljMWFhMzNkOTExYjhhNjdjNjMzNWYzNTdhZDp7Il9fY2hhbm5lbHNfbmV4dF9vcmRlciI6NH0=	2017-10-14 06:10:58.871716+00
chnae4bc2915355b3485d522f13df7e3	NWZiMDk2ZjE1YTVhMjcyZGE4ODQ4ZDE0YzkxODFkOTY0ZDkwODU5Yjp7Il9fY2hhbm5lbHNfbmV4dF9vcmRlciI6M30=	2017-10-13 14:22:16.618709+00
chn11340f2c4ffae2df0dcc74c572bb8	MjlhY2YxOGY2N2RmMDljMWFhMzNkOTExYjhhNjdjNjMzNWYzNTdhZDp7Il9fY2hhbm5lbHNfbmV4dF9vcmRlciI6NH0=	2017-10-14 15:53:06.354438+00
chn63839991c6b5a5ec5287094d5d546	NWZiMDk2ZjE1YTVhMjcyZGE4ODQ4ZDE0YzkxODFkOTY0ZDkwODU5Yjp7Il9fY2hhbm5lbHNfbmV4dF9vcmRlciI6M30=	2017-10-14 06:13:23.17628+00
chn7391d2e4e2788683d62362ac6f650	NWZiMDk2ZjE1YTVhMjcyZGE4ODQ4ZDE0YzkxODFkOTY0ZDkwODU5Yjp7Il9fY2hhbm5lbHNfbmV4dF9vcmRlciI6M30=	2017-10-16 13:11:09.679685+00
chnffd587169586205b69510c148fbb2	NWZiMDk2ZjE1YTVhMjcyZGE4ODQ4ZDE0YzkxODFkOTY0ZDkwODU5Yjp7Il9fY2hhbm5lbHNfbmV4dF9vcmRlciI6M30=	2017-10-14 15:07:00.66813+00
chn6aa8f3eb03778fdae82011df8a19e	NWZiMDk2ZjE1YTVhMjcyZGE4ODQ4ZDE0YzkxODFkOTY0ZDkwODU5Yjp7Il9fY2hhbm5lbHNfbmV4dF9vcmRlciI6M30=	2017-10-14 15:10:06.124001+00
chnd89fae849c8578dd4aeab5c4ddf8a	M2YzZjk2N2NmMmMxNTgyY2YwNTE3ZjhhYTAyN2EyNjlhOGEwYzA2MTp7Il9fY2hhbm5lbHNfbmV4dF9vcmRlciI6N30=	2017-10-14 15:53:41.214303+00
chn767e3b11e5aa41f026c9e21b8d2e4	MjlhY2YxOGY2N2RmMDljMWFhMzNkOTExYjhhNjdjNjMzNWYzNTdhZDp7Il9fY2hhbm5lbHNfbmV4dF9vcmRlciI6NH0=	2017-10-14 15:53:53.981325+00
chn347435f0844a0bdfe009caea92566	NWZiMDk2ZjE1YTVhMjcyZGE4ODQ4ZDE0YzkxODFkOTY0ZDkwODU5Yjp7Il9fY2hhbm5lbHNfbmV4dF9vcmRlciI6M30=	2017-10-14 15:10:33.85245+00
chn510f4c938bbc2a87f4d8b134f4b16	M2YzZjk2N2NmMmMxNTgyY2YwNTE3ZjhhYTAyN2EyNjlhOGEwYzA2MTp7Il9fY2hhbm5lbHNfbmV4dF9vcmRlciI6N30=	2017-10-14 15:54:03.36855+00
chnd5a86fba0fe8517ed6d9e9c0d00bb	ODQzY2FjYjEyZjJkMWI0Mjg5Y2UwYmNhNjAyYmJiMWVjNmJmMGVlYTp7Il9fY2hhbm5lbHNfbmV4dF9vcmRlciI6Mn0=	2017-10-14 15:10:40.226391+00
chna3962c0b179ff23e00bc856d5f481	OTA3MWI5NDBlYjViYmVlZjg0YmRjZjFhZDQ0ZGI3ZjNjYzdlYjI3ZDp7Il9fY2hhbm5lbHNfbmV4dF9vcmRlciI6Nn0=	2017-10-14 15:55:01.733906+00
chn41f7a3cb956d300e53b352d2201b7	NWZiMDk2ZjE1YTVhMjcyZGE4ODQ4ZDE0YzkxODFkOTY0ZDkwODU5Yjp7Il9fY2hhbm5lbHNfbmV4dF9vcmRlciI6M30=	2017-10-14 15:15:14.048221+00
chn85d838762d61cbf83af29d6a5b077	ZTc5NmUxMWUwZjc1NmIxMDVkNGMxMjg5ODIxYTdhYjc5OTk1MjIzODp7Il9fY2hhbm5lbHNfbmV4dF9vcmRlciI6NX0=	2017-10-14 15:56:10.167294+00
chn4ed3e07ac793bab5dc4528e505606	NWZiMDk2ZjE1YTVhMjcyZGE4ODQ4ZDE0YzkxODFkOTY0ZDkwODU5Yjp7Il9fY2hhbm5lbHNfbmV4dF9vcmRlciI6M30=	2017-10-14 16:00:50.946965+00
chnbd9d698777e2672ae513e2988637c	NWZiMDk2ZjE1YTVhMjcyZGE4ODQ4ZDE0YzkxODFkOTY0ZDkwODU5Yjp7Il9fY2hhbm5lbHNfbmV4dF9vcmRlciI6M30=	2017-10-14 15:26:22.15841+00
chn5964d47af371799cd8730c4a1ed79	NWZiMDk2ZjE1YTVhMjcyZGE4ODQ4ZDE0YzkxODFkOTY0ZDkwODU5Yjp7Il9fY2hhbm5lbHNfbmV4dF9vcmRlciI6M30=	2017-10-14 15:28:12.036172+00
chnc58756e39c5ef78d047523b1fc3fe	NWZiMDk2ZjE1YTVhMjcyZGE4ODQ4ZDE0YzkxODFkOTY0ZDkwODU5Yjp7Il9fY2hhbm5lbHNfbmV4dF9vcmRlciI6M30=	2017-10-14 15:29:02.975399+00
chn4ec4fb63a5bc4a99f448d1386b513	OTA3MWI5NDBlYjViYmVlZjg0YmRjZjFhZDQ0ZGI3ZjNjYzdlYjI3ZDp7Il9fY2hhbm5lbHNfbmV4dF9vcmRlciI6Nn0=	2017-10-14 15:29:23.018962+00
chn77052a701df6f6bfe74158b11521e	NWZiMDk2ZjE1YTVhMjcyZGE4ODQ4ZDE0YzkxODFkOTY0ZDkwODU5Yjp7Il9fY2hhbm5lbHNfbmV4dF9vcmRlciI6M30=	2017-10-14 15:32:43.822044+00
chn4875eb5ea4c6acb9ff136315c9cff	NWU3YjQzZDY4M2FkMjg4NTlhNGQ0OGIwOTkzZTRkYmNhNzY3NTM0NDp7Il9fY2hhbm5lbHNfbmV4dF9vcmRlciI6MTB9	2017-10-14 16:18:50.732634+00
chndb7e3474f1b7c53e4edc5fc391155	NWZiMDk2ZjE1YTVhMjcyZGE4ODQ4ZDE0YzkxODFkOTY0ZDkwODU5Yjp7Il9fY2hhbm5lbHNfbmV4dF9vcmRlciI6M30=	2017-10-14 15:32:49.446052+00
chne67d114ca0445677f3c10bed6cbd7	NWZiMDk2ZjE1YTVhMjcyZGE4ODQ4ZDE0YzkxODFkOTY0ZDkwODU5Yjp7Il9fY2hhbm5lbHNfbmV4dF9vcmRlciI6M30=	2017-10-14 16:23:26.239263+00
chnf65d97b45683fc70ced045087f5af	NWZiMDk2ZjE1YTVhMjcyZGE4ODQ4ZDE0YzkxODFkOTY0ZDkwODU5Yjp7Il9fY2hhbm5lbHNfbmV4dF9vcmRlciI6M30=	2017-10-14 15:39:01.999671+00
chn5b5ba9c713867a27a8c25c04963b9	NWZiMDk2ZjE1YTVhMjcyZGE4ODQ4ZDE0YzkxODFkOTY0ZDkwODU5Yjp7Il9fY2hhbm5lbHNfbmV4dF9vcmRlciI6M30=	2017-10-14 15:40:56.702793+00
chn2edff79988c7a3952b880a12ef220	NWZiMDk2ZjE1YTVhMjcyZGE4ODQ4ZDE0YzkxODFkOTY0ZDkwODU5Yjp7Il9fY2hhbm5lbHNfbmV4dF9vcmRlciI6M30=	2017-10-14 16:24:33.475819+00
chn979396a6bd1846d717e2ff092a748	NWZiMDk2ZjE1YTVhMjcyZGE4ODQ4ZDE0YzkxODFkOTY0ZDkwODU5Yjp7Il9fY2hhbm5lbHNfbmV4dF9vcmRlciI6M30=	2017-10-14 15:41:46.099561+00
chnb84ec2aeb114e8b727d67d4c505c5	NWZiMDk2ZjE1YTVhMjcyZGE4ODQ4ZDE0YzkxODFkOTY0ZDkwODU5Yjp7Il9fY2hhbm5lbHNfbmV4dF9vcmRlciI6M30=	2017-10-14 16:27:14.361835+00
chn8ea4410c1964ee4817e06bd51fe4d	NWZiMDk2ZjE1YTVhMjcyZGE4ODQ4ZDE0YzkxODFkOTY0ZDkwODU5Yjp7Il9fY2hhbm5lbHNfbmV4dF9vcmRlciI6M30=	2017-10-14 15:43:06.155804+00
chn4f6493080cffd4d6d0b38516791ae	NWZiMDk2ZjE1YTVhMjcyZGE4ODQ4ZDE0YzkxODFkOTY0ZDkwODU5Yjp7Il9fY2hhbm5lbHNfbmV4dF9vcmRlciI6M30=	2017-10-14 16:28:28.142369+00
chn92900b3872e10c747f107b189dc8d	NWZiMDk2ZjE1YTVhMjcyZGE4ODQ4ZDE0YzkxODFkOTY0ZDkwODU5Yjp7Il9fY2hhbm5lbHNfbmV4dF9vcmRlciI6M30=	2017-10-14 15:44:02.715127+00
chn5424373cb0f23498cc61167e50aa0	NWZiMDk2ZjE1YTVhMjcyZGE4ODQ4ZDE0YzkxODFkOTY0ZDkwODU5Yjp7Il9fY2hhbm5lbHNfbmV4dF9vcmRlciI6M30=	2017-10-14 15:44:17.503603+00
chn7c82c568c3c264e13fe8c8b94b0e5	M2YzZjk2N2NmMmMxNTgyY2YwNTE3ZjhhYTAyN2EyNjlhOGEwYzA2MTp7Il9fY2hhbm5lbHNfbmV4dF9vcmRlciI6N30=	2017-10-14 16:32:21.464607+00
chn5b17aac616bafaf5b153868b0844f	M2YzZjk2N2NmMmMxNTgyY2YwNTE3ZjhhYTAyN2EyNjlhOGEwYzA2MTp7Il9fY2hhbm5lbHNfbmV4dF9vcmRlciI6N30=	2017-10-14 15:46:39.34299+00
chnb71ea0aa95bc6467326d76b775281	NWZiMDk2ZjE1YTVhMjcyZGE4ODQ4ZDE0YzkxODFkOTY0ZDkwODU5Yjp7Il9fY2hhbm5lbHNfbmV4dF9vcmRlciI6M30=	2017-10-14 15:46:44.133651+00
chnae01ed5b0bdd98ff68287bb32ec7a	NDgzZTQ1NDBiZDI2MzgzZjMxMTczYjVmNWM2MjYwMzI5NTlhMTYwMDp7Il9fY2hhbm5lbHNfbmV4dF9vcmRlciI6OH0=	2017-10-14 16:32:37.622382+00
chn4eeee230a78a17f5c5d5837d15db2	NWZiMDk2ZjE1YTVhMjcyZGE4ODQ4ZDE0YzkxODFkOTY0ZDkwODU5Yjp7Il9fY2hhbm5lbHNfbmV4dF9vcmRlciI6M30=	2017-10-14 15:48:26.584768+00
chn5275b5ff6829b3cda8e1a4905244f	MjlhY2YxOGY2N2RmMDljMWFhMzNkOTExYjhhNjdjNjMzNWYzNTdhZDp7Il9fY2hhbm5lbHNfbmV4dF9vcmRlciI6NH0=	2017-10-14 15:49:03.859184+00
chn90d55212efdbf15ee72a2ba78cc0a	NDgzZTQ1NDBiZDI2MzgzZjMxMTczYjVmNWM2MjYwMzI5NTlhMTYwMDp7Il9fY2hhbm5lbHNfbmV4dF9vcmRlciI6OH0=	2017-10-14 16:32:58.665328+00
chn8a065635257af721c79fe4e2b68da	MjlhY2YxOGY2N2RmMDljMWFhMzNkOTExYjhhNjdjNjMzNWYzNTdhZDp7Il9fY2hhbm5lbHNfbmV4dF9vcmRlciI6NH0=	2017-10-14 15:49:29.360217+00
chn31ea938e428dad7470408c362cbb6	MjlhY2YxOGY2N2RmMDljMWFhMzNkOTExYjhhNjdjNjMzNWYzNTdhZDp7Il9fY2hhbm5lbHNfbmV4dF9vcmRlciI6NH0=	2017-10-14 15:49:45.663264+00
chnf5c7b0a51df1a166413deec24b86b	MjlhY2YxOGY2N2RmMDljMWFhMzNkOTExYjhhNjdjNjMzNWYzNTdhZDp7Il9fY2hhbm5lbHNfbmV4dF9vcmRlciI6NH0=	2017-10-14 15:50:03.145389+00
chn05c57d0c533b62270292773abcbb6	NWZiMDk2ZjE1YTVhMjcyZGE4ODQ4ZDE0YzkxODFkOTY0ZDkwODU5Yjp7Il9fY2hhbm5lbHNfbmV4dF9vcmRlciI6M30=	2017-10-14 16:33:15.525584+00
chn38b220c44abda2093fd3657a9f77e	MjlhY2YxOGY2N2RmMDljMWFhMzNkOTExYjhhNjdjNjMzNWYzNTdhZDp7Il9fY2hhbm5lbHNfbmV4dF9vcmRlciI6NH0=	2017-10-14 15:51:13.752319+00
chn5f94b5af80327adba21ede88b1e42	ZTc5NmUxMWUwZjc1NmIxMDVkNGMxMjg5ODIxYTdhYjc5OTk1MjIzODp7Il9fY2hhbm5lbHNfbmV4dF9vcmRlciI6NX0=	2017-10-14 16:33:40.435461+00
chnca0aa1273434bf8a2ab5daac04e05	NWU3YjQzZDY4M2FkMjg4NTlhNGQ0OGIwOTkzZTRkYmNhNzY3NTM0NDp7Il9fY2hhbm5lbHNfbmV4dF9vcmRlciI6MTB9	2017-10-14 16:35:46.830038+00
chn6c0f21c470f3c4b3cb17f77169883	MjlhY2YxOGY2N2RmMDljMWFhMzNkOTExYjhhNjdjNjMzNWYzNTdhZDp7Il9fY2hhbm5lbHNfbmV4dF9vcmRlciI6NH0=	2017-10-14 06:10:41.454576+00
chn677d3e2c66b6dc14b386619f2d1da	MjlhY2YxOGY2N2RmMDljMWFhMzNkOTExYjhhNjdjNjMzNWYzNTdhZDp7Il9fY2hhbm5lbHNfbmV4dF9vcmRlciI6NH0=	2017-10-15 18:57:30.630344+00
chn30a29a9db4c8e99f9a50fed1b8070	ODQzY2FjYjEyZjJkMWI0Mjg5Y2UwYmNhNjAyYmJiMWVjNmJmMGVlYTp7Il9fY2hhbm5lbHNfbmV4dF9vcmRlciI6Mn0=	2017-10-14 06:12:34.48236+00
chn212364edb9cb1a87325aeecd9cacd	NWZiMDk2ZjE1YTVhMjcyZGE4ODQ4ZDE0YzkxODFkOTY0ZDkwODU5Yjp7Il9fY2hhbm5lbHNfbmV4dF9vcmRlciI6M30=	2017-10-14 06:13:32.325276+00
chndda6d4bcc38bf80bf34282bda4a3b	NWZiMDk2ZjE1YTVhMjcyZGE4ODQ4ZDE0YzkxODFkOTY0ZDkwODU5Yjp7Il9fY2hhbm5lbHNfbmV4dF9vcmRlciI6M30=	2017-10-14 15:09:52.043207+00
chn53abc5484781fdfc6234a9458b348	NzRlZDc2ZWI5YTU2ZjlhMDE2OWY2MTRjNTc3MjAzMTZmMzY5ZWU3NTp7Il9fY2hhbm5lbHNfbmV4dF9vcmRlciI6MTR9	2017-10-13 14:51:30.086548+00
chnbbb40540e142995a77a061ca8445f	ODQzY2FjYjEyZjJkMWI0Mjg5Y2UwYmNhNjAyYmJiMWVjNmJmMGVlYTp7Il9fY2hhbm5lbHNfbmV4dF9vcmRlciI6Mn0=	2017-10-13 14:52:42.414553+00
chna79bba99e300f7729a1f46bb75da8	NWZiMDk2ZjE1YTVhMjcyZGE4ODQ4ZDE0YzkxODFkOTY0ZDkwODU5Yjp7Il9fY2hhbm5lbHNfbmV4dF9vcmRlciI6M30=	2017-10-14 15:10:26.314835+00
chn797d9343d844aa5b41355a7d2e841	ODQzY2FjYjEyZjJkMWI0Mjg5Y2UwYmNhNjAyYmJiMWVjNmJmMGVlYTp7Il9fY2hhbm5lbHNfbmV4dF9vcmRlciI6Mn0=	2017-10-13 14:53:08.870205+00
chn4ca5e7963d5c775a1663d5cd73fb8	NWZiMDk2ZjE1YTVhMjcyZGE4ODQ4ZDE0YzkxODFkOTY0ZDkwODU5Yjp7Il9fY2hhbm5lbHNfbmV4dF9vcmRlciI6M30=	2017-10-14 15:10:40.018795+00
chn0a364194180484a384cc432ef6444	ZTc5NmUxMWUwZjc1NmIxMDVkNGMxMjg5ODIxYTdhYjc5OTk1MjIzODp7Il9fY2hhbm5lbHNfbmV4dF9vcmRlciI6NX0=	2017-10-13 16:19:28.446611+00
chn85641bc9b21e473a491a6d8ed5f80	NWZiMDk2ZjE1YTVhMjcyZGE4ODQ4ZDE0YzkxODFkOTY0ZDkwODU5Yjp7Il9fY2hhbm5lbHNfbmV4dF9vcmRlciI6M30=	2017-10-14 15:14:51.166107+00
chnac6b7cb8d06937cba4056ea2bf174	NWZiMDk2ZjE1YTVhMjcyZGE4ODQ4ZDE0YzkxODFkOTY0ZDkwODU5Yjp7Il9fY2hhbm5lbHNfbmV4dF9vcmRlciI6M30=	2017-10-13 16:20:35.275806+00
chn0bba41011372cb40240549b022ee4	NWZiMDk2ZjE1YTVhMjcyZGE4ODQ4ZDE0YzkxODFkOTY0ZDkwODU5Yjp7Il9fY2hhbm5lbHNfbmV4dF9vcmRlciI6M30=	2017-10-14 15:15:02.682352+00
chn4d2fc28c201b4e2c3ee866eba301a	NWZiMDk2ZjE1YTVhMjcyZGE4ODQ4ZDE0YzkxODFkOTY0ZDkwODU5Yjp7Il9fY2hhbm5lbHNfbmV4dF9vcmRlciI6M30=	2017-10-13 16:20:42.660373+00
chn11577b41ded4970a4869165bc9725	NWZiMDk2ZjE1YTVhMjcyZGE4ODQ4ZDE0YzkxODFkOTY0ZDkwODU5Yjp7Il9fY2hhbm5lbHNfbmV4dF9vcmRlciI6M30=	2017-10-13 16:21:12.443382+00
chn8a81d6667b56d027f42677af979f4	NWZiMDk2ZjE1YTVhMjcyZGE4ODQ4ZDE0YzkxODFkOTY0ZDkwODU5Yjp7Il9fY2hhbm5lbHNfbmV4dF9vcmRlciI6M30=	2017-10-14 15:25:23.006439+00
chn240ebbc077b498472f8355c4588d5	NWZiMDk2ZjE1YTVhMjcyZGE4ODQ4ZDE0YzkxODFkOTY0ZDkwODU5Yjp7Il9fY2hhbm5lbHNfbmV4dF9vcmRlciI6M30=	2017-10-13 16:23:37.416118+00
chn67a2b22637216ea49fe32cfca05c8	NWZiMDk2ZjE1YTVhMjcyZGE4ODQ4ZDE0YzkxODFkOTY0ZDkwODU5Yjp7Il9fY2hhbm5lbHNfbmV4dF9vcmRlciI6M30=	2017-10-14 15:27:38.370484+00
chn730e9215c0327a00b9eb8b67a0858	NWZiMDk2ZjE1YTVhMjcyZGE4ODQ4ZDE0YzkxODFkOTY0ZDkwODU5Yjp7Il9fY2hhbm5lbHNfbmV4dF9vcmRlciI6M30=	2017-10-13 16:24:03.975619+00
chn89c098e17981453f2ec7270baef6a	NWZiMDk2ZjE1YTVhMjcyZGE4ODQ4ZDE0YzkxODFkOTY0ZDkwODU5Yjp7Il9fY2hhbm5lbHNfbmV4dF9vcmRlciI6M30=	2017-10-14 15:28:55.276144+00
chna8f461cadaac4ccdbfb07719bec10	NWZiMDk2ZjE1YTVhMjcyZGE4ODQ4ZDE0YzkxODFkOTY0ZDkwODU5Yjp7Il9fY2hhbm5lbHNfbmV4dF9vcmRlciI6M30=	2017-10-13 16:24:06.665513+00
chn8fcbc13f2b05988a88d355eb72983	NWZiMDk2ZjE1YTVhMjcyZGE4ODQ4ZDE0YzkxODFkOTY0ZDkwODU5Yjp7Il9fY2hhbm5lbHNfbmV4dF9vcmRlciI6M30=	2017-10-14 15:29:14.172808+00
chnb4c57cdd214bf8312e7922cab5351	ZTc5NmUxMWUwZjc1NmIxMDVkNGMxMjg5ODIxYTdhYjc5OTk1MjIzODp7Il9fY2hhbm5lbHNfbmV4dF9vcmRlciI6NX0=	2017-10-13 16:24:54.183418+00
chnf75797a48ca63bb52d119922f158f	NWZiMDk2ZjE1YTVhMjcyZGE4ODQ4ZDE0YzkxODFkOTY0ZDkwODU5Yjp7Il9fY2hhbm5lbHNfbmV4dF9vcmRlciI6M30=	2017-10-13 16:25:04.525738+00
chn173014cac97d0878d7c3f300b5e6a	NWZiMDk2ZjE1YTVhMjcyZGE4ODQ4ZDE0YzkxODFkOTY0ZDkwODU5Yjp7Il9fY2hhbm5lbHNfbmV4dF9vcmRlciI6M30=	2017-10-14 15:36:08.749055+00
chn17b5953909358ad61d30f3912dfed	NWZiMDk2ZjE1YTVhMjcyZGE4ODQ4ZDE0YzkxODFkOTY0ZDkwODU5Yjp7Il9fY2hhbm5lbHNfbmV4dF9vcmRlciI6M30=	2017-10-13 16:25:06.003943+00
chn35ed8f19e37f9486c6877c3566d9d	NWZiMDk2ZjE1YTVhMjcyZGE4ODQ4ZDE0YzkxODFkOTY0ZDkwODU5Yjp7Il9fY2hhbm5lbHNfbmV4dF9vcmRlciI6M30=	2017-10-13 16:25:10.590023+00
chnfd7e890fb1b5f7a96b433829aa91d	NWZiMDk2ZjE1YTVhMjcyZGE4ODQ4ZDE0YzkxODFkOTY0ZDkwODU5Yjp7Il9fY2hhbm5lbHNfbmV4dF9vcmRlciI6M30=	2017-10-14 15:40:32.586421+00
chn11ac3fffbbce76fd9ddff1e95e89c	NWZiMDk2ZjE1YTVhMjcyZGE4ODQ4ZDE0YzkxODFkOTY0ZDkwODU5Yjp7Il9fY2hhbm5lbHNfbmV4dF9vcmRlciI6M30=	2017-10-13 16:26:01.481138+00
chn451c09586cd1fba34bff79ca5e752	NWZiMDk2ZjE1YTVhMjcyZGE4ODQ4ZDE0YzkxODFkOTY0ZDkwODU5Yjp7Il9fY2hhbm5lbHNfbmV4dF9vcmRlciI6M30=	2017-10-14 15:41:40.112608+00
chndcf418830298f6975d2838af0b9e8	ZTc5NmUxMWUwZjc1NmIxMDVkNGMxMjg5ODIxYTdhYjc5OTk1MjIzODp7Il9fY2hhbm5lbHNfbmV4dF9vcmRlciI6NX0=	2017-10-13 16:29:02.23642+00
chn2645ccb998ee287262e20b1881bcb	NWZiMDk2ZjE1YTVhMjcyZGE4ODQ4ZDE0YzkxODFkOTY0ZDkwODU5Yjp7Il9fY2hhbm5lbHNfbmV4dF9vcmRlciI6M30=	2017-10-14 15:42:32.753375+00
chn14fb01a3d3c64d4043e3cf9443784	MjlhY2YxOGY2N2RmMDljMWFhMzNkOTExYjhhNjdjNjMzNWYzNTdhZDp7Il9fY2hhbm5lbHNfbmV4dF9vcmRlciI6NH0=	2017-10-13 16:29:11.526845+00
chn2281bc3e0a58de838cddff0a25a7d	NWZiMDk2ZjE1YTVhMjcyZGE4ODQ4ZDE0YzkxODFkOTY0ZDkwODU5Yjp7Il9fY2hhbm5lbHNfbmV4dF9vcmRlciI6M30=	2017-10-14 15:43:52.636342+00
chn425df5947b13095b698d1cf50cb96	NWZiMDk2ZjE1YTVhMjcyZGE4ODQ4ZDE0YzkxODFkOTY0ZDkwODU5Yjp7Il9fY2hhbm5lbHNfbmV4dF9vcmRlciI6M30=	2017-10-14 15:44:29.51958+00
chn4b405fcfedb74cf9675ac79d41959	MjlhY2YxOGY2N2RmMDljMWFhMzNkOTExYjhhNjdjNjMzNWYzNTdhZDp7Il9fY2hhbm5lbHNfbmV4dF9vcmRlciI6NH0=	2017-10-13 16:29:40.593095+00
chn443dcc3408ba9dbb0c8d95a192552	MjlhY2YxOGY2N2RmMDljMWFhMzNkOTExYjhhNjdjNjMzNWYzNTdhZDp7Il9fY2hhbm5lbHNfbmV4dF9vcmRlciI6NH0=	2017-10-13 16:30:11.674179+00
chn0b88bf715545582dc4f397d59dd8f	MjlhY2YxOGY2N2RmMDljMWFhMzNkOTExYjhhNjdjNjMzNWYzNTdhZDp7Il9fY2hhbm5lbHNfbmV4dF9vcmRlciI6NH0=	2017-10-13 16:30:31.65537+00
chn4d0bc36add145486f13a6e50f7740	MjlhY2YxOGY2N2RmMDljMWFhMzNkOTExYjhhNjdjNjMzNWYzNTdhZDp7Il9fY2hhbm5lbHNfbmV4dF9vcmRlciI6NH0=	2017-10-13 16:31:51.116896+00
chneac710c57117a98be5fab5cc1fc42	NDgzZTQ1NDBiZDI2MzgzZjMxMTczYjVmNWM2MjYwMzI5NTlhMTYwMDp7Il9fY2hhbm5lbHNfbmV4dF9vcmRlciI6OH0=	2017-10-13 16:43:38.382217+00
chn7b8500c49a9b47f8a68059f549409	OTA3MWI5NDBlYjViYmVlZjg0YmRjZjFhZDQ0ZGI3ZjNjYzdlYjI3ZDp7Il9fY2hhbm5lbHNfbmV4dF9vcmRlciI6Nn0=	2017-10-13 16:44:00.890844+00
chn92a1129ed3373bacec40654f8725a	OTA3MWI5NDBlYjViYmVlZjg0YmRjZjFhZDQ0ZGI3ZjNjYzdlYjI3ZDp7Il9fY2hhbm5lbHNfbmV4dF9vcmRlciI6Nn0=	2017-10-14 05:57:23.843835+00
chn63ca2fcfc34de5a5ed38b79054e9c	ZTc5NmUxMWUwZjc1NmIxMDVkNGMxMjg5ODIxYTdhYjc5OTk1MjIzODp7Il9fY2hhbm5lbHNfbmV4dF9vcmRlciI6NX0=	2017-10-14 05:57:23.852507+00
chn7ec7bf716c07b18a3bab8c62fe5ce	ZTc5NmUxMWUwZjc1NmIxMDVkNGMxMjg5ODIxYTdhYjc5OTk1MjIzODp7Il9fY2hhbm5lbHNfbmV4dF9vcmRlciI6NX0=	2017-10-14 06:05:58.336661+00
chn4a1a0b39e2096feba18ab9fbfe212	ZTc5NmUxMWUwZjc1NmIxMDVkNGMxMjg5ODIxYTdhYjc5OTk1MjIzODp7Il9fY2hhbm5lbHNfbmV4dF9vcmRlciI6NX0=	2017-10-14 06:06:54.282493+00
chna587f88097c80dac0f91392c75c63	NWZiMDk2ZjE1YTVhMjcyZGE4ODQ4ZDE0YzkxODFkOTY0ZDkwODU5Yjp7Il9fY2hhbm5lbHNfbmV4dF9vcmRlciI6M30=	2017-10-14 06:09:43.735232+00
chnffc3bfdd307c32ad542646990b580	NWZiMDk2ZjE1YTVhMjcyZGE4ODQ4ZDE0YzkxODFkOTY0ZDkwODU5Yjp7Il9fY2hhbm5lbHNfbmV4dF9vcmRlciI6M30=	2017-10-14 16:35:59.450228+00
chnd30409fc05afd348422f427f6111f	NWZiMDk2ZjE1YTVhMjcyZGE4ODQ4ZDE0YzkxODFkOTY0ZDkwODU5Yjp7Il9fY2hhbm5lbHNfbmV4dF9vcmRlciI6M30=	2017-10-15 15:31:44.033738+00
chn20828080ad51c60474934910604a3	NWZiMDk2ZjE1YTVhMjcyZGE4ODQ4ZDE0YzkxODFkOTY0ZDkwODU5Yjp7Il9fY2hhbm5lbHNfbmV4dF9vcmRlciI6M30=	2017-10-14 16:37:08.292405+00
chn3dec264a05b167a8ce00ccbc34e16	NWZiMDk2ZjE1YTVhMjcyZGE4ODQ4ZDE0YzkxODFkOTY0ZDkwODU5Yjp7Il9fY2hhbm5lbHNfbmV4dF9vcmRlciI6M30=	2017-10-15 16:40:22.390381+00
chn170439cb13b3815eafbfaa87d1592	NWZiMDk2ZjE1YTVhMjcyZGE4ODQ4ZDE0YzkxODFkOTY0ZDkwODU5Yjp7Il9fY2hhbm5lbHNfbmV4dF9vcmRlciI6M30=	2017-10-15 17:37:26.766348+00
chn58febad9795d6a1387dda7601b14d	MjlhY2YxOGY2N2RmMDljMWFhMzNkOTExYjhhNjdjNjMzNWYzNTdhZDp7Il9fY2hhbm5lbHNfbmV4dF9vcmRlciI6NH0=	2017-10-15 18:59:13.825392+00
chn8f43628c313481b778fc336a9e1e2	MjlhY2YxOGY2N2RmMDljMWFhMzNkOTExYjhhNjdjNjMzNWYzNTdhZDp7Il9fY2hhbm5lbHNfbmV4dF9vcmRlciI6NH0=	2017-10-15 18:23:14.461275+00
chn1a76a3d666dbc761491b294973db8	ZTc5NmUxMWUwZjc1NmIxMDVkNGMxMjg5ODIxYTdhYjc5OTk1MjIzODp7Il9fY2hhbm5lbHNfbmV4dF9vcmRlciI6NX0=	2017-10-15 19:20:00.683624+00
chn4aa702ee710b06afb0bc211600e7d	ODQzY2FjYjEyZjJkMWI0Mjg5Y2UwYmNhNjAyYmJiMWVjNmJmMGVlYTp7Il9fY2hhbm5lbHNfbmV4dF9vcmRlciI6Mn0=	2017-10-16 09:39:25.217749+00
chnec99ba1991890d45ab54655cd8d04	MjlhY2YxOGY2N2RmMDljMWFhMzNkOTExYjhhNjdjNjMzNWYzNTdhZDp7Il9fY2hhbm5lbHNfbmV4dF9vcmRlciI6NH0=	2017-10-15 18:37:28.375653+00
chn8863133da1a6b68b4b796aedf4290	ODQzY2FjYjEyZjJkMWI0Mjg5Y2UwYmNhNjAyYmJiMWVjNmJmMGVlYTp7Il9fY2hhbm5lbHNfbmV4dF9vcmRlciI6Mn0=	2017-10-16 09:44:55.38721+00
chnbb4188ddb2aef2176810ec02a416f	NWU3YjQzZDY4M2FkMjg4NTlhNGQ0OGIwOTkzZTRkYmNhNzY3NTM0NDp7Il9fY2hhbm5lbHNfbmV4dF9vcmRlciI6MTB9	2017-10-16 13:24:35.960859+00
q34n3z0cnw0nei6a8bvbknfykfbs28sj	ODM4M2EzMmU4MzE3NGMwMTVjYWRhYmY0MDY4ODgxMDE5MGQwMTNiYTp7fQ==	2017-10-17 08:12:10.198484+00
chn3533c24143a670a3a31fa794318f2	MjlhY2YxOGY2N2RmMDljMWFhMzNkOTExYjhhNjdjNjMzNWYzNTdhZDp7Il9fY2hhbm5lbHNfbmV4dF9vcmRlciI6NH0=	2017-10-16 11:58:43.396099+00
chn0275f1eb6950544560a476cadc265	ODQzY2FjYjEyZjJkMWI0Mjg5Y2UwYmNhNjAyYmJiMWVjNmJmMGVlYTp7Il9fY2hhbm5lbHNfbmV4dF9vcmRlciI6Mn0=	2017-10-17 09:28:50.623781+00
rzbcolda7rdk9tux05eb9vj4x956r1l0	YzJhY2Y3NzM0YTUwYWRjNDdiNjAwMmJmYWQ3NTBjOWQ2MTZkYWMwNjp7Il9hdXRoX3VzZXJfaWQiOiIxIiwiX2F1dGhfdXNlcl9iYWNrZW5kIjoiZGphbmdvLmNvbnRyaWIuYXV0aC5iYWNrZW5kcy5Nb2RlbEJhY2tlbmQiLCJfYXV0aF91c2VyX2hhc2giOiI2MDBlNjE1NTRlNjk3YTMyYTAyMjdkZjA3YjM0MzdjYjJkNzc2MzRiIn0=	2017-10-17 17:56:15.537907+00
chn3713aeea5c5822df217c456fbc2c0	NWZiMDk2ZjE1YTVhMjcyZGE4ODQ4ZDE0YzkxODFkOTY0ZDkwODU5Yjp7Il9fY2hhbm5lbHNfbmV4dF9vcmRlciI6M30=	2017-10-14 17:23:28.95551+00
chn074a03d56199e76bca436b787b245	NWZiMDk2ZjE1YTVhMjcyZGE4ODQ4ZDE0YzkxODFkOTY0ZDkwODU5Yjp7Il9fY2hhbm5lbHNfbmV4dF9vcmRlciI6M30=	2017-10-15 15:32:22.364324+00
chn0230b74f3ee3ad206158e84dd11eb	ZTc5NmUxMWUwZjc1NmIxMDVkNGMxMjg5ODIxYTdhYjc5OTk1MjIzODp7Il9fY2hhbm5lbHNfbmV4dF9vcmRlciI6NX0=	2017-10-15 19:01:47.881518+00
chn51255ecaff479a13dcf0e6c5ffcaf	NWZiMDk2ZjE1YTVhMjcyZGE4ODQ4ZDE0YzkxODFkOTY0ZDkwODU5Yjp7Il9fY2hhbm5lbHNfbmV4dF9vcmRlciI6M30=	2017-10-15 16:40:42.160312+00
chnc2ab3bd51ceb935bda990e9463386	ODQzY2FjYjEyZjJkMWI0Mjg5Y2UwYmNhNjAyYmJiMWVjNmJmMGVlYTp7Il9fY2hhbm5lbHNfbmV4dF9vcmRlciI6Mn0=	2017-10-17 09:29:13.61993+00
chne3587943152ba84264756780aab95	ODQzY2FjYjEyZjJkMWI0Mjg5Y2UwYmNhNjAyYmJiMWVjNmJmMGVlYTp7Il9fY2hhbm5lbHNfbmV4dF9vcmRlciI6Mn0=	2017-10-15 17:37:27.113417+00
chn932472c692f9ec4e8143cfaef6011	ZTc5NmUxMWUwZjc1NmIxMDVkNGMxMjg5ODIxYTdhYjc5OTk1MjIzODp7Il9fY2hhbm5lbHNfbmV4dF9vcmRlciI6NX0=	2017-10-15 19:28:18.955741+00
chn4fe6854bef408677e652d5bcb257e	MjlhY2YxOGY2N2RmMDljMWFhMzNkOTExYjhhNjdjNjMzNWYzNTdhZDp7Il9fY2hhbm5lbHNfbmV4dF9vcmRlciI6NH0=	2017-10-15 18:23:49.224657+00
chnc53399c5c89ba2e50e209888c168b	NWZiMDk2ZjE1YTVhMjcyZGE4ODQ4ZDE0YzkxODFkOTY0ZDkwODU5Yjp7Il9fY2hhbm5lbHNfbmV4dF9vcmRlciI6M30=	2017-10-16 09:34:59.088182+00
chnd502e89b68916807baf16aad496d0	MjlhY2YxOGY2N2RmMDljMWFhMzNkOTExYjhhNjdjNjMzNWYzNTdhZDp7Il9fY2hhbm5lbHNfbmV4dF9vcmRlciI6NH0=	2017-10-15 18:37:50.40886+00
chn65ccd3efd423a405b001dd905ad92	NWZiMDk2ZjE1YTVhMjcyZGE4ODQ4ZDE0YzkxODFkOTY0ZDkwODU5Yjp7Il9fY2hhbm5lbHNfbmV4dF9vcmRlciI6M30=	2017-10-16 09:41:04.45407+00
chn5552ae51c96ed108322845865c997	MjlhY2YxOGY2N2RmMDljMWFhMzNkOTExYjhhNjdjNjMzNWYzNTdhZDp7Il9fY2hhbm5lbHNfbmV4dF9vcmRlciI6NH0=	2017-10-16 09:46:58.521415+00
chn64b4b4436ad696a255bba5248a085	ODQzY2FjYjEyZjJkMWI0Mjg5Y2UwYmNhNjAyYmJiMWVjNmJmMGVlYTp7Il9fY2hhbm5lbHNfbmV4dF9vcmRlciI6Mn0=	2017-10-16 12:02:40.258271+00
wcywcwi9mgziei5h6z97w6v0l9ec25qt	ODM4M2EzMmU4MzE3NGMwMTVjYWRhYmY0MDY4ODgxMDE5MGQwMTNiYTp7fQ==	2017-10-16 19:20:38.489474+00
chn088a63592a0afc8910cec853acd91	NWZiMDk2ZjE1YTVhMjcyZGE4ODQ4ZDE0YzkxODFkOTY0ZDkwODU5Yjp7Il9fY2hhbm5lbHNfbmV4dF9vcmRlciI6M30=	2017-10-14 17:23:54.547329+00
chn74e89f7a43ad26403133a3c659684	NWZiMDk2ZjE1YTVhMjcyZGE4ODQ4ZDE0YzkxODFkOTY0ZDkwODU5Yjp7Il9fY2hhbm5lbHNfbmV4dF9vcmRlciI6M30=	2017-10-15 15:32:44.973225+00
chn332689c2f33b05066a2b5791f5112	MjlhY2YxOGY2N2RmMDljMWFhMzNkOTExYjhhNjdjNjMzNWYzNTdhZDp7Il9fY2hhbm5lbHNfbmV4dF9vcmRlciI6NH0=	2017-10-15 19:02:09.378026+00
chn11a86bcc5ac05248cb77e9deccfbd	NWZiMDk2ZjE1YTVhMjcyZGE4ODQ4ZDE0YzkxODFkOTY0ZDkwODU5Yjp7Il9fY2hhbm5lbHNfbmV4dF9vcmRlciI6M30=	2017-10-15 16:40:51.107086+00
chnd22cc6d21a67574e45380d4ac806f	ODQzY2FjYjEyZjJkMWI0Mjg5Y2UwYmNhNjAyYmJiMWVjNmJmMGVlYTp7Il9fY2hhbm5lbHNfbmV4dF9vcmRlciI6Mn0=	2017-10-15 17:46:07.759454+00
chnc36980d39ccfd3ac91240ca531683	MjlhY2YxOGY2N2RmMDljMWFhMzNkOTExYjhhNjdjNjMzNWYzNTdhZDp7Il9fY2hhbm5lbHNfbmV4dF9vcmRlciI6NH0=	2017-10-15 19:28:22.115193+00
chn01b2e70a805dfe7fce4ac599a94d9	MjlhY2YxOGY2N2RmMDljMWFhMzNkOTExYjhhNjdjNjMzNWYzNTdhZDp7Il9fY2hhbm5lbHNfbmV4dF9vcmRlciI6NH0=	2017-10-15 18:25:17.554076+00
chn023650d9ededa1c63513f3804414e	ODQzY2FjYjEyZjJkMWI0Mjg5Y2UwYmNhNjAyYmJiMWVjNmJmMGVlYTp7Il9fY2hhbm5lbHNfbmV4dF9vcmRlciI6Mn0=	2017-10-16 09:34:59.339477+00
chn8b863c0e18a1309db43ac0617b071	MjlhY2YxOGY2N2RmMDljMWFhMzNkOTExYjhhNjdjNjMzNWYzNTdhZDp7Il9fY2hhbm5lbHNfbmV4dF9vcmRlciI6NH0=	2017-10-15 18:38:08.364446+00
chncf0fc6e6bf7119cf32f285c801f47	NWZiMDk2ZjE1YTVhMjcyZGE4ODQ4ZDE0YzkxODFkOTY0ZDkwODU5Yjp7Il9fY2hhbm5lbHNfbmV4dF9vcmRlciI6M30=	2017-10-16 09:41:07.361436+00
chnb81fd9ed346bccf755801ac11a628	MjlhY2YxOGY2N2RmMDljMWFhMzNkOTExYjhhNjdjNjMzNWYzNTdhZDp7Il9fY2hhbm5lbHNfbmV4dF9vcmRlciI6NH0=	2017-10-16 09:47:12.264489+00
chn2e98f6b48b16f5abe32bee3edef0e	ODQzY2FjYjEyZjJkMWI0Mjg5Y2UwYmNhNjAyYmJiMWVjNmJmMGVlYTp7Il9fY2hhbm5lbHNfbmV4dF9vcmRlciI6Mn0=	2017-10-16 12:04:43.53592+00
chnb03f1565a966ec0907b36559cb801	NWZiMDk2ZjE1YTVhMjcyZGE4ODQ4ZDE0YzkxODFkOTY0ZDkwODU5Yjp7Il9fY2hhbm5lbHNfbmV4dF9vcmRlciI6M30=	2017-10-14 17:24:27.691423+00
chn3e907d19286d90315c105acc1546e	NWZiMDk2ZjE1YTVhMjcyZGE4ODQ4ZDE0YzkxODFkOTY0ZDkwODU5Yjp7Il9fY2hhbm5lbHNfbmV4dF9vcmRlciI6M30=	2017-10-15 15:33:38.166234+00
chn33169f8dab55a96bc826c935c33ad	MjlhY2YxOGY2N2RmMDljMWFhMzNkOTExYjhhNjdjNjMzNWYzNTdhZDp7Il9fY2hhbm5lbHNfbmV4dF9vcmRlciI6NH0=	2017-10-15 19:04:29.561401+00
chnccc37e370905a2cfeb16b8b4fabca	NWZiMDk2ZjE1YTVhMjcyZGE4ODQ4ZDE0YzkxODFkOTY0ZDkwODU5Yjp7Il9fY2hhbm5lbHNfbmV4dF9vcmRlciI6M30=	2017-10-15 16:44:31.257619+00
chn1ec9f24842e8b4c3a8cf46726fede	ODQzY2FjYjEyZjJkMWI0Mjg5Y2UwYmNhNjAyYmJiMWVjNmJmMGVlYTp7Il9fY2hhbm5lbHNfbmV4dF9vcmRlciI6Mn0=	2017-10-16 09:36:17.921264+00
chn81eb07f7d3132feae94946579be1a	ODQzY2FjYjEyZjJkMWI0Mjg5Y2UwYmNhNjAyYmJiMWVjNmJmMGVlYTp7Il9fY2hhbm5lbHNfbmV4dF9vcmRlciI6Mn0=	2017-10-15 17:48:56.579261+00
chn1c7dfcdbc651bab15d3e5a86578ae	NWZiMDk2ZjE1YTVhMjcyZGE4ODQ4ZDE0YzkxODFkOTY0ZDkwODU5Yjp7Il9fY2hhbm5lbHNfbmV4dF9vcmRlciI6M30=	2017-10-16 09:41:23.85598+00
chnf4b55127cdde88ee6e5bd083c8d3e	MjlhY2YxOGY2N2RmMDljMWFhMzNkOTExYjhhNjdjNjMzNWYzNTdhZDp7Il9fY2hhbm5lbHNfbmV4dF9vcmRlciI6NH0=	2017-10-15 18:25:49.201671+00
chnf3d81d4a815aea6f504769d63325c	N2UzOGQ5NWUzYzI3OTA1MTk0ZTMyODdjMDdhNWVmYTUzZWI5MTA0Njp7Il9fY2hhbm5lbHNfbmV4dF9vcmRlciI6OX0=	2017-10-17 08:34:27.675169+00
chnc749d45e1f91fcb1bffecc8a5f4ba	MjlhY2YxOGY2N2RmMDljMWFhMzNkOTExYjhhNjdjNjMzNWYzNTdhZDp7Il9fY2hhbm5lbHNfbmV4dF9vcmRlciI6NH0=	2017-10-15 18:41:00.111706+00
chn42c29f78833a973cbd13d7a94c4ac	MjlhY2YxOGY2N2RmMDljMWFhMzNkOTExYjhhNjdjNjMzNWYzNTdhZDp7Il9fY2hhbm5lbHNfbmV4dF9vcmRlciI6NH0=	2017-10-16 09:47:32.636495+00
chn62e3a5c7b5f0631e2a45ab355a112	ODQzY2FjYjEyZjJkMWI0Mjg5Y2UwYmNhNjAyYmJiMWVjNmJmMGVlYTp7Il9fY2hhbm5lbHNfbmV4dF9vcmRlciI6Mn0=	2017-10-17 09:32:31.6241+00
chn83f5d33cd00ea11903a1b1b92dbad	ODQzY2FjYjEyZjJkMWI0Mjg5Y2UwYmNhNjAyYmJiMWVjNmJmMGVlYTp7Il9fY2hhbm5lbHNfbmV4dF9vcmRlciI6Mn0=	2017-10-16 12:05:07.130538+00
chn8c11414d1e2fbe59767b04d2fd257	NWZiMDk2ZjE1YTVhMjcyZGE4ODQ4ZDE0YzkxODFkOTY0ZDkwODU5Yjp7Il9fY2hhbm5lbHNfbmV4dF9vcmRlciI6M30=	2017-10-14 17:24:42.55811+00
chn4cd37c38cf79d83fb6774da3e9e4d	NWZiMDk2ZjE1YTVhMjcyZGE4ODQ4ZDE0YzkxODFkOTY0ZDkwODU5Yjp7Il9fY2hhbm5lbHNfbmV4dF9vcmRlciI6M30=	2017-10-15 15:34:24.536683+00
chn1a4ac618081b7c98b78c8eced1a79	MjlhY2YxOGY2N2RmMDljMWFhMzNkOTExYjhhNjdjNjMzNWYzNTdhZDp7Il9fY2hhbm5lbHNfbmV4dF9vcmRlciI6NH0=	2017-10-15 19:04:52.216582+00
chnd8917734ff350a860dd79feb87feb	ZTc5NmUxMWUwZjc1NmIxMDVkNGMxMjg5ODIxYTdhYjc5OTk1MjIzODp7Il9fY2hhbm5lbHNfbmV4dF9vcmRlciI6NX0=	2017-10-15 16:50:50.571803+00
chn883121091dcf7c93632d3ba9cfd12	NWZiMDk2ZjE1YTVhMjcyZGE4ODQ4ZDE0YzkxODFkOTY0ZDkwODU5Yjp7Il9fY2hhbm5lbHNfbmV4dF9vcmRlciI6M30=	2017-10-16 09:36:42.318625+00
chn66fa794b434a61a94b61ef9ece5f1	NWZiMDk2ZjE1YTVhMjcyZGE4ODQ4ZDE0YzkxODFkOTY0ZDkwODU5Yjp7Il9fY2hhbm5lbHNfbmV4dF9vcmRlciI6M30=	2017-10-15 17:51:43.000886+00
chn64ab0bd13b85851bcdf4f3e66c813	NWZiMDk2ZjE1YTVhMjcyZGE4ODQ4ZDE0YzkxODFkOTY0ZDkwODU5Yjp7Il9fY2hhbm5lbHNfbmV4dF9vcmRlciI6M30=	2017-10-16 09:41:37.389773+00
chnd6786683f03418e292512e42e9544	MjlhY2YxOGY2N2RmMDljMWFhMzNkOTExYjhhNjdjNjMzNWYzNTdhZDp7Il9fY2hhbm5lbHNfbmV4dF9vcmRlciI6NH0=	2017-10-15 18:28:26.821906+00
chn764a03627e761c88b12b31da7b48b	NWZiMDk2ZjE1YTVhMjcyZGE4ODQ4ZDE0YzkxODFkOTY0ZDkwODU5Yjp7Il9fY2hhbm5lbHNfbmV4dF9vcmRlciI6M30=	2017-10-16 11:54:57.63842+00
chnf9cd8562e6b50c1da4a9a34b77a89	MjlhY2YxOGY2N2RmMDljMWFhMzNkOTExYjhhNjdjNjMzNWYzNTdhZDp7Il9fY2hhbm5lbHNfbmV4dF9vcmRlciI6NH0=	2017-10-15 18:47:22.673187+00
chn78e2065ff318bab0299a364fbc61b	ODQzY2FjYjEyZjJkMWI0Mjg5Y2UwYmNhNjAyYmJiMWVjNmJmMGVlYTp7Il9fY2hhbm5lbHNfbmV4dF9vcmRlciI6Mn0=	2017-10-16 12:05:23.259721+00
chnff473baabeb917423653b707a8d0a	NWZiMDk2ZjE1YTVhMjcyZGE4ODQ4ZDE0YzkxODFkOTY0ZDkwODU5Yjp7Il9fY2hhbm5lbHNfbmV4dF9vcmRlciI6M30=	2017-10-15 15:35:42.367663+00
chn78b2df3b23d37c1671356ec427c18	ODQzY2FjYjEyZjJkMWI0Mjg5Y2UwYmNhNjAyYmJiMWVjNmJmMGVlYTp7Il9fY2hhbm5lbHNfbmV4dF9vcmRlciI6Mn0=	2017-10-17 09:18:00.593779+00
chnd66024cc0bb7829db2dd268b00e9d	ZTc5NmUxMWUwZjc1NmIxMDVkNGMxMjg5ODIxYTdhYjc5OTk1MjIzODp7Il9fY2hhbm5lbHNfbmV4dF9vcmRlciI6NX0=	2017-10-15 19:15:12.911239+00
chn770b2ad4a17c36c1fc272621878e2	NWZiMDk2ZjE1YTVhMjcyZGE4ODQ4ZDE0YzkxODFkOTY0ZDkwODU5Yjp7Il9fY2hhbm5lbHNfbmV4dF9vcmRlciI6M30=	2017-10-15 16:51:06.004891+00
chnc4a8e0c70a578e3902256885a2d6e	ODQzY2FjYjEyZjJkMWI0Mjg5Y2UwYmNhNjAyYmJiMWVjNmJmMGVlYTp7Il9fY2hhbm5lbHNfbmV4dF9vcmRlciI6Mn0=	2017-10-15 17:51:43.361248+00
chnefcdacaf3cd11ac969132663247ea	NWZiMDk2ZjE1YTVhMjcyZGE4ODQ4ZDE0YzkxODFkOTY0ZDkwODU5Yjp7Il9fY2hhbm5lbHNfbmV4dF9vcmRlciI6M30=	2017-10-16 09:36:47.976133+00
chn156cec0d4adf48af3b87a6cad8654	MjlhY2YxOGY2N2RmMDljMWFhMzNkOTExYjhhNjdjNjMzNWYzNTdhZDp7Il9fY2hhbm5lbHNfbmV4dF9vcmRlciI6NH0=	2017-10-17 12:21:52.425244+00
chnd6bacc02d06437fe92773ac7bb145	MjlhY2YxOGY2N2RmMDljMWFhMzNkOTExYjhhNjdjNjMzNWYzNTdhZDp7Il9fY2hhbm5lbHNfbmV4dF9vcmRlciI6NH0=	2017-10-15 18:31:32.82399+00
chn2c99b2a2ed3aa9ff653f1529cb7ff	MjlhY2YxOGY2N2RmMDljMWFhMzNkOTExYjhhNjdjNjMzNWYzNTdhZDp7Il9fY2hhbm5lbHNfbmV4dF9vcmRlciI6NH0=	2017-10-16 09:41:53.436942+00
chnd0396a1e917d32d410d91c96cc481	MjlhY2YxOGY2N2RmMDljMWFhMzNkOTExYjhhNjdjNjMzNWYzNTdhZDp7Il9fY2hhbm5lbHNfbmV4dF9vcmRlciI6NH0=	2017-10-15 18:47:58.590813+00
chn8e373acebe03e6b7f4ddb45b5d2a3	ODQzY2FjYjEyZjJkMWI0Mjg5Y2UwYmNhNjAyYmJiMWVjNmJmMGVlYTp7Il9fY2hhbm5lbHNfbmV4dF9vcmRlciI6Mn0=	2017-10-16 11:55:51.675098+00
chnd31dda4dfed49a4969ce5958af697	ODQzY2FjYjEyZjJkMWI0Mjg5Y2UwYmNhNjAyYmJiMWVjNmJmMGVlYTp7Il9fY2hhbm5lbHNfbmV4dF9vcmRlciI6Mn0=	2017-10-16 12:05:37.187014+00
chn1eac561c6aa7631e5fb5011777ea9	ODQzY2FjYjEyZjJkMWI0Mjg5Y2UwYmNhNjAyYmJiMWVjNmJmMGVlYTp7Il9fY2hhbm5lbHNfbmV4dF9vcmRlciI6Mn0=	2017-10-15 15:35:42.771528+00
chnfa9577f897b188978deea70eb36e9	ZTc5NmUxMWUwZjc1NmIxMDVkNGMxMjg5ODIxYTdhYjc5OTk1MjIzODp7Il9fY2hhbm5lbHNfbmV4dF9vcmRlciI6NX0=	2017-10-15 19:15:58.924321+00
chn586719c89e64e679404108da5c656	MjlhY2YxOGY2N2RmMDljMWFhMzNkOTExYjhhNjdjNjMzNWYzNTdhZDp7Il9fY2hhbm5lbHNfbmV4dF9vcmRlciI6NH0=	2017-10-15 16:51:36.003442+00
chncfc33aec47fa03d2b890b83977389	ODQzY2FjYjEyZjJkMWI0Mjg5Y2UwYmNhNjAyYmJiMWVjNmJmMGVlYTp7Il9fY2hhbm5lbHNfbmV4dF9vcmRlciI6Mn0=	2017-10-15 17:52:43.516453+00
chndbbe4b0c7e91201e530b47ad478bf	ODQzY2FjYjEyZjJkMWI0Mjg5Y2UwYmNhNjAyYmJiMWVjNmJmMGVlYTp7Il9fY2hhbm5lbHNfbmV4dF9vcmRlciI6Mn0=	2017-10-16 09:36:48.17846+00
chne877d7746c0a3ed068fb95582128a	NWZiMDk2ZjE1YTVhMjcyZGE4ODQ4ZDE0YzkxODFkOTY0ZDkwODU5Yjp7Il9fY2hhbm5lbHNfbmV4dF9vcmRlciI6M30=	2017-10-17 12:21:57.854046+00
chn5d00b2310bccbdb65db1537769f87	MjlhY2YxOGY2N2RmMDljMWFhMzNkOTExYjhhNjdjNjMzNWYzNTdhZDp7Il9fY2hhbm5lbHNfbmV4dF9vcmRlciI6NH0=	2017-10-15 18:32:31.148304+00
chnc29e4d8a59a9302175b8ca3d297a6	MjlhY2YxOGY2N2RmMDljMWFhMzNkOTExYjhhNjdjNjMzNWYzNTdhZDp7Il9fY2hhbm5lbHNfbmV4dF9vcmRlciI6NH0=	2017-10-16 09:42:35.316946+00
chnc38a774c59178144894e0dc9edb3e	MjlhY2YxOGY2N2RmMDljMWFhMzNkOTExYjhhNjdjNjMzNWYzNTdhZDp7Il9fY2hhbm5lbHNfbmV4dF9vcmRlciI6NH0=	2017-10-15 18:49:23.134393+00
chn1c24630023c290b24ac7ef6fc1d67	ODQzY2FjYjEyZjJkMWI0Mjg5Y2UwYmNhNjAyYmJiMWVjNmJmMGVlYTp7Il9fY2hhbm5lbHNfbmV4dF9vcmRlciI6Mn0=	2017-10-16 11:56:09.045625+00
chnc8b2b7663400af10fa6c67021de56	ODQzY2FjYjEyZjJkMWI0Mjg5Y2UwYmNhNjAyYmJiMWVjNmJmMGVlYTp7Il9fY2hhbm5lbHNfbmV4dF9vcmRlciI6Mn0=	2017-10-16 12:05:46.163379+00
chn7a1a68214066826ef7b213d16cf02	MjlhY2YxOGY2N2RmMDljMWFhMzNkOTExYjhhNjdjNjMzNWYzNTdhZDp7Il9fY2hhbm5lbHNfbmV4dF9vcmRlciI6NH0=	2017-10-15 18:52:02.433175+00
chn7e166a477c07672a3e1ce68c80d8c	ODQzY2FjYjEyZjJkMWI0Mjg5Y2UwYmNhNjAyYmJiMWVjNmJmMGVlYTp7Il9fY2hhbm5lbHNfbmV4dF9vcmRlciI6Mn0=	2017-10-15 15:39:02.968414+00
chn57ddddab5436d8eddf496d37f013f	M2YzZjk2N2NmMmMxNTgyY2YwNTE3ZjhhYTAyN2EyNjlhOGEwYzA2MTp7Il9fY2hhbm5lbHNfbmV4dF9vcmRlciI6N30=	2017-10-14 20:35:11.288282+00
chnb3d35f76f3120128bbd069eff30dd	NWZiMDk2ZjE1YTVhMjcyZGE4ODQ4ZDE0YzkxODFkOTY0ZDkwODU5Yjp7Il9fY2hhbm5lbHNfbmV4dF9vcmRlciI6M30=	2017-10-15 16:51:37.428679+00
chnc82944c6085e40ab3b48e454b3e40	MjlhY2YxOGY2N2RmMDljMWFhMzNkOTExYjhhNjdjNjMzNWYzNTdhZDp7Il9fY2hhbm5lbHNfbmV4dF9vcmRlciI6NH0=	2017-10-15 19:16:43.860518+00
chnb956c34e8e3592b01ba500707b346	ODQzY2FjYjEyZjJkMWI0Mjg5Y2UwYmNhNjAyYmJiMWVjNmJmMGVlYTp7Il9fY2hhbm5lbHNfbmV4dF9vcmRlciI6Mn0=	2017-10-16 09:37:18.052006+00
chn0bc3cecac32de690b2ffacb90c7f8	MjlhY2YxOGY2N2RmMDljMWFhMzNkOTExYjhhNjdjNjMzNWYzNTdhZDp7Il9fY2hhbm5lbHNfbmV4dF9vcmRlciI6NH0=	2017-10-15 18:12:03.557394+00
chn63fb25eb06385dfcc6a6499cd4218	NWZiMDk2ZjE1YTVhMjcyZGE4ODQ4ZDE0YzkxODFkOTY0ZDkwODU5Yjp7Il9fY2hhbm5lbHNfbmV4dF9vcmRlciI6M30=	2017-10-17 12:45:00.125802+00
chn3a6b0fb893bbd5125cdbb96269b1d	ODQzY2FjYjEyZjJkMWI0Mjg5Y2UwYmNhNjAyYmJiMWVjNmJmMGVlYTp7Il9fY2hhbm5lbHNfbmV4dF9vcmRlciI6Mn0=	2017-10-16 09:42:35.68682+00
chn643841b81c9dcdefa5c6b3afabb31	MjlhY2YxOGY2N2RmMDljMWFhMzNkOTExYjhhNjdjNjMzNWYzNTdhZDp7Il9fY2hhbm5lbHNfbmV4dF9vcmRlciI6NH0=	2017-10-15 18:32:44.717086+00
chn1e9fe3711a1baf16e5e479fff2350	NWZiMDk2ZjE1YTVhMjcyZGE4ODQ4ZDE0YzkxODFkOTY0ZDkwODU5Yjp7Il9fY2hhbm5lbHNfbmV4dF9vcmRlciI6M30=	2017-10-16 11:56:52.448991+00
chn5a4452c5bdfb24d2e04862e26b9f6	NmExYmZiOTk2MTUxZGJkMGEyNzU0OGMxNzM2YWI1NDM1OGQxZmVlNTp7Il9fY2hhbm5lbHNfbmV4dF9vcmRlciI6MTN9	2017-10-16 12:25:51.845064+00
chnd9ea9e25445261a95f54b47f49382	MjlhY2YxOGY2N2RmMDljMWFhMzNkOTExYjhhNjdjNjMzNWYzNTdhZDp7Il9fY2hhbm5lbHNfbmV4dF9vcmRlciI6NH0=	2017-10-15 18:50:34.672019+00
chn179280551c47f2a0c5c0b48ad0f56	NWZiMDk2ZjE1YTVhMjcyZGE4ODQ4ZDE0YzkxODFkOTY0ZDkwODU5Yjp7Il9fY2hhbm5lbHNfbmV4dF9vcmRlciI6M30=	2017-10-15 05:25:30.962281+00
chn193ba9d0cf08abfd63d32620b751d	NWZiMDk2ZjE1YTVhMjcyZGE4ODQ4ZDE0YzkxODFkOTY0ZDkwODU5Yjp7Il9fY2hhbm5lbHNfbmV4dF9vcmRlciI6M30=	2017-10-15 16:37:12.222594+00
chn46e176acdf0f67278df78afdf033a	ODQzY2FjYjEyZjJkMWI0Mjg5Y2UwYmNhNjAyYmJiMWVjNmJmMGVlYTp7Il9fY2hhbm5lbHNfbmV4dF9vcmRlciI6Mn0=	2017-10-17 09:27:57.63008+00
chn2b0d518d969d0271d56e0bbe63726	MjlhY2YxOGY2N2RmMDljMWFhMzNkOTExYjhhNjdjNjMzNWYzNTdhZDp7Il9fY2hhbm5lbHNfbmV4dF9vcmRlciI6NH0=	2017-10-15 19:17:47.637134+00
chn7ef768ad95e7024542cfe79afce2b	MjlhY2YxOGY2N2RmMDljMWFhMzNkOTExYjhhNjdjNjMzNWYzNTdhZDp7Il9fY2hhbm5lbHNfbmV4dF9vcmRlciI6NH0=	2017-10-15 16:58:07.74829+00
chndc63ab012ce03f80d0dca1b5c1644	ODQzY2FjYjEyZjJkMWI0Mjg5Y2UwYmNhNjAyYmJiMWVjNmJmMGVlYTp7Il9fY2hhbm5lbHNfbmV4dF9vcmRlciI6Mn0=	2017-10-16 09:38:01.873254+00
chn901a75ae753df10c428831a5d5a77	NWZiMDk2ZjE1YTVhMjcyZGE4ODQ4ZDE0YzkxODFkOTY0ZDkwODU5Yjp7Il9fY2hhbm5lbHNfbmV4dF9vcmRlciI6M30=	2017-10-17 13:31:49.39499+00
chnc562f228cc11ef1edb2d470c7c1de	MjlhY2YxOGY2N2RmMDljMWFhMzNkOTExYjhhNjdjNjMzNWYzNTdhZDp7Il9fY2hhbm5lbHNfbmV4dF9vcmRlciI6NH0=	2017-10-15 18:21:52.571414+00
chn30449eca12b1ca5c1901cc763bac3	ODQzY2FjYjEyZjJkMWI0Mjg5Y2UwYmNhNjAyYmJiMWVjNmJmMGVlYTp7Il9fY2hhbm5lbHNfbmV4dF9vcmRlciI6Mn0=	2017-10-16 09:43:27.701051+00
chn795c52c1714634ad1b10a2c832dce	MjlhY2YxOGY2N2RmMDljMWFhMzNkOTExYjhhNjdjNjMzNWYzNTdhZDp7Il9fY2hhbm5lbHNfbmV4dF9vcmRlciI6NH0=	2017-10-15 18:35:31.253442+00
chn0c56ce8d1615fc0904ac41db66013	MjlhY2YxOGY2N2RmMDljMWFhMzNkOTExYjhhNjdjNjMzNWYzNTdhZDp7Il9fY2hhbm5lbHNfbmV4dF9vcmRlciI6NH0=	2017-10-16 11:58:02.694859+00
chnf07f57f4803ac67eb18a0c4700fc9	NWZiMDk2ZjE1YTVhMjcyZGE4ODQ4ZDE0YzkxODFkOTY0ZDkwODU5Yjp7Il9fY2hhbm5lbHNfbmV4dF9vcmRlciI6M30=	2017-10-15 15:23:57.440741+00
chn92b7476e0ccc122f3d9f520013481	ODQzY2FjYjEyZjJkMWI0Mjg5Y2UwYmNhNjAyYmJiMWVjNmJmMGVlYTp7Il9fY2hhbm5lbHNfbmV4dF9vcmRlciI6Mn0=	2017-10-15 14:37:46.139661+00
chn25f822ebc56e1ab5465b19a68a766	NWZiMDk2ZjE1YTVhMjcyZGE4ODQ4ZDE0YzkxODFkOTY0ZDkwODU5Yjp7Il9fY2hhbm5lbHNfbmV4dF9vcmRlciI6M30=	2017-10-15 15:02:19.615102+00
chn2505d8e11ec59aa55a1dab9834426	NWZiMDk2ZjE1YTVhMjcyZGE4ODQ4ZDE0YzkxODFkOTY0ZDkwODU5Yjp7Il9fY2hhbm5lbHNfbmV4dF9vcmRlciI6M30=	2017-10-15 16:37:47.490241+00
chnfc66c8af57dc02da2bd0b7ce06533	NWZiMDk2ZjE1YTVhMjcyZGE4ODQ4ZDE0YzkxODFkOTY0ZDkwODU5Yjp7Il9fY2hhbm5lbHNfbmV4dF9vcmRlciI6M30=	2017-10-15 15:03:12.239105+00
chnd64623bc529f1bf18c3be4efd9674	ZTc5NmUxMWUwZjc1NmIxMDVkNGMxMjg5ODIxYTdhYjc5OTk1MjIzODp7Il9fY2hhbm5lbHNfbmV4dF9vcmRlciI6NX0=	2017-10-15 19:18:27.971067+00
chn1f03bac98c8baad825fff7a4aff9f	NWZiMDk2ZjE1YTVhMjcyZGE4ODQ4ZDE0YzkxODFkOTY0ZDkwODU5Yjp7Il9fY2hhbm5lbHNfbmV4dF9vcmRlciI6M30=	2017-10-15 17:23:52.407857+00
chna2376f1d74d2602c2787dbdf51390	NWZiMDk2ZjE1YTVhMjcyZGE4ODQ4ZDE0YzkxODFkOTY0ZDkwODU5Yjp7Il9fY2hhbm5lbHNfbmV4dF9vcmRlciI6M30=	2017-10-15 15:03:36.348392+00
chn3fc228a8deb0f0071bdba65184762	ODQzY2FjYjEyZjJkMWI0Mjg5Y2UwYmNhNjAyYmJiMWVjNmJmMGVlYTp7Il9fY2hhbm5lbHNfbmV4dF9vcmRlciI6Mn0=	2017-10-16 09:39:04.355386+00
chncf5d5612085b0ab6b70445b3257ba	NWZiMDk2ZjE1YTVhMjcyZGE4ODQ4ZDE0YzkxODFkOTY0ZDkwODU5Yjp7Il9fY2hhbm5lbHNfbmV4dF9vcmRlciI6M30=	2017-10-15 15:03:43.963071+00
chn862839a1346c02b58f6e9fc3d6ffe	MjlhY2YxOGY2N2RmMDljMWFhMzNkOTExYjhhNjdjNjMzNWYzNTdhZDp7Il9fY2hhbm5lbHNfbmV4dF9vcmRlciI6NH0=	2017-10-15 18:22:30.601746+00
chn54692aadb8c7b5c8eec2ae0867821	ODQzY2FjYjEyZjJkMWI0Mjg5Y2UwYmNhNjAyYmJiMWVjNmJmMGVlYTp7Il9fY2hhbm5lbHNfbmV4dF9vcmRlciI6Mn0=	2017-10-16 09:43:59.099127+00
chn2550e9aebe02142c12dc3d607c8f8	NWZiMDk2ZjE1YTVhMjcyZGE4ODQ4ZDE0YzkxODFkOTY0ZDkwODU5Yjp7Il9fY2hhbm5lbHNfbmV4dF9vcmRlciI6M30=	2017-10-15 15:04:03.417163+00
chnb08089f4e27484a49696177007c26	NWZiMDk2ZjE1YTVhMjcyZGE4ODQ4ZDE0YzkxODFkOTY0ZDkwODU5Yjp7Il9fY2hhbm5lbHNfbmV4dF9vcmRlciI6M30=	2017-10-15 18:35:35.893077+00
chn8602a77d904bf0565375553732554	NDgzZTQ1NDBiZDI2MzgzZjMxMTczYjVmNWM2MjYwMzI5NTlhMTYwMDp7Il9fY2hhbm5lbHNfbmV4dF9vcmRlciI6OH0=	2017-10-17 17:58:07.648663+00
chn72f88fc117b263787005cde2ec049	NWZiMDk2ZjE1YTVhMjcyZGE4ODQ4ZDE0YzkxODFkOTY0ZDkwODU5Yjp7Il9fY2hhbm5lbHNfbmV4dF9vcmRlciI6M30=	2017-10-15 15:05:42.617926+00
chna799f585e6bfce29da23c440d8848	NWZiMDk2ZjE1YTVhMjcyZGE4ODQ4ZDE0YzkxODFkOTY0ZDkwODU5Yjp7Il9fY2hhbm5lbHNfbmV4dF9vcmRlciI6M30=	2017-10-15 15:05:54.163359+00
chna9520002b12f42b27c7d25789aac0	ZTc5NmUxMWUwZjc1NmIxMDVkNGMxMjg5ODIxYTdhYjc5OTk1MjIzODp7Il9fY2hhbm5lbHNfbmV4dF9vcmRlciI6NX0=	2017-10-16 11:58:38.251441+00
chnc261666b0c96d65db8ca4e77ebfc7	ODQzY2FjYjEyZjJkMWI0Mjg5Y2UwYmNhNjAyYmJiMWVjNmJmMGVlYTp7Il9fY2hhbm5lbHNfbmV4dF9vcmRlciI6Mn0=	2017-10-15 15:05:54.503303+00
chn276f0101120dd2bf9e17069b49e04	ODQzY2FjYjEyZjJkMWI0Mjg5Y2UwYmNhNjAyYmJiMWVjNmJmMGVlYTp7Il9fY2hhbm5lbHNfbmV4dF9vcmRlciI6Mn0=	2017-10-15 15:07:50.574365+00
chn183a01d271cfdbc8b49ba47b21e46	NWZiMDk2ZjE1YTVhMjcyZGE4ODQ4ZDE0YzkxODFkOTY0ZDkwODU5Yjp7Il9fY2hhbm5lbHNfbmV4dF9vcmRlciI6M30=	2017-10-15 15:23:00.894272+00
chn0e4a3aafb2637b8deb78641f7d3f3	NWZiMDk2ZjE1YTVhMjcyZGE4ODQ4ZDE0YzkxODFkOTY0ZDkwODU5Yjp7Il9fY2hhbm5lbHNfbmV4dF9vcmRlciI6M30=	2017-10-15 15:23:23.249093+00
chncb47b3301d04abb7c589e972521e9	NWZiMDk2ZjE1YTVhMjcyZGE4ODQ4ZDE0YzkxODFkOTY0ZDkwODU5Yjp7Il9fY2hhbm5lbHNfbmV4dF9vcmRlciI6M30=	2017-10-15 15:23:29.909927+00
chnf8c4d3c336830be847f06dce030b5	MjlhY2YxOGY2N2RmMDljMWFhMzNkOTExYjhhNjdjNjMzNWYzNTdhZDp7Il9fY2hhbm5lbHNfbmV4dF9vcmRlciI6NH0=	2017-10-23 17:12:50.654671+00
chn03c0cdf8e3a208e42140588f48f49	MjlhY2YxOGY2N2RmMDljMWFhMzNkOTExYjhhNjdjNjMzNWYzNTdhZDp7Il9fY2hhbm5lbHNfbmV4dF9vcmRlciI6NH0=	2017-10-24 05:47:56.263269+00
chn88dead0f39f257f8a55d58d8bd43c	OGRmMzE4MmNlYjExZGNkNGVjZTMxYjk3NGJkMGQwOGI0OGQzOGUyYTp7Il9fY2hhbm5lbHNfbmV4dF9vcmRlciI6MTF9	2017-10-21 13:13:50.360045+00
chn735cbb3cb740aaa669c77c39b6341	NWZiMDk2ZjE1YTVhMjcyZGE4ODQ4ZDE0YzkxODFkOTY0ZDkwODU5Yjp7Il9fY2hhbm5lbHNfbmV4dF9vcmRlciI6M30=	2017-10-24 07:21:39.320615+00
chna798517555a64d4eb8f157ce3e574	MjlhY2YxOGY2N2RmMDljMWFhMzNkOTExYjhhNjdjNjMzNWYzNTdhZDp7Il9fY2hhbm5lbHNfbmV4dF9vcmRlciI6NH0=	2017-10-24 07:27:41.949123+00
chne3089608c8d8ff162d0944f518219	MjlhY2YxOGY2N2RmMDljMWFhMzNkOTExYjhhNjdjNjMzNWYzNTdhZDp7Il9fY2hhbm5lbHNfbmV4dF9vcmRlciI6NH0=	2017-10-21 13:17:28.546044+00
chn5be0dea7155599da464fdb1c1e067	NWZiMDk2ZjE1YTVhMjcyZGE4ODQ4ZDE0YzkxODFkOTY0ZDkwODU5Yjp7Il9fY2hhbm5lbHNfbmV4dF9vcmRlciI6M30=	2017-10-21 19:48:23.963074+00
chn565b5ee8d027e046a75fc394b5272	MjlhY2YxOGY2N2RmMDljMWFhMzNkOTExYjhhNjdjNjMzNWYzNTdhZDp7Il9fY2hhbm5lbHNfbmV4dF9vcmRlciI6NH0=	2017-10-21 19:48:23.977281+00
chn6e76598b78bdcf4915fb36f5c3ea4	NjQwMmQ0NTQ3ZWI0YjU2N2IyNjdhM2ZlZmU5ZGVhNTBjNDg1MTc1Yjp7Il9fY2hhbm5lbHNfbmV4dF9vcmRlciI6MjJ9	2017-10-27 10:24:58.803789+00
chn5ad6024b385b56d236bf79a689b8f	N2UzOGQ5NWUzYzI3OTA1MTk0ZTMyODdjMDdhNWVmYTUzZWI5MTA0Njp7Il9fY2hhbm5lbHNfbmV4dF9vcmRlciI6OX0=	2017-10-21 20:03:38.80928+00
chn36c440c4ec7fbe4ee9e8648f14e6d	NDgzZTQ1NDBiZDI2MzgzZjMxMTczYjVmNWM2MjYwMzI5NTlhMTYwMDp7Il9fY2hhbm5lbHNfbmV4dF9vcmRlciI6OH0=	2017-10-21 20:08:46.281116+00
chnaff905ea2effe81ab2008e7a672d2	NWZiMDk2ZjE1YTVhMjcyZGE4ODQ4ZDE0YzkxODFkOTY0ZDkwODU5Yjp7Il9fY2hhbm5lbHNfbmV4dF9vcmRlciI6M30=	2017-10-21 20:49:49.303542+00
chn9aff0e43e6e939e88033918efcfa9	NWZiMDk2ZjE1YTVhMjcyZGE4ODQ4ZDE0YzkxODFkOTY0ZDkwODU5Yjp7Il9fY2hhbm5lbHNfbmV4dF9vcmRlciI6M30=	2017-10-21 21:22:15.010943+00
chn6d62a9646e2fcea75f02f06381e53	OWJkNDQ4NjJjN2RjZDExOTRiNGNkMGEwNDkxNTlmYjA5YTMwYTY3NDp7Il9fY2hhbm5lbHNfbmV4dF9vcmRlciI6MTJ9	2017-10-27 19:22:36.775408+00
chn40f3ceaa313ed96664cb89a54a382	MjlhY2YxOGY2N2RmMDljMWFhMzNkOTExYjhhNjdjNjMzNWYzNTdhZDp7Il9fY2hhbm5lbHNfbmV4dF9vcmRlciI6NH0=	2017-10-22 01:11:08.369546+00
chnf556354e43dae5e75d011caa184bf	OTA3MWI5NDBlYjViYmVlZjg0YmRjZjFhZDQ0ZGI3ZjNjYzdlYjI3ZDp7Il9fY2hhbm5lbHNfbmV4dF9vcmRlciI6Nn0=	2017-10-22 03:41:28.207062+00
chn3c5afb81c3609114d450e733c2fb8	NWZiMDk2ZjE1YTVhMjcyZGE4ODQ4ZDE0YzkxODFkOTY0ZDkwODU5Yjp7Il9fY2hhbm5lbHNfbmV4dF9vcmRlciI6M30=	2017-10-22 04:13:30.461576+00
chn77435e0415700634621904740fef7	MjlhY2YxOGY2N2RmMDljMWFhMzNkOTExYjhhNjdjNjMzNWYzNTdhZDp7Il9fY2hhbm5lbHNfbmV4dF9vcmRlciI6NH0=	2017-10-22 04:20:26.953561+00
chn16faaf3b532d353d48e2128693646	NWZiMDk2ZjE1YTVhMjcyZGE4ODQ4ZDE0YzkxODFkOTY0ZDkwODU5Yjp7Il9fY2hhbm5lbHNfbmV4dF9vcmRlciI6M30=	2017-10-22 04:47:09.698466+00
chn72cd357715cd1457dcbd060d63373	ZTc5NmUxMWUwZjc1NmIxMDVkNGMxMjg5ODIxYTdhYjc5OTk1MjIzODp7Il9fY2hhbm5lbHNfbmV4dF9vcmRlciI6NX0=	2017-10-22 04:47:11.067348+00
chn8ea8335aeaa970551386352733c35	OTA3MWI5NDBlYjViYmVlZjg0YmRjZjFhZDQ0ZGI3ZjNjYzdlYjI3ZDp7Il9fY2hhbm5lbHNfbmV4dF9vcmRlciI6Nn0=	2017-10-22 05:18:57.424729+00
chnf85d1e90ab77dc5f5a7909877d443	N2UzOGQ5NWUzYzI3OTA1MTk0ZTMyODdjMDdhNWVmYTUzZWI5MTA0Njp7Il9fY2hhbm5lbHNfbmV4dF9vcmRlciI6OX0=	2017-10-22 05:21:43.582889+00
chna693a54057cb2f47a6bf24c1b3496	OGRmMzE4MmNlYjExZGNkNGVjZTMxYjk3NGJkMGQwOGI0OGQzOGUyYTp7Il9fY2hhbm5lbHNfbmV4dF9vcmRlciI6MTF9	2017-10-22 05:24:13.295986+00
chn3a28c3d46da5841087fbbc3c1b572	OTA3MWI5NDBlYjViYmVlZjg0YmRjZjFhZDQ0ZGI3ZjNjYzdlYjI3ZDp7Il9fY2hhbm5lbHNfbmV4dF9vcmRlciI6Nn0=	2017-10-22 05:26:08.942754+00
chnc44deb44e9018271796ae1d858acd	ODQzY2FjYjEyZjJkMWI0Mjg5Y2UwYmNhNjAyYmJiMWVjNmJmMGVlYTp7Il9fY2hhbm5lbHNfbmV4dF9vcmRlciI6Mn0=	2017-10-22 05:26:36.55743+00
chn06a060d0cebcfe65f25a35b2e46af	ODQzY2FjYjEyZjJkMWI0Mjg5Y2UwYmNhNjAyYmJiMWVjNmJmMGVlYTp7Il9fY2hhbm5lbHNfbmV4dF9vcmRlciI6Mn0=	2017-10-22 05:26:43.626988+00
chnbf37b81e2e1000e0243b5c36f5f5d	ODQzY2FjYjEyZjJkMWI0Mjg5Y2UwYmNhNjAyYmJiMWVjNmJmMGVlYTp7Il9fY2hhbm5lbHNfbmV4dF9vcmRlciI6Mn0=	2017-10-22 05:26:43.959852+00
chn973cb27639311c4afc79c2fec0877	M2YzZjk2N2NmMmMxNTgyY2YwNTE3ZjhhYTAyN2EyNjlhOGEwYzA2MTp7Il9fY2hhbm5lbHNfbmV4dF9vcmRlciI6N30=	2017-10-22 08:45:54.010011+00
chn2fa086165135a5d0d7d68a4b93582	ODQzY2FjYjEyZjJkMWI0Mjg5Y2UwYmNhNjAyYmJiMWVjNmJmMGVlYTp7Il9fY2hhbm5lbHNfbmV4dF9vcmRlciI6Mn0=	2017-10-22 05:26:48.331463+00
chn2ed53d3c58779d002762985ae63b7	MjlhY2YxOGY2N2RmMDljMWFhMzNkOTExYjhhNjdjNjMzNWYzNTdhZDp7Il9fY2hhbm5lbHNfbmV4dF9vcmRlciI6NH0=	2017-10-24 02:21:57.377619+00
chn209665ae5582069361106f01058c4	MjlhY2YxOGY2N2RmMDljMWFhMzNkOTExYjhhNjdjNjMzNWYzNTdhZDp7Il9fY2hhbm5lbHNfbmV4dF9vcmRlciI6NH0=	2017-10-22 05:29:46.321927+00
muhks0yozuvm3wuv7bu1is8u2xehpoe1	YzJhY2Y3NzM0YTUwYWRjNDdiNjAwMmJmYWQ3NTBjOWQ2MTZkYWMwNjp7Il9hdXRoX3VzZXJfaWQiOiIxIiwiX2F1dGhfdXNlcl9iYWNrZW5kIjoiZGphbmdvLmNvbnRyaWIuYXV0aC5iYWNrZW5kcy5Nb2RlbEJhY2tlbmQiLCJfYXV0aF91c2VyX2hhc2giOiI2MDBlNjE1NTRlNjk3YTMyYTAyMjdkZjA3YjM0MzdjYjJkNzc2MzRiIn0=	2017-10-24 05:48:36.041949+00
chn51127f4aaebfd142915d0acf4853a	MjlhY2YxOGY2N2RmMDljMWFhMzNkOTExYjhhNjdjNjMzNWYzNTdhZDp7Il9fY2hhbm5lbHNfbmV4dF9vcmRlciI6NH0=	2017-10-22 05:33:13.418779+00
chn0a28386899634b6d1174421973b60	OWJkNDQ4NjJjN2RjZDExOTRiNGNkMGEwNDkxNTlmYjA5YTMwYTY3NDp7Il9fY2hhbm5lbHNfbmV4dF9vcmRlciI6MTJ9	2017-10-22 05:35:35.833483+00
chn1578eb3ae4d4357a887d553a381d2	YmU1MTgwMDdkNzMyZDMwOTYwOTI2MjMzNmUwZGZhZjkzZWE0MzY0Yjp7Il9fY2hhbm5lbHNfbmV4dF9vcmRlciI6MjB9	2017-10-24 07:20:30.739767+00
chnb171ca2b5a1862d77e2a177e55119	NjQwMmQ0NTQ3ZWI0YjU2N2IyNjdhM2ZlZmU5ZGVhNTBjNDg1MTc1Yjp7Il9fY2hhbm5lbHNfbmV4dF9vcmRlciI6MjJ9	2017-10-27 08:44:30.209503+00
chnb33ff91c076ebeffccd0cf8c2137b	ZmY2YjFhOTljZDAxZTQ3NTg4ZWI5MzVjMTNjZjIwMGRmMGI5NGNkYzp7Il9fY2hhbm5lbHNfbmV4dF9vcmRlciI6MTV9	2017-10-22 05:39:03.517727+00
chn05a06491f1cb7388893f8aeaa9661	NWU3YjQzZDY4M2FkMjg4NTlhNGQ0OGIwOTkzZTRkYmNhNzY3NTM0NDp7Il9fY2hhbm5lbHNfbmV4dF9vcmRlciI6MTB9	2017-10-24 07:21:35.930119+00
chn39429b8b89c9f24a40c3cb2ca3cda	ZTc5NmUxMWUwZjc1NmIxMDVkNGMxMjg5ODIxYTdhYjc5OTk1MjIzODp7Il9fY2hhbm5lbHNfbmV4dF9vcmRlciI6NX0=	2017-10-27 19:29:26.193782+00
chnd9be989f240869949eb4b73142bb0	MjlhY2YxOGY2N2RmMDljMWFhMzNkOTExYjhhNjdjNjMzNWYzNTdhZDp7Il9fY2hhbm5lbHNfbmV4dF9vcmRlciI6NH0=	2017-10-24 07:22:13.118248+00
chn3d5c2df564a2339a7874c8a85ae7e	NDgzZTQ1NDBiZDI2MzgzZjMxMTczYjVmNWM2MjYwMzI5NTlhMTYwMDp7Il9fY2hhbm5lbHNfbmV4dF9vcmRlciI6OH0=	2017-10-22 05:57:30.463865+00
chnad435941ed047796baa0245e6664c	MjlhY2YxOGY2N2RmMDljMWFhMzNkOTExYjhhNjdjNjMzNWYzNTdhZDp7Il9fY2hhbm5lbHNfbmV4dF9vcmRlciI6NH0=	2017-10-24 07:43:18.338393+00
chndf6eea6727eb80c802c34ffe78f86	OTA3MWI5NDBlYjViYmVlZjg0YmRjZjFhZDQ0ZGI3ZjNjYzdlYjI3ZDp7Il9fY2hhbm5lbHNfbmV4dF9vcmRlciI6Nn0=	2017-10-27 19:49:06.441329+00
chncb91349224316daa703b6957f33a4	NWZiMDk2ZjE1YTVhMjcyZGE4ODQ4ZDE0YzkxODFkOTY0ZDkwODU5Yjp7Il9fY2hhbm5lbHNfbmV4dF9vcmRlciI6M30=	2017-10-25 02:59:02.068285+00
p69833wemaxfiks9fzyuvs7peqcyxci8	NTFjMTRjY2QxNDUyNDM4MWRjN2I2ZWRlZTU5M2I4NTcxYTBmNjVkNTp7Il9hdXRoX3VzZXJfaWQiOiIzIiwiX2F1dGhfdXNlcl9iYWNrZW5kIjoiZGphbmdvLmNvbnRyaWIuYXV0aC5iYWNrZW5kcy5Nb2RlbEJhY2tlbmQiLCJfYXV0aF91c2VyX2hhc2giOiJhNTNkN2ViNzJjMzQwNDczOWJjNTE5MTkxYWFiNjNhYzA2MzA3MDdlIn0=	2017-10-25 02:59:59.788884+00
chnf2975da377b671276bf8a74fcddef	OGRmMzE4MmNlYjExZGNkNGVjZTMxYjk3NGJkMGQwOGI0OGQzOGUyYTp7Il9fY2hhbm5lbHNfbmV4dF9vcmRlciI6MTF9	2017-10-22 06:02:04.428173+00
285uvmm2loki6tqj9joezrkkqsm81s5i	YzJhY2Y3NzM0YTUwYWRjNDdiNjAwMmJmYWQ3NTBjOWQ2MTZkYWMwNjp7Il9hdXRoX3VzZXJfaWQiOiIxIiwiX2F1dGhfdXNlcl9iYWNrZW5kIjoiZGphbmdvLmNvbnRyaWIuYXV0aC5iYWNrZW5kcy5Nb2RlbEJhY2tlbmQiLCJfYXV0aF91c2VyX2hhc2giOiI2MDBlNjE1NTRlNjk3YTMyYTAyMjdkZjA3YjM0MzdjYjJkNzc2MzRiIn0=	2017-10-23 04:09:38.987482+00
chn8349ecff294940490059cc81f4e17	OTA3MWI5NDBlYjViYmVlZjg0YmRjZjFhZDQ0ZGI3ZjNjYzdlYjI3ZDp7Il9fY2hhbm5lbHNfbmV4dF9vcmRlciI6Nn0=	2017-10-25 04:54:51.519023+00
chne73381f48b835591f4d05617db4dc	MjlhY2YxOGY2N2RmMDljMWFhMzNkOTExYjhhNjdjNjMzNWYzNTdhZDp7Il9fY2hhbm5lbHNfbmV4dF9vcmRlciI6NH0=	2017-10-23 17:04:01.800113+00
chn81d0a77560e3553e38abf10e874f8	MjlhY2YxOGY2N2RmMDljMWFhMzNkOTExYjhhNjdjNjMzNWYzNTdhZDp7Il9fY2hhbm5lbHNfbmV4dF9vcmRlciI6NH0=	2017-10-25 07:42:46.491161+00
chn31f771f58c600f2a1e6c8b51dc466	ZDhhYmQ4NTJmNzAxY2M1NWEzZjE4NmZiZGFlOGQwZDEwMjNjNGI5MDp7Il9fY2hhbm5lbHNfbmV4dF9vcmRlciI6MTZ9	2017-10-27 20:52:11.759766+00
chnada669cdab953bdf8d72b0a6e8e8d	NWZiMDk2ZjE1YTVhMjcyZGE4ODQ4ZDE0YzkxODFkOTY0ZDkwODU5Yjp7Il9fY2hhbm5lbHNfbmV4dF9vcmRlciI6M30=	2017-10-25 08:33:01.051594+00
chnb97555f8d5d1ea8de1e46d200c3f6	NWZiMDk2ZjE1YTVhMjcyZGE4ODQ4ZDE0YzkxODFkOTY0ZDkwODU5Yjp7Il9fY2hhbm5lbHNfbmV4dF9vcmRlciI6M30=	2017-10-27 21:30:03.381876+00
chn44cf2860fd1ec13041d3dbf9b4091	NWZiMDk2ZjE1YTVhMjcyZGE4ODQ4ZDE0YzkxODFkOTY0ZDkwODU5Yjp7Il9fY2hhbm5lbHNfbmV4dF9vcmRlciI6M30=	2017-10-25 13:12:38.883411+00
chne775c8fa98c31baf9e86b347bacb7	NWZiMDk2ZjE1YTVhMjcyZGE4ODQ4ZDE0YzkxODFkOTY0ZDkwODU5Yjp7Il9fY2hhbm5lbHNfbmV4dF9vcmRlciI6M30=	2017-10-27 21:30:03.390898+00
chn10a97f707e0e1905290c718ac6630	NzRlZDc2ZWI5YTU2ZjlhMDE2OWY2MTRjNTc3MjAzMTZmMzY5ZWU3NTp7Il9fY2hhbm5lbHNfbmV4dF9vcmRlciI6MTR9	2017-10-28 02:33:34.073491+00
chn887ca5f834965c013a156591c9616	M2YzZjk2N2NmMmMxNTgyY2YwNTE3ZjhhYTAyN2EyNjlhOGEwYzA2MTp7Il9fY2hhbm5lbHNfbmV4dF9vcmRlciI6N30=	2017-10-25 18:52:42.79786+00
chn21062e03edb5d55142739b158c5ab	NWU3YjQzZDY4M2FkMjg4NTlhNGQ0OGIwOTkzZTRkYmNhNzY3NTM0NDp7Il9fY2hhbm5lbHNfbmV4dF9vcmRlciI6MTB9	2017-10-28 03:51:52.146097+00
chn451b40af9517cf591e005ee9f53b6	OTA3MWI5NDBlYjViYmVlZjg0YmRjZjFhZDQ0ZGI3ZjNjYzdlYjI3ZDp7Il9fY2hhbm5lbHNfbmV4dF9vcmRlciI6Nn0=	2017-10-25 18:56:34.127131+00
chneb0a707fb698302c7c130882454a3	MjlhY2YxOGY2N2RmMDljMWFhMzNkOTExYjhhNjdjNjMzNWYzNTdhZDp7Il9fY2hhbm5lbHNfbmV4dF9vcmRlciI6NH0=	2017-10-28 04:18:41.613138+00
chnd88f907d1db4c2b469c52d043cdf6	OTA3MWI5NDBlYjViYmVlZjg0YmRjZjFhZDQ0ZGI3ZjNjYzdlYjI3ZDp7Il9fY2hhbm5lbHNfbmV4dF9vcmRlciI6Nn0=	2017-10-28 04:39:59.012035+00
chn1f10935765b1ad2ba697b84dbc815	MGE2YzZhNjcwZTJmMDI0ZDg4NWIxZmExMDBiYjEyYzVmMWIyZjFiNjp7Il9fY2hhbm5lbHNfbmV4dF9vcmRlciI6MjV9	2017-10-25 19:19:11.32282+00
chn58cb0f58fe7be57871f6955b65ba2	MjlhY2YxOGY2N2RmMDljMWFhMzNkOTExYjhhNjdjNjMzNWYzNTdhZDp7Il9fY2hhbm5lbHNfbmV4dF9vcmRlciI6NH0=	2017-10-25 20:32:22.383914+00
chn2a740838b4cd4898cc9a47a0f9267	ZTc5NmUxMWUwZjc1NmIxMDVkNGMxMjg5ODIxYTdhYjc5OTk1MjIzODp7Il9fY2hhbm5lbHNfbmV4dF9vcmRlciI6NX0=	2017-10-25 20:48:00.697221+00
chn7e2c8b65309dc9b31d6359c0ab855	OTA3MWI5NDBlYjViYmVlZjg0YmRjZjFhZDQ0ZGI3ZjNjYzdlYjI3ZDp7Il9fY2hhbm5lbHNfbmV4dF9vcmRlciI6Nn0=	2017-10-26 06:48:55.923651+00
z6qhkzslxy7i5jiyccrhgaqnq0k0r0df	YzJhY2Y3NzM0YTUwYWRjNDdiNjAwMmJmYWQ3NTBjOWQ2MTZkYWMwNjp7Il9hdXRoX3VzZXJfaWQiOiIxIiwiX2F1dGhfdXNlcl9iYWNrZW5kIjoiZGphbmdvLmNvbnRyaWIuYXV0aC5iYWNrZW5kcy5Nb2RlbEJhY2tlbmQiLCJfYXV0aF91c2VyX2hhc2giOiI2MDBlNjE1NTRlNjk3YTMyYTAyMjdkZjA3YjM0MzdjYjJkNzc2MzRiIn0=	2017-10-26 06:51:02.994535+00
chn050ab828245fd13c8f1c681d02d19	OTA3MWI5NDBlYjViYmVlZjg0YmRjZjFhZDQ0ZGI3ZjNjYzdlYjI3ZDp7Il9fY2hhbm5lbHNfbmV4dF9vcmRlciI6Nn0=	2017-10-26 07:14:21.73191+00
chne6df566ea35683bfe431444e7a850	ZTc5NmUxMWUwZjc1NmIxMDVkNGMxMjg5ODIxYTdhYjc5OTk1MjIzODp7Il9fY2hhbm5lbHNfbmV4dF9vcmRlciI6NX0=	2017-10-26 08:04:13.131424+00
kpys3fz8n7wz6jt5v25nbzbko0w6nd10	M2M0MzU4ZTY1N2U5YzNlMGRlYWMzM2UwODE0ODdjMmE5MzJlNWIwNTp7Il9hdXRoX3VzZXJfaWQiOiI0IiwiX2F1dGhfdXNlcl9iYWNrZW5kIjoiZGphbmdvLmNvbnRyaWIuYXV0aC5iYWNrZW5kcy5Nb2RlbEJhY2tlbmQiLCJfYXV0aF91c2VyX2hhc2giOiI4MzdkN2JmYjAyODc4ZjZhNTI5ZThlNTNjN2E5MzFlNmQ3Mjg5ZWU4In0=	2017-10-28 04:53:25.904014+00
chnf2d684395ca28f9233b781e6760ef	NWZiMDk2ZjE1YTVhMjcyZGE4ODQ4ZDE0YzkxODFkOTY0ZDkwODU5Yjp7Il9fY2hhbm5lbHNfbmV4dF9vcmRlciI6M30=	2017-10-31 04:59:15.010639+00
chn148de390bdb1650c00fe3d459f163	MDRiM2IyMDc3ZGYxNTQ4OGM4MDAxZjE5YTBhODI4NWRjZGMzNGRhZjp7InVzZXJuYW1lIjoiekw0dGo0SEtEU1I2NUJIUms2bTNjbmphc2xaUWJiZTIiLCJfX2NoYW5uZWxzX25leHRfb3JkZXIiOjN9	2017-11-14 12:36:09.069979+00
chn5e8a931cf39ecbf71e1f157950532	MzQ4ZWI1MGFkNzY1NWUxM2QzNGViZjAyYTc5NzBjZDhlMTc5OTY0ZTp7InVzZXJuYW1lIjoieGxvb3R0a0VKa3d1QjFFRlEzMUxwM0hpUlI5REhTTmIiLCJfX2NoYW5uZWxzX25leHRfb3JkZXIiOjN9	2017-11-17 12:48:18.010753+00
chn417e09a4d41331b540c6fe9ddeeb4	Y2RhYjhmMGM3YWQwZTMwZjYyN2Q5Y2MzY2EyYzhlNTMzYzQyMGU4MDp7InVzZXJuYW1lIjoicGZMSnRtdEN2MDl2amF1czE2RlRXWTk4MnFHOFd3dlMiLCJfX2NoYW5uZWxzX25leHRfb3JkZXIiOjR9	2017-11-16 15:26:25.076538+00
chn79bbc47dc4a397c1309d311005de3	ODViNmM1YzE0MmQxYWQxNTZjOTZlMjY3YzVkZjgyMWM2ZDg0YjkyMjp7InVzZXJuYW1lIjoiSXZhMmU0VkZISkJiSm84M3UzeGtKU3FpTm90MU1tQngiLCJfX2NoYW5uZWxzX25leHRfb3JkZXIiOjN9	2017-11-17 12:55:11.12375+00
p90nsn884vxnqzq0pxibxwwi8qop595a	YzJhY2Y3NzM0YTUwYWRjNDdiNjAwMmJmYWQ3NTBjOWQ2MTZkYWMwNjp7Il9hdXRoX3VzZXJfaWQiOiIxIiwiX2F1dGhfdXNlcl9iYWNrZW5kIjoiZGphbmdvLmNvbnRyaWIuYXV0aC5iYWNrZW5kcy5Nb2RlbEJhY2tlbmQiLCJfYXV0aF91c2VyX2hhc2giOiI2MDBlNjE1NTRlNjk3YTMyYTAyMjdkZjA3YjM0MzdjYjJkNzc2MzRiIn0=	2017-11-17 05:51:46.257399+00
chne1e734f9b4dd9a053d524d36d883f	YWM3MGQwNzE0MjBmODZmMGQ1ZGEyOTM0NjNiYTMyZDJmYmFiNjViZjp7InVzZXJuYW1lIjoidjM4bG41VXVMUkFjYmxMazZBd1FpTUhPdWlOV2laTk8iLCJfX2NoYW5uZWxzX25leHRfb3JkZXIiOjd9	2017-11-14 12:42:47.759288+00
chn5400375545cdec7dd1ff40a7fd647	NWU3YjQzZDY4M2FkMjg4NTlhNGQ0OGIwOTkzZTRkYmNhNzY3NTM0NDp7Il9fY2hhbm5lbHNfbmV4dF9vcmRlciI6MTB9	2017-11-10 15:18:23.785588+00
chn961685c62c8f53d089543201780e2	NjYwMWY0NDkyOTliNzM5Yzk2M2Q1YTFiOTYxNGVjN2VhZWQyY2JiYzp7InVzZXJuYW1lIjoiZFRSWmdZam1TSUZnVnNYMEU3S1QzQ0JjdjByZjliWEgiLCJfX2NoYW5uZWxzX25leHRfb3JkZXIiOjJ9	2017-11-10 17:42:34.473533+00
chnb672d2f615d6c882d741743d8e24f	MzE2YjEyNzJlMjQxOTk0MDdiNmY1Mjg1NTkwODU5NmIyZGFjNTg0MTp7InVzZXJuYW1lIjoiQ2IwdnF3NUo5a3c0dmthSHlyVlhMalhxSXlCblpWVFIiLCJfX2NoYW5uZWxzX25leHRfb3JkZXIiOjEzfQ==	2017-11-13 05:02:37.933354+00
chn951a744616a2b13f2af8070973159	NTNjY2NmMjIyOGZjNzZiMWY1MDQ4ZmI5NDQ4NWNmNjA1MzI1YzQzZTp7InVzZXJuYW1lIjoiMU5VcnRKbUprOVFTeHRHUU00NGxYSVVjMUFZd0ZhcGwiLCJfX2NoYW5uZWxzX25leHRfb3JkZXIiOjN9	2017-11-10 18:40:56.205561+00
chn5aa5f35684a0f16902530e7289993	M2M5ZGFhMDBmMWVhNzRlNWMyNjM0MmFkNzkxNDVlMzk3MmI1YTYxNDp7InVzZXJuYW1lIjoiT3ZhRWdVOFNiM1ZPSjNKUEdFZ0lzOHdFNEFsVUdCbDIiLCJfX2NoYW5uZWxzX25leHRfb3JkZXIiOjd9	2017-11-14 13:18:15.643568+00
chne42af81648615e087268183567c86	NDM2MDgzYjk3YjllYzEwY2E3MzYzMjM4OTM0ZTJkMmNhMGM5Mjg5ZDp7InVzZXJuYW1lIjoiZmpjUDZsYXJpZkJYQzM3WE45eVFMZDd4Sm5KcmpocXYiLCJfX2NoYW5uZWxzX25leHRfb3JkZXIiOjd9	2017-11-13 13:04:04.743245+00
chn246bfc47ffdbb27a77bc6b66ab0f4	MTIwZDMzODdiZDA4MGZhMjA1ZWQzNTAyNmQ5Nzc1MmFlZGE0Yjg4Nzp7InVzZXJuYW1lIjoiSFIxTVhjU0JXdzdLZkhUblRvZlJlcnlqOTdUNjJLRVEiLCJfX2NoYW5uZWxzX25leHRfb3JkZXIiOjV9	2017-11-13 14:55:22.443103+00
chn209b751092b1ba7e75df79998270c	ZWRkZWE3ZGZjNDA4NjMyZDAyYTdhNTY5ZDY4OGU0YTAyNzY3NWUwYjp7InVzZXJuYW1lIjoiVDhza0VYYk5ISVlES1RMQnoxdmVEdGdzS3ZMTlFqNlEiLCJfX2NoYW5uZWxzX25leHRfb3JkZXIiOjR9	2017-11-14 14:38:46.220161+00
chn0198fe7c72540af1f14497b2e8146	ODFhNmI1YzJiNjY4NzE4ZmVjNmJiYjRiMTM0YjdjZWI2NjE3MGIzYjp7InVzZXJuYW1lIjoiNEpCdG5yZGh4VHNDWXdBZXM5VFJHWnU1bmhPb3NEZUsiLCJfX2NoYW5uZWxzX25leHRfb3JkZXIiOjN9	2017-11-13 18:29:06.977447+00
chn1ec7442366e2ca0177f3a21f20cf0	MjQ0MGNkMWQyMjczYjJjNzczODc0MWM4MDcwNzFjMWQ3Y2VjMGYzNjp7InVzZXJuYW1lIjoiaUtHN1BKQlY1RWZDZlZhSnJEanYxSjdxejNRMGF6bGciLCJfX2NoYW5uZWxzX25leHRfb3JkZXIiOjEzfQ==	2017-11-10 19:09:50.653437+00
chnb3fe2e87de31ca3308b7a8e6dd3ac	MjU1ZmE4Y2E2NmFlODIzYWVkOTk5ZmQyNDMwNmY1NDM4NDExYjEzZTp7InVzZXJuYW1lIjoiWHppd2g1Z2pUWEs3S25sNVNKY0NwcjNpcTBmdWFQQ0oiLCJfX2NoYW5uZWxzX25leHRfb3JkZXIiOjN9	2017-11-13 18:41:09.28103+00
chn3d03203c394bce3caa48d3c7af1bf	MGIwMzZkMTA5NWJkYTNlMTU2NGU3NjVhODljZjcyMTI5NzAxNmU1ODp7InVzZXJuYW1lIjoiVVo3Zmg0c0pmNng0Z1BKSm9QZHNJbUZHajNLSVU5UGEiLCJfX2NoYW5uZWxzX25leHRfb3JkZXIiOjN9	2017-11-13 18:43:57.936962+00
chn712f548dae744c4fbd5695c658785	Y2YxMDI0Nzg5ODBlOTEyNGIyNzg2OGM4NjEzN2UxMzE1NjM3ZTg4OTp7InVzZXJuYW1lIjoiTzhvUk03c3R6M0w4S3FOZldPb2ZJSW9uUTlVeEM0dFEiLCJfX2NoYW5uZWxzX25leHRfb3JkZXIiOjN9	2017-11-13 18:47:06.64993+00
chn48987f981d842521c79b7fc8d0003	ZDFiYzc4MWNhOThkYzIxOTFkOWQxYzhmZjAzODE0YjMwNWM2OGM2MDp7InVzZXJuYW1lIjoiazVNcm15N2JHdHdCWnBmdUx6U1J2VmZkcGozY3VTV0siLCJfX2NoYW5uZWxzX25leHRfb3JkZXIiOjN9	2017-11-14 19:04:05.545778+00
chn15d864c819c47a3b3a4b57a5fb562	MzE2YTYwNGNhNGQ3MzM5M2YwZDEzOTNiYTllYzY2ZGU3NDRlNjU5NTp7InVzZXJuYW1lIjoidEFmMFg2UldsTjVQbjAydW9Ud2IyM1JNenZER3B3QjAiLCJfX2NoYW5uZWxzX25leHRfb3JkZXIiOjN9	2017-11-13 18:47:58.199087+00
chn5837605fa8dea00faf6b0ad0fd9e7	MzE5ZTRhYThhYzFlZjdjOTFlNjMwMDk2ZWM1YTE5NmZmY2UzNjM0NDp7InVzZXJuYW1lIjoiNjBDR3UyVGJpVlFiQlpJUDNzUGhvNFBYU2s2VVBaZXEiLCJfX2NoYW5uZWxzX25leHRfb3JkZXIiOjN9	2017-11-13 18:48:58.277259+00
chnb6a83ed381a7a5a427a31b186d3ee	YzUzMGRkZWExMDEzYzkwMDBjMmEyNzlhZTMxNGY0MjZmN2Q3Y2MzNTp7InVzZXJuYW1lIjoienA4NjE5dUpVQnhVOUw4QjhkNlo3ZEhZSXNpSXNSMVAiLCJfX2NoYW5uZWxzX25leHRfb3JkZXIiOjEyfQ==	2017-11-14 06:57:58.010534+00
chn5525da6006a599118ceeee70183a2	MTkxYTNlZjg4MWQxMjgxOTMxODQ2YjY3NzExNzcyMWRiZDM2NDgxZjp7InVzZXJuYW1lIjoibVRXSzZ3cmc2UW5JU3U3Y3dxU0doM2V3TWo3NTNMYkYiLCJfX2NoYW5uZWxzX25leHRfb3JkZXIiOjEzfQ==	2017-11-14 07:33:58.993595+00
chnf60c284bc972b6c0823e22a69a6fa	NDJjNDMyYTViNjg0YjU4MTQyNzBhMjg0ZjYyMjlkYzg2OTQ0OTg3NTp7InVzZXJuYW1lIjoiNDNtaDlVS0FwOXZJM0k1N1piZk16RXROcHlKdnlhMloiLCJfX2NoYW5uZWxzX25leHRfb3JkZXIiOjZ9	2017-11-14 10:27:42.980104+00
chn540eda5aafe9537285b9f086e16c6	MzJjNTQ5MzRlNzBmNWZhOTExMmRmMTk1NTEwNjc1MDU0ZTk3YjNjMTp7InVzZXJuYW1lIjoiZ3p0eFZXc1F0b3Z5c2RTTWJ3TkZlR3kzVklJQWF3OVQiLCJfX2NoYW5uZWxzX25leHRfb3JkZXIiOjN9	2017-11-17 12:55:11.106684+00
chn415c7c6e8b1d02f85daa0d79377d3	MjlhY2YxOGY2N2RmMDljMWFhMzNkOTExYjhhNjdjNjMzNWYzNTdhZDp7Il9fY2hhbm5lbHNfbmV4dF9vcmRlciI6NH0=	2017-10-28 04:58:21.035111+00
chnb8732667592c47a6273ed47fd0a52	ZTJiNGMzMDQyNjZiY2U3OGY5ZDE5NTRiYmE1YjdjNGM2ZTkzMjc3OTp7InVzZXJuYW1lIjoiS1Jad0taU1ExdzZyVFpkYmx4RGNkTko3aERqbWhYdWciLCJfX2NoYW5uZWxzX25leHRfb3JkZXIiOjJ9	2017-11-13 05:02:41.54229+00
chnc6ffba35d901a6c6eea819b217b45	NWZiMDk2ZjE1YTVhMjcyZGE4ODQ4ZDE0YzkxODFkOTY0ZDkwODU5Yjp7Il9fY2hhbm5lbHNfbmV4dF9vcmRlciI6M30=	2017-10-28 04:59:30.325301+00
chncde876b8e7d84469042e1626ed742	NWZiMDk2ZjE1YTVhMjcyZGE4ODQ4ZDE0YzkxODFkOTY0ZDkwODU5Yjp7Il9fY2hhbm5lbHNfbmV4dF9vcmRlciI6M30=	2017-10-31 07:43:56.763646+00
chnd0cf72e9e966ef646e75094ea0dc1	NWZiMDk2ZjE1YTVhMjcyZGE4ODQ4ZDE0YzkxODFkOTY0ZDkwODU5Yjp7Il9fY2hhbm5lbHNfbmV4dF9vcmRlciI6M30=	2017-11-10 16:14:25.115645+00
chn9761a6b47d2c44ed4d483d3822d07	YWE3MzAwNDdhMWUwZjZhODZlYWVhYTk1MWRkZTMwZmJlOGEwNzM0OTp7InVzZXJuYW1lIjoiNHMybG5mcENRbVhiRDJidU85dUQ3ZnRTRXZZR0tENkUiLCJfX2NoYW5uZWxzX25leHRfb3JkZXIiOjR9	2017-11-16 15:45:19.01069+00
kc6v8naz5u8vicsvya8fb1f8edled275	NTFjMTRjY2QxNDUyNDM4MWRjN2I2ZWRlZTU5M2I4NTcxYTBmNjVkNTp7Il9hdXRoX3VzZXJfaWQiOiIzIiwiX2F1dGhfdXNlcl9iYWNrZW5kIjoiZGphbmdvLmNvbnRyaWIuYXV0aC5iYWNrZW5kcy5Nb2RlbEJhY2tlbmQiLCJfYXV0aF91c2VyX2hhc2giOiJhNTNkN2ViNzJjMzQwNDczOWJjNTE5MTkxYWFiNjNhYzA2MzA3MDdlIn0=	2017-11-17 03:14:34.552884+00
chnb36d98a5b641db2bb972a1f5d9072	NmQwYmFlYzQyNGIxYWRkMmM2YmI4MWE1MTU4YzRkNjA4ZGQ4YmY4Mzp7InVzZXJuYW1lIjoiMEFmSUNXMTVjQ3hPN1Q1elV0dE9ZQUcxMEpIOVRWWW8iLCJfX2NoYW5uZWxzX25leHRfb3JkZXIiOjN9	2017-11-10 17:44:28.460212+00
chnf4cd10001129af9b05585d19a786d	OGRmMzE4MmNlYjExZGNkNGVjZTMxYjk3NGJkMGQwOGI0OGQzOGUyYTp7Il9fY2hhbm5lbHNfbmV4dF9vcmRlciI6MTF9	2017-10-28 08:10:27.713141+00
chn23c436c4ab6bb08002ce56c590621	NTVmNGQ4YmM3MDE5NTJkODdmNjhkOGQ1MmE0MWJkNzg1MWQ5YjY0MDp7InVzZXJuYW1lIjoiMVBmUmVjWUNJQ3o2SjRjRXlIRmZJazlJSlhVN2ZiRVEiLCJfX2NoYW5uZWxzX25leHRfb3JkZXIiOjZ9	2017-11-14 12:46:08.978394+00
chn0ec1797596482a97dfe8b0edabd7b	NTU2M2RkYzY5MWY0MDY2MzlmOTJlMWU1NWI1MjhmODMzMzlhNGM0Njp7InVzZXJuYW1lIjoiNWFUODBmT0tXcm5Hak91eDhUZmx0Rk85MUtYbk8xZkEiLCJfX2NoYW5uZWxzX25leHRfb3JkZXIiOjh9	2017-11-13 13:08:36.053858+00
chn9cab36914485d09f721ba5a0f1d7e	OGViYjE2NWQyYzYwMWZjY2M1NmIxN2VhZDNiYWQ2ZjA4MTZjMzk1Yjp7InVzZXJuYW1lIjoiQXV1ZmU0Qk1jQ21IalpaTHppNE1Na09HZFUwd0ZubEMiLCJfX2NoYW5uZWxzX25leHRfb3JkZXIiOjN9	2017-11-10 18:41:00.794857+00
chn92445d4b7298af18d6bf3a99dece3	MjA3NGUwOTk4YTIyYmJhNTcxZTMwYmE3MTA5ZDlmOTAwNjU3NmFiNjp7InVzZXJuYW1lIjoiODdCZzRXS0V0NGtHelZCdkl4NmRrQXc3MTVQTnUwMmgiLCJfX2NoYW5uZWxzX25leHRfb3JkZXIiOjJ9	2017-11-14 14:18:50.700306+00
chn175acf3cb0cc43200d50a0186fa0a	MWY1NzE3OGVkZGNmYmM4NzBlYjgyNDc0OTlkMjM5MjA2ODQyYmYzMzp7InVzZXJuYW1lIjoiNGxpN1hlemR0dlVxYkx0ZzRWOGNlRDVnNTVzNzJEM1oiLCJfX2NoYW5uZWxzX25leHRfb3JkZXIiOjN9	2017-11-11 01:55:57.053283+00
chn964470bbb4b25186f2ddf506820d2	NTEzNjc3NmY3NjEyMDIzZDkyMzI4MTQ5NWMyZjM0NGVlOTA0Y2FiMDp7InVzZXJuYW1lIjoiU2NWbmJOYlpCOXNYb3AzM2tSQVdldG1Kb1VkZWs2V0UiLCJfX2NoYW5uZWxzX25leHRfb3JkZXIiOjN9	2017-11-13 18:29:17.526594+00
chnd5beee9b36ff265d8184d154298b6	MWZiYjU5Y2NlOGYzMzUxZGEwYjZkMjE5NTYyYTg2YTFmNWU3YTU1ZDp7InVzZXJuYW1lIjoiWVhxWnFQNURHaFJuR3dVb3ZKSjVneE1uZ3E5Z0N4WEwiLCJfX2NoYW5uZWxzX25leHRfb3JkZXIiOjR9	2017-11-14 14:42:09.443223+00
chn1895cfe3c7ec1ebd095dd149c4109	YzkxYjhmYTc0NjhmZGYyYTI2Y2JlNWVhMTkxNGY0OGViMWZhMGI1ZDp7InVzZXJuYW1lIjoidTR2ODdDUU54TkljMDNISTN3YmZydlJ5b3ZwV2JoMHAiLCJfX2NoYW5uZWxzX25leHRfb3JkZXIiOjN9	2017-11-13 18:41:19.395799+00
chn1346ae849ed97c4e0039f9fd41a69	NTcwMmFmYWU5ODU0OWE3NGYyMGM0ZTU4ZmY5NDYyODRhNjA4Y2U0Njp7InVzZXJuYW1lIjoid3VkM0lmQ25iWjFERWduRVR5QXN3VmZDaW5JQW5TSDciLCJfX2NoYW5uZWxzX25leHRfb3JkZXIiOjJ9	2017-11-14 18:30:57.351402+00
chn45ec87d9120ee65069c97bb8a8b2b	ZDIwODMxMmU1YTg5MTIxNmUyNDI3Yjk3NjZlNDlhNzcwYjk2MWI5ZDp7InVzZXJuYW1lIjoiUnlidGs4NlBHbENDWWtCcm53UFA1S21FUjRsTXhWQjciLCJfX2NoYW5uZWxzX25leHRfb3JkZXIiOjN9	2017-11-13 18:45:04.743356+00
chneaece247730f86292a249ab456b9c	ZjY2YTVlZWE0YzkzNTQ3ZDBhZWEyNzkzNzgwZGUzM2Y2Njg1MTIxNTp7InVzZXJuYW1lIjoiY0hmR1QwZmxXM296UUxYVjQ4eU1QVkZTdzd5R2k0VDYiLCJfX2NoYW5uZWxzX25leHRfb3JkZXIiOjExfQ==	2017-11-17 07:50:11.020796+00
chn5fa78035e6b79f07598ca33a05de5	Y2NjZWNhOGZiZTUzNjg3N2I5MGU2Y2QzZmZhZWFhNGZhN2FhM2UyMzp7InVzZXJuYW1lIjoiR0ZPSEdGc3N3dk1CT0p3VVJFR29JRHc2dGxoMXpCZzYiLCJfX2NoYW5uZWxzX25leHRfb3JkZXIiOjN9	2017-11-13 18:45:31.802236+00
chn3a6b6b58e36d695571b5287b54b1b	MWQyZTIyZWM5Y2ZiNWQwNDAwMDVhNzVkMmE1N2E3YTIzNjljZWQ4Njp7InVzZXJuYW1lIjoiakVvbmRDYXVuRHlDTkI0RGlscHFxY1Q2N2QzSnZIMjMiLCJfX2NoYW5uZWxzX25leHRfb3JkZXIiOjN9	2017-11-15 08:09:01.049502+00
chn744d38b981dd9f6b2551a8fcd6ab0	Nzk5MWUzMDVjOWI2YzQxYTUwNTQ1Y2YzN2JlOGRjNjdiZjA5ZjA4Yjp7InVzZXJuYW1lIjoiUWozOUhEdjhPOXBUZUlxNTlMbzVDVk01QUVTR091S20iLCJfX2NoYW5uZWxzX25leHRfb3JkZXIiOjN9	2017-11-13 18:48:05.121244+00
chndd51720a53d910beeaf930e88a20f	MmEzZjIyOWExNDBkNTMzODFkNjA4MmU5MDk5ZTlkOGYyM2IyZWFlMjp7InVzZXJuYW1lIjoiWEU2ZzZnQnZ1UkZrdG1KWE96QTdNdG5tU0ZYOW9aaTAiLCJfX2NoYW5uZWxzX25leHRfb3JkZXIiOjN9	2017-11-13 18:49:03.38492+00
chn8aaefd62bf3ac8ef740dd5806447a	N2RmYTdiNDc0ZTdhMzFjM2JiZjM5YjMzOTUzZWEzYWZiNjI5ZGY2MDp7InVzZXJuYW1lIjoicndlZVJDaTI1cjFXdUprWHJHMlptczFGd3hzSHM4VWciLCJfX2NoYW5uZWxzX25leHRfb3JkZXIiOjN9	2017-11-14 06:58:14.010427+00
chn0de5a314edeabae609efa0f69dce2	MGZlMzAzN2YwMmE1M2I4MmNkZWI0ODM3MDc1OWU2NGRlNTU3ZTI4Mjp7InVzZXJuYW1lIjoiNjZER1ZYZlBaa1hyTkF2c0Z6dkdjblY1SldUQzBkdDUiLCJfX2NoYW5uZWxzX25leHRfb3JkZXIiOjN9	2017-11-16 13:02:16.649694+00
xcysduyhzsv2ulv1a805xa5mb757x600	YzJhY2Y3NzM0YTUwYWRjNDdiNjAwMmJmYWQ3NTBjOWQ2MTZkYWMwNjp7Il9hdXRoX3VzZXJfaWQiOiIxIiwiX2F1dGhfdXNlcl9iYWNrZW5kIjoiZGphbmdvLmNvbnRyaWIuYXV0aC5iYWNrZW5kcy5Nb2RlbEJhY2tlbmQiLCJfYXV0aF91c2VyX2hhc2giOiI2MDBlNjE1NTRlNjk3YTMyYTAyMjdkZjA3YjM0MzdjYjJkNzc2MzRiIn0=	2017-11-06 08:08:16.920244+00
d2z7szdqwtxtptcd9yn27ybxzed7jl6l	YzJhY2Y3NzM0YTUwYWRjNDdiNjAwMmJmYWQ3NTBjOWQ2MTZkYWMwNjp7Il9hdXRoX3VzZXJfaWQiOiIxIiwiX2F1dGhfdXNlcl9iYWNrZW5kIjoiZGphbmdvLmNvbnRyaWIuYXV0aC5iYWNrZW5kcy5Nb2RlbEJhY2tlbmQiLCJfYXV0aF91c2VyX2hhc2giOiI2MDBlNjE1NTRlNjk3YTMyYTAyMjdkZjA3YjM0MzdjYjJkNzc2MzRiIn0=	2017-11-13 05:03:42.887151+00
chn33c644fc6fbce197bf2f16ef3af33	YjNhZmRiYTE4ODk1MTI3YThlYjlhMDNlOTUzNjk2NmIwNjYwMDE4NDp7InVzZXJuYW1lIjoiZlc0blhLdmc1d0U0QkM3ckN2NWtPZEdsQ1dVYXFyczUiLCJfX2NoYW5uZWxzX25leHRfb3JkZXIiOjN9	2017-11-16 15:27:27.541291+00
chnca1b14033f5c03169b019718450bd	MzBhNTVkYTVhZDI1OGJkYWUyYTkwM2NiZmM5MzYyOGY2Njc5ZGVlMzp7InVzZXJuYW1lIjoiekJvbWVpRngydGlMRmdRbkVPOUlXQVBSZ2FvNGJIQVAiLCJfX2NoYW5uZWxzX25leHRfb3JkZXIiOjl9	2017-11-14 10:28:20.542876+00
chn314178313b5dcd099c0d80e6ec846	ZmIwYjljNWQzZWY3OWQzMzAxYTc2YTllMmJmOTZjMmI0NGE1YjYzZDp7InVzZXJuYW1lIjoiZUJxOHNzTDRLWWlhTmJpNTdpaGUyYkJnNGtxb3QwbGsiLCJfX2NoYW5uZWxzX25leHRfb3JkZXIiOjN9	2017-11-14 10:40:37.034133+00
chn55e047f2d41f91eb137d840e0495f	MDg0NjhkYjlmMTQyMmI3ODJmM2M3MjI0MjlmN2QwZDdhYjljMTYyYzp7InVzZXJuYW1lIjoiV3d1OU95NFJpZGJ2TE1KS3Q2YTBvdjJYbjJnaW1IbG4iLCJfX2NoYW5uZWxzX25leHRfb3JkZXIiOjh9	2017-11-13 13:43:46.600313+00
chn4efa594640a6d684ef105d29eac0e	ODIzM2Y2YmNmZGNhNDZhODBiZDE0YjAyYTg1ZThjZTA5YmVjODg2Mjp7InVzZXJuYW1lIjoidUtmakxqSG5RREFDY1VtUWFkVmJEWU5pUjZJbXFtV3ciLCJfX2NoYW5uZWxzX25leHRfb3JkZXIiOjR9	2017-11-13 15:56:11.218787+00
612f11ikxtyhma8qzbnwxix63skuq3o3	M2M0MzU4ZTY1N2U5YzNlMGRlYWMzM2UwODE0ODdjMmE5MzJlNWIwNTp7Il9hdXRoX3VzZXJfaWQiOiI0IiwiX2F1dGhfdXNlcl9iYWNrZW5kIjoiZGphbmdvLmNvbnRyaWIuYXV0aC5iYWNrZW5kcy5Nb2RlbEJhY2tlbmQiLCJfYXV0aF91c2VyX2hhc2giOiI4MzdkN2JmYjAyODc4ZjZhNTI5ZThlNTNjN2E5MzFlNmQ3Mjg5ZWU4In0=	2017-11-14 14:19:41.672798+00
chn04d531c7a105889a8b897f9559031	MWZhY2Y2M2ZmM2NlYjA2MDBjMGUwNTIxYjg0Y2YyOTVkN2E5OGVmNTp7InVzZXJuYW1lIjoiVkdJNnBETDBjaDdhRUFwQk9rWnUyZ0ZyQUk5MWpVNFEiLCJfX2NoYW5uZWxzX25leHRfb3JkZXIiOjN9	2017-11-13 18:39:53.876215+00
chn8acf8b47c53e8df0eafac292fca9a	N2NhZTIzOTBjOTJmYTU3OGUxN2NmNDIyZjE3NDk2ZDJmMzFmOTllNjp7InVzZXJuYW1lIjoiNzNmUTBneGNSUTlVZGFNaXF1Tmtvc1ZTUzdVZzJTaHQiLCJfX2NoYW5uZWxzX25leHRfb3JkZXIiOjh9	2017-11-17 07:50:13.009849+00
chndc060237665bfcf506295836697f2	NGM4NmZiMzYxNmI2NjA0ZWI2NmFlODhhMTJjZWVlNzM0MmQ4ZjQyZTp7InVzZXJuYW1lIjoiWjFJVEg4VzYzbnlRb3ppbWM5TEtIRHhVbUtSOXJEUzUiLCJfX2NoYW5uZWxzX25leHRfb3JkZXIiOjN9	2017-11-13 18:44:02.519575+00
chn9d6ffa349320f08b8ccfbe8fd36cb	ZTQ4NWJmYjU0YzE2ZjA3ODdlMjQyYWIyN2I5YmJlMGQzNWQ5Y2NkNzp7InVzZXJuYW1lIjoicHVqcFBscTdqb1NZVG1EeTRSM203bHNjYUxENzBWV1IiLCJfX2NoYW5uZWxzX25leHRfb3JkZXIiOjN9	2017-11-14 18:34:13.335079+00
chnd1a7e1b1af447e9240f1c2f162fda	MjkwMmY2MjgwMzk0OGJkOGMzMjIyOTg4ZTI5NWZlYTFhOGYyZjAyNDp7InVzZXJuYW1lIjoiSzNyRTJGM1d4bDFlRzFZSjhTcVkyZjdGT3RQcldGVk4iLCJfX2NoYW5uZWxzX25leHRfb3JkZXIiOjN9	2017-11-13 18:44:11.778418+00
chnc327943711bda8f727c3ae086683c	MzIwNDdmNDIwZjU2YjljYmFmZjAyMjUzOWE4YWYwOGE4MDI4YTdmYTp7InVzZXJuYW1lIjoibkdKUHU4UmxqeUdJSlJZOXlEeU1jSW9MY2prNFY5TXMiLCJfX2NoYW5uZWxzX25leHRfb3JkZXIiOjN9	2017-11-15 09:03:06.59635+00
chn11114652721cabf1410bd7f9f54f3	ZTI0YTEyODU5YjU3OGMyNTZjMGM2NGFiYmNlYTUxMjI4YzcyM2E1Zjp7InVzZXJuYW1lIjoiNzU0c2RpWUlTVkRpS3drVmxvemNoZUt2RXJWbUliOEciLCJfX2NoYW5uZWxzX25leHRfb3JkZXIiOjN9	2017-11-13 18:45:44.735089+00
chnb25cec94467a71b86a2acfc7eb0c4	MTU5ZTE3MTgyODQzYTcwN2MyMDg1NTI3ZDg2NTBmYzRiZTM5MDYwYTp7InVzZXJuYW1lIjoiYkh0OEtJVU9GT1BoYnhFZHQ1UU5INWE3Q2pNZDFoU0giLCJfX2NoYW5uZWxzX25leHRfb3JkZXIiOjN9	2017-11-13 18:48:09.551822+00
chnd61161850af86f71f047fc7740d48	YzZhNDhiOWQ1MmExYzhlNTRmZjM3NmEwMGQ5YTRlMjRkYjE1M2NjMzp7InVzZXJuYW1lIjoiZDRGbk9BMUtFS2xIUExNQURyWEdPdWFjS2NHazRSWkEiLCJfX2NoYW5uZWxzX25leHRfb3JkZXIiOjN9	2017-11-13 18:49:13.884415+00
chn6a5934bde1dcc990325d212476432	NTk0YjVjODhlM2FmN2JkMGNhMDkyNzY0MGI4OGIyNmI5NDJmNTM3ZTp7Il9fY2hhbm5lbHNfbmV4dF9vcmRlciI6Njh9	2017-11-10 17:38:17.331991+00
chn33a555762010ebfff64c4fda9ab00	ZjYwNDlkNjlhYWQyMmM1YTY3OWExMTA2ZThkYjJiN2QzNTRjNjNlNDp7InVzZXJuYW1lIjoiZVF4UzFVYVoyTTM0bFZaakxVMkFOWHY4ZWtNeXhiUnYiLCJfX2NoYW5uZWxzX25leHRfb3JkZXIiOjJ9	2017-11-10 17:43:11.671427+00
chnf139e453d2e3a55f875abfcb68753	NGQxMzI3ZWE4ZWRkZWEyMGRlNTI5Y2ViN2ZjZjQyMjc5Y2QyY2IzNjp7InVzZXJuYW1lIjoiblZxTHNZY3lJcTRQa1JpRENxTzhOZUpxRjRMZ1hUdW8iLCJfX2NoYW5uZWxzX25leHRfb3JkZXIiOjN9	2017-11-10 18:05:12.955159+00
chn18e9cf33657c5a62f6079c7e75738	MDJjZjdiYTk5YjdhM2EzOTg0MDIxMGM5N2I5OGVlM2M0NGFmNDk2Mjp7InVzZXJuYW1lIjoiSGh0WmU3NzN0U3hDUTVSM2VPazFUeFpHU2thUGFNM0wiLCJfX2NoYW5uZWxzX25leHRfb3JkZXIiOjQyfQ==	2017-11-11 13:50:16.045167+00
chna215077afa8e05cda1862b03ed7a5	YTI3NzAwMmE3YWNiMDhhZWZmNWU3NjY4MWJjM2MyNWJkYTRmN2Y4Yzp7InVzZXJuYW1lIjoibU8yTm1wcWg0dGFDU1ZpM25sWW5BaWZPd3h2WVRhVGoiLCJfX2NoYW5uZWxzX25leHRfb3JkZXIiOjN9	2017-11-14 12:10:32.999501+00
0b995831vf0wysngjho1x8y12vkmu1ri	YzJhY2Y3NzM0YTUwYWRjNDdiNjAwMmJmYWQ3NTBjOWQ2MTZkYWMwNjp7Il9hdXRoX3VzZXJfaWQiOiIxIiwiX2F1dGhfdXNlcl9iYWNrZW5kIjoiZGphbmdvLmNvbnRyaWIuYXV0aC5iYWNrZW5kcy5Nb2RlbEJhY2tlbmQiLCJfYXV0aF91c2VyX2hhc2giOiI2MDBlNjE1NTRlNjk3YTMyYTAyMjdkZjA3YjM0MzdjYjJkNzc2MzRiIn0=	2017-11-07 07:38:55.160304+00
chnf3acd7eda45bd1649a05fa1c497bd	ZTA0MjhjOWYzYmU3Zjc0ZDUxZDg0YWU4OGY3YjlmNDhhMzc1OWM0Nzp7InVzZXJuYW1lIjoiOTNJeXN5Wk45ZzVUZjNWZmJiVTBGQVQ2TDRQV3JNSTQiLCJfX2NoYW5uZWxzX25leHRfb3JkZXIiOjN9	2017-11-17 12:55:11.135759+00
chn4321270e35151da260c2a636643ce	YWM5Y2NhZjllYjk0ODg5MmE0NGJkOGQ2NjJjYTBhODc4MjhlMTM1ZTp7InVzZXJuYW1lIjoiejB6MzFsT2M2ZlpkN1A1bjJPWHFBM0paTVdGOVpiZG0iLCJfX2NoYW5uZWxzX25leHRfb3JkZXIiOjV9	2017-11-13 05:39:03.824762+00
chnab248ca711709cd4303417d0ed1fb	ZTc5NmUxMWUwZjc1NmIxMDVkNGMxMjg5ODIxYTdhYjc5OTk1MjIzODp7Il9fY2hhbm5lbHNfbmV4dF9vcmRlciI6NX0=	2017-11-10 17:39:48.037675+00
chn4dfd268cfbc3b8f3b9fe8ccc0dc08	ZWFmZDZjM2E5ZTBiMjE5NmM3MjA0M2YxNWQ2MDBhMTQ2ZjRmNzZiNzp7InVzZXJuYW1lIjoia3lySWRKd3RVSTNSdkRKQWxJMGpaQWZGcW8xR0tKSHciLCJfX2NoYW5uZWxzX25leHRfb3JkZXIiOjV9	2017-11-14 12:38:59.695106+00
chn7c936e943ecf3a7b0e4d6d596e977	OTNlM2RmNDViMGI4YTYyNDUxMWUwZDNiNTQ3NWZkZWMxYjA3ZWQzODp7InVzZXJuYW1lIjoiQjRGQmlqYmw4ZEEzMHJXU1gydWhaWWNqZU1tSGxRV20iLCJfX2NoYW5uZWxzX25leHRfb3JkZXIiOjZ9	2017-11-13 13:40:16.766241+00
chn9e17c4c03a1aae8748de14e0c5130	YzdhZTEzOTdjZGY0NTRiZWQ3MzM4MTVmYWNhY2RlYmY3ZDQwNjZmNzp7InVzZXJuYW1lIjoiTDFmYjJ0eFFzVWpsSUE4VXloeGdzZ05pS01QWVkyS2siLCJfX2NoYW5uZWxzX25leHRfb3JkZXIiOjd9	2017-11-10 17:45:04.841437+00
chn4c76906edfa13bf4052427d0c9b7c	ZWE4OTI5ZmNhYTMxMjc3OTRkMjU0ZGFmMDIzYWJkMGEyODEzOWMxZTp7InVzZXJuYW1lIjoicDZCU3VLM2QwYTFENTZ5Z1BiWFRvSFMxcDZMOWhrUGsiLCJfX2NoYW5uZWxzX25leHRfb3JkZXIiOjZ9	2017-11-14 12:52:37.479821+00
chnb0420637e1a4185ba855b5806ce5d	YTNmYWJkNzE2NjAwOTVhMGQwZWM4MDhkZGZiOGZiZTYxNjRjOTk0Mzp7InVzZXJuYW1lIjoiUkYyMk9BSG16OXBQRFp4cDJDZ015akZlb2wxS0piSnIiLCJfX2NoYW5uZWxzX25leHRfb3JkZXIiOjN9	2017-11-10 18:07:04.719784+00
chnbcb30c88c6384d10656d1a2634ec2	M2IxNzhkMTgyNTBhYjdlMDg5NmFlMWY0ODU4ZDNhOWZmYjhhYTIwOTp7InVzZXJuYW1lIjoicXRkNFp1RVVKOVhyNDl4VU1ST3pwYlp1WGpycmpsUnYiLCJfX2NoYW5uZWxzX25leHRfb3JkZXIiOjN9	2017-11-13 17:48:39.045471+00
chn94d04a136112d5f4a1ae72cf1dfbb	ZTg5YTk1NzYxZTcxOTIxNWY2NDcxM2UwZmExYWE0MjliMWJlOWQ0YTp7InVzZXJuYW1lIjoiaG5GRzdHVEVxbHVaV3JtRHZMbjljRWhvRjVoaUx3aXMiLCJfX2NoYW5uZWxzX25leHRfb3JkZXIiOjJ9	2017-11-11 13:57:52.322079+00
swjq0f7y4q4mus6fa3rh9qp62tdpbwsb	YzJhY2Y3NzM0YTUwYWRjNDdiNjAwMmJmYWQ3NTBjOWQ2MTZkYWMwNjp7Il9hdXRoX3VzZXJfaWQiOiIxIiwiX2F1dGhfdXNlcl9iYWNrZW5kIjoiZGphbmdvLmNvbnRyaWIuYXV0aC5iYWNrZW5kcy5Nb2RlbEJhY2tlbmQiLCJfYXV0aF91c2VyX2hhc2giOiI2MDBlNjE1NTRlNjk3YTMyYTAyMjdkZjA3YjM0MzdjYjJkNzc2MzRiIn0=	2017-11-14 14:20:34.076355+00
chn32dc5dafe79c575d1ff402693daa8	ODg3YTcwYjBmOTExYjQ5MWY5MDU3ODU2ZjQ0YWU5M2IyNzRhMjIzNjp7InVzZXJuYW1lIjoiVEY2TmlhenZ6QmxaOVRKRmh2c0VXRUlkb0xTM1JOWmgiLCJfX2NoYW5uZWxzX25leHRfb3JkZXIiOjN9	2017-11-13 18:40:28.165527+00
yb4mae45rtizk90j0xatmho2zo0shz82	YzJhY2Y3NzM0YTUwYWRjNDdiNjAwMmJmYWQ3NTBjOWQ2MTZkYWMwNjp7Il9hdXRoX3VzZXJfaWQiOiIxIiwiX2F1dGhfdXNlcl9iYWNrZW5kIjoiZGphbmdvLmNvbnRyaWIuYXV0aC5iYWNrZW5kcy5Nb2RlbEJhY2tlbmQiLCJfYXV0aF91c2VyX2hhc2giOiI2MDBlNjE1NTRlNjk3YTMyYTAyMjdkZjA3YjM0MzdjYjJkNzc2MzRiIn0=	2017-11-14 15:12:51.84875+00
chnb7bac34aae37a10ef9b705fe95467	N2Q4MmQ2Y2MyMmZjYTJkY2E5MmUwODNkNGQ1YjY2ODExNmU0ODA0Yjp7InVzZXJuYW1lIjoienhDcjNMSHNZMEZWQ0dPcW5xZkRvRU1DOHFrUExPS2EiLCJfX2NoYW5uZWxzX25leHRfb3JkZXIiOjN9	2017-11-13 18:43:35.079076+00
chn7375df814dc55e1ed6c3e8f8a4eb8	ODI2OTY1MTMzYTA0ZDAxNDczNTBjYzU4NWRkMGIxZWVlY2RlNTM4MDp7InVzZXJuYW1lIjoiRDhPUURyQlZRenpMS3ZJbVJtakdESVpodDlKejJDNHciLCJfX2NoYW5uZWxzX25leHRfb3JkZXIiOjR9	2017-11-14 18:33:13.265625+00
chnce7d0caebcdb51653ed45747328ad	ZjFhNDhkZTBiNTRjZmE2MWI3YTEyNzgyZjNiYTBiM2U1MjE4ZDZmMTp7InVzZXJuYW1lIjoiY0s4MDRURktYU0JUZmFtUkVMcmNOZ3dDZ3pFYnlXYjkiLCJfX2NoYW5uZWxzX25leHRfb3JkZXIiOjN9	2017-11-13 18:44:16.671587+00
chn2db6012404b2127961002b5412772	ZDRmOTQ1OWRhOGJhNTljZWY5OGEwNzc1NTEyYWQyYTQxNGM2NWU4NTp7InVzZXJuYW1lIjoiSzRJSHJqcUdHUU1paTY5TVVPZk9zSnJTSmJBWFJMMWUiLCJfX2NoYW5uZWxzX25leHRfb3JkZXIiOjN9	2017-11-13 18:45:49.474241+00
chn9f815b3c6d730d32c3964b8fc0f02	MGMxMDk3OTA2MTUxZjM4ZmFiODgyZDkzNDVjNWE1N2UyYTM5MWQyODp7InVzZXJuYW1lIjoieEljVGJmdDF5ZnBqY21oek1vNnF2M0tRR1dMMFYycW8iLCJfX2NoYW5uZWxzX25leHRfb3JkZXIiOjR9	2017-11-15 09:04:31.775832+00
chnd024cd3a31489e9ec5002a2c51aaa	YWMwMjM1NGY5ODViYzYwZTIwMWI3NjU1NjlhY2MzOGNiMzM0YWY5YTp7InVzZXJuYW1lIjoiZklablpyZlFPSnFPQWhGdEpQU2lIaW94RVBpUjE3aDkiLCJfX2NoYW5uZWxzX25leHRfb3JkZXIiOjN9	2017-11-13 18:48:23.809587+00
chne1e2fcb0fd5eded8b8f6fdbe5d5f5	MTMyNTBkOWRlZDViYjg3NWJjZTZjNWFjMTJjMjQxOGI2MTFhNDhkYTp7InVzZXJuYW1lIjoibUN0aWgzMkVuTGZYSndTQWNIN0FtdUdqVUN1MGR3TkciLCJfX2NoYW5uZWxzX25leHRfb3JkZXIiOjN9	2017-11-13 18:52:41.137765+00
chn6bf08c11217a1e5d1900eab5aa4f1	YzY2YWEwNzg5NWJjZjNlYjYwN2RlNTc5OWQ5ZTk1ZmI2MTMxYzkxZTp7InVzZXJuYW1lIjoiS0JmT3hpZFo1TjhqQWRGR2c5QlhCak01RFl5dkdqQUwiLCJfX2NoYW5uZWxzX25leHRfb3JkZXIiOjIzMn0=	2017-11-16 12:56:54.012156+00
chna892221672abdf9abc0a6e66dea6f	NjBhYjMzZDdlMTYxMzExN2JlMTZmNTdlNDc2ZDg5YjYwNDE5YzUyYzp7InVzZXJuYW1lIjoidHVDVUNQMW80RVZIYXQ4MlZnOUdpRjZJaXRQTUp2eTMiLCJfX2NoYW5uZWxzX25leHRfb3JkZXIiOjd9	2017-11-17 05:44:40.390972+00
chnadfa5bbc286d1f500bab69a2c5968	NWZiMDk2ZjE1YTVhMjcyZGE4ODQ4ZDE0YzkxODFkOTY0ZDkwODU5Yjp7Il9fY2hhbm5lbHNfbmV4dF9vcmRlciI6M30=	2017-10-30 17:58:51.010178+00
chn47a8ce4f08f816d00e8e871a4fb67	ZGY0MzFiOGRjOWVlNjUyOGYxMDQ1ZTMyYmQwNzBlYTg5ZTRlYmNjZTp7InVzZXJuYW1lIjoiV3RoYUFiMmp6NTdoWjJhWDZjeEVNYXc2YVZmUUVHRkgiLCJfX2NoYW5uZWxzX25leHRfb3JkZXIiOjN9	2017-11-13 06:21:31.157711+00
chn6eef120f3b3015aa922ae96d61266	MTBjMzc1Yzg5ZDliYTRiNGRmMjRkODJmNmY5YWVkNzI5N2VkNmMxNTp7InVzZXJuYW1lIjoiek8zSDd2eGZ1VFZTVWRJSnFpQmFzTVBlTE83aTZocjUiLCJfX2NoYW5uZWxzX25leHRfb3JkZXIiOjN9	2017-11-14 12:39:10.1785+00
chn139d73f14b7925b4c9c8aaa349bfd	N2UzOGQ5NWUzYzI3OTA1MTk0ZTMyODdjMDdhNWVmYTUzZWI5MTA0Njp7Il9fY2hhbm5lbHNfbmV4dF9vcmRlciI6OX0=	2017-10-28 08:53:49.120236+00
chnd6fd6b6f1b7852e350dac12d27709	M2YzZjk2N2NmMmMxNTgyY2YwNTE3ZjhhYTAyN2EyNjlhOGEwYzA2MTp7Il9fY2hhbm5lbHNfbmV4dF9vcmRlciI6N30=	2017-11-10 14:32:13.712652+00
chn802111c84f8931c72e1be07d105a9	ZDU3ZWU3ZjdkYzQ2MDVhZTJjMmY2NjBlNWRjMjk1ZDA0MzYxZWIwZjp7InVzZXJuYW1lIjoiZThNRFhCS1p2UkhSNFVHY3BIRjdRWHhpdWRhYVJ4TXYiLCJfX2NoYW5uZWxzX25leHRfb3JkZXIiOjJ9	2017-11-10 17:42:33.251207+00
chn791b08b6ffdd8c086795b2340f46a	NTRmNThlMjRhYmIzMDJjMDZlZDE1NDlmZmEwNjQxNzlhNjgwMjg4ZTp7InVzZXJuYW1lIjoiamExaERSWlJhb1Q1N21MZnM4bE44aTlDZlo5Uld6ZlUiLCJfX2NoYW5uZWxzX25leHRfb3JkZXIiOjV9	2017-11-13 13:44:08.20181+00
chn31b972454dd0dc6ab71960e8763bb	YjBjY2EyY2MyY2IxNTY3MzljZjUwZjNhYTIwYjgzODMwYTJkZjQ1NTp7InVzZXJuYW1lIjoiMDF5d1hvZGVUbk40bE5oYWwyR2pERFlsa0YyOGxCam0iLCJfX2NoYW5uZWxzX25leHRfb3JkZXIiOjN9	2017-11-13 18:28:42.4663+00
chn72d729cab8047d21ad5ff818fab08	OTdlYjkzZTA3ZjllMjM3ZmE3NGU1MzY5Njg2ZDNmMjczMzdjYmQ1MTp7InVzZXJuYW1lIjoiTWhNQTk1S3lGN3c3aTdJZkVVaDFoSFlEbExxemhRVTQiLCJfX2NoYW5uZWxzX25leHRfb3JkZXIiOjZ9	2017-11-10 17:45:26.47751+00
chn7d3862c2fa1c7979c18347435cddc	NzRlZDc2ZWI5YTU2ZjlhMDE2OWY2MTRjNTc3MjAzMTZmMzY5ZWU3NTp7Il9fY2hhbm5lbHNfbmV4dF9vcmRlciI6MTR9	2017-10-30 11:59:50.011016+00
chnd93892fc96259fadcc79676296b7d	MGQxODI4NDE0N2I4ZDg5ZjBjZmFmMjJlZGVkNjI1ZTM1OTg0MmIzYzp7InVzZXJuYW1lIjoiankwZnQ2ektWM2dTb2RGYlE5b2pyVktFemJ4TURmMUMiLCJfX2NoYW5uZWxzX25leHRfb3JkZXIiOjEyfQ==	2017-11-16 16:11:33.254551+00
chnb4f95e63fe56532e4140f85b0f9ef	NWZiMDk2ZjE1YTVhMjcyZGE4ODQ4ZDE0YzkxODFkOTY0ZDkwODU5Yjp7Il9fY2hhbm5lbHNfbmV4dF9vcmRlciI6M30=	2017-10-30 12:13:24.010723+00
chn6190aec7134d7cc82327bf11455c2	YzdjNWZhZjdkYjVlY2IwNWI0NmJlNDE1ZDEyZDFiYTVjYjg4Y2NhMDp7InVzZXJuYW1lIjoiNjFLOWdLdTU0M1JjVkNzT2w5RHFwNkpQd0dMTFhlZWwiLCJfX2NoYW5uZWxzX25leHRfb3JkZXIiOjN9	2017-11-13 18:41:01.171189+00
chn7b5bf65fb6cc279991e469555ddd3	NWZiMDk2ZjE1YTVhMjcyZGE4ODQ4ZDE0YzkxODFkOTY0ZDkwODU5Yjp7Il9fY2hhbm5lbHNfbmV4dF9vcmRlciI6M30=	2017-10-30 12:22:08.010165+00
chn84086ef87bcb26c2337b8c893efd1	MmJlNGZjZmJhMDljOGE0YzEzOTYzMDA1NGI3NjE0MDRmNjdiOTExYjp7InVzZXJuYW1lIjoiYTBNTGdIQnFnNjFnR3BmeExhR0NWQmR4REtZMGdwRFciLCJfX2NoYW5uZWxzX25leHRfb3JkZXIiOjN9	2017-11-10 19:06:04.762884+00
chncc08d34170f916cb4dc81efd76b6b	MzZhNDUyOTM4N2YzNmNmOGRhODM0YzBhNjAwZmIxZGE5ZTY1YWRmMjp7InVzZXJuYW1lIjoibkdDUnhGNHBWQm5LTHhkVnBNZkJ5Zng2YkdseGttTGkiLCJfX2NoYW5uZWxzX25leHRfb3JkZXIiOjN9	2017-11-13 18:43:50.747167+00
chnb88eb86958111d4d812f043837caf	MzI5ZGZhNTM1OWM4NzI0NDhiYmM3ODlmOWE5NzcxYzQzMmI0NzUzYjp7InVzZXJuYW1lIjoidnlCZzJ6V0dGc3VqRlFqR1RYVkZEVGZMTUc4MFcwbnEiLCJfX2NoYW5uZWxzX25leHRfb3JkZXIiOjN9	2017-11-11 21:03:12.310203+00
chn48fc144bb79c87a9c342e662b4e87	MzBlYTY1MGE5ZTZkNmQyZDc3YjJhNGI0YWQxOTg4OGUxZmQ5YTM5NDp7InVzZXJuYW1lIjoiVzBtbVpaYTY3V1B2U3lJYUVIb0I3NUFKVm9rZ2JjcngiLCJfX2NoYW5uZWxzX25leHRfb3JkZXIiOjE1fQ==	2017-11-14 13:07:19.212238+00
chn0799a3a6b319ea01a6b48b190dd65	MzdlYmRmNmQ4NzY1MTdiYWVkNmFjMzFmYmU1MGI0YWYzNjJjMjI4MTp7InVzZXJuYW1lIjoiRE43UXVSQnNNSzRUWkNmT1dXZHBVT0dzMUVyVVdKVVAiLCJfX2NoYW5uZWxzX25leHRfb3JkZXIiOjN9	2017-11-13 18:45:18.854412+00
chncfc1f5baf78ada7892af9098d8c08	ZTU1ZGY0ZTFkNzEyMjg4ODM2OTJlOTQyNzNjMWQ1M2ViMTMyYzFjNjp7InVzZXJuYW1lIjoiZUNIck1wZ2FwV3JPbzJWZURqNjVjaW9CUVBYVnhFSmMiLCJfX2NoYW5uZWxzX25leHRfb3JkZXIiOjN9	2017-11-13 18:46:54.942957+00
chn6a82a47f3c3dbaa5b5d8b15fd0744	ZGUxMTFmNjUwMmQ2YmUyMGRhNDgwN2EwMjk2MWU0ZjU5MzgzODhhZTp7InVzZXJuYW1lIjoiQWdEZVpWWUgyUzJTV3l6TE9ZY2ZTR0Mwa2hKMzhDS1EiLCJfX2NoYW5uZWxzX25leHRfb3JkZXIiOjN9	2017-11-13 18:48:29.617416+00
chn30b4bc469ea6258df24e20e094f92	NWUxYjY3YjQyYWZhNGFkYTM3NmFkZWU5NDY3NmQyYjU2ODllNDQ1ODp7InVzZXJuYW1lIjoiUmlNZFVyTjRVazZ2bUlqTXZMMlJJbm82cFA3S2FJbWkiLCJfX2NoYW5uZWxzX25leHRfb3JkZXIiOjN9	2017-11-13 18:53:36.975986+00
chnf8a6446aac8f51f0831e721577ff4	ZmQ3MGUyMGYyNzFhZGM4MGIyMjQ1YzAxOWM0YWNiODczMWYzNTYwNDp7InVzZXJuYW1lIjoiY2NRZzgyZUhXMXJ4NnZ6dmpDRDlrczZtV1NyQ2hFekciLCJfX2NoYW5uZWxzX25leHRfb3JkZXIiOjExfQ==	2017-11-14 18:20:04.276082+00
chn0b2955a8c81a81ea93cb273242baf	Njk5NzdhZmQ5Yjk0YzM5NzNkYzgwN2RjYTk1MTI4MWI0NDY1MTY4YTp7InVzZXJuYW1lIjoielZkQktVbVNVekxWYWsxSVRHeFBRTlRGWFlTMXA3WVMiLCJfX2NoYW5uZWxzX25leHRfb3JkZXIiOjd9	2017-11-14 07:27:11.442777+00
chn9426f7fe885cb215680569790e8b1	OTBkMzljMGQ5YWQ1MjcwZTEwMDc3ZGZkZWU4MDc4ZWRmZTZkY2FiMjp7InVzZXJuYW1lIjoiQjhuREoyeDY2T0FneTIwUmI3c01ad21PcXJaSUx0cE0iLCJfX2NoYW5uZWxzX25leHRfb3JkZXIiOjR9	2017-11-14 18:33:57.780269+00
chn96221df4455933a1d4e9bfa73f12e	MGU3MmZlYWRhMjY1MzRmODkwMzdkZGZmYTFmZmZkYzZhZDQ1MjEzZTp7InVzZXJuYW1lIjoic3JpWkQwMWswZjl4UGV2b0RHUmFseHNNVVI2Vll0djciLCJfX2NoYW5uZWxzX25leHRfb3JkZXIiOjQwfQ==	2017-11-17 12:55:11.129541+00
\.


--
-- Data for Name: products_category; Type: TABLE DATA; Schema: public; Owner: nobel
--

COPY products_category (id, category, count) FROM stdin;
1	Sunglasses	0
2	Smartphones	0
3	TV	0
4	Shoes-Men	0
\.


--
-- Data for Name: products_product; Type: TABLE DATA; Schema: public; Owner: nobel
--

COPY products_product (id, name, slug, company, description, price, added_date, available_quantity, image, size_id, category_id) FROM stdin;
4	3D TV	1hC8XGuUT68e	Sony	50 Inch TV. Lorem ipsum dolor sit amet, consectetuer adipiscing elit. Aenean commodo ligula eget dolor. Aenean massa. Cum sociis natoque penatibus et magnis dis parturient montes, nascetur ridiculus mus. Donec quam felis, ultricies nec, pellentesque eu, pretium quis, sem. Nulla consequat massa quis enim. Donec.	66000	2017-06-29 07:13:02.141549+00	23	product_images/sony_KDL-50W800C_3D.jpg	\N	3
5	All Star Snickers	l0VdKk8Zbwe8	Converse	Lorem ipsum dolor sit amet, consectetuer adipiscing elit. Aenean commodo ligula eget dolor. Aenean massa. Cum sociis natoque penatibus et magnis dis parturient montes, nascetur ridiculus mus. Donec quam felis, ultricies nec, pellentesque eu, pretium quis, sem. Nulla consequat massa quis enim. Donec.	1200	2017-06-29 07:16:41.521791+00	7	product_images/converse_all_star_shoe.jpg	\N	4
3	iPhone 7 Plus	9ObMLAjDU1vj	Apple	Lorem ipsum dolor sit amet, consectetuer adipiscing elit. Aenean commodo ligula eget dolor. Aenean massa. Cum sociis natoque penatibus et magnis dis parturient montes, nascetur ridiculus mus. Donec quam felis, ultricies nec, pellentesque eu, pretium quis, sem. Nulla consequat massa quis enim. Donec.	76000	2017-06-29 07:11:14.653798+00	3	product_images/i7plus.jpg	\N	2
2	Silver Sunglass	1H77ND0RX6Fo	Ray-Ban	Sed ut perspiciatis unde omnis iste natus error sit voluptatem accusantium doloremque laudantium, totam rem aperiam, eaque ipsa quae ab illo inventore veritatis et quasi architecto beatae vitae dicta sunt explicabo. Nemo enim ipsam voluptatem quia voluptas sit aspernatur aut odit aut fugit, sed quia	2500	2017-06-29 07:01:52.638181+00	12	product_images/silver-sunglass.jpg	\N	1
1	Black Sunglass	XjHPxMjTHNIe	Ray-Ban	Lorem ipsum dolor sit amet, consectetuer adipiscing elit. Aenean commodo ligula eget dolor. Aenean massa. Cum sociis natoque penatibus et magnis dis parturient montes, nascetur ridiculus mus. Donec quam felis, ultricies nec, pellentesque eu, pretium quis, sem. Nulla consequat massa quis enim. Donec.	1850	2017-06-29 07:01:52.630263+00	5	product_images/black-sunglass.jpg	\N	1
\.


--
-- Data for Name: products_productsize; Type: TABLE DATA; Schema: public; Owner: nobel
--

COPY products_productsize (id, size) FROM stdin;
\.


--
-- Name: auth_group_id_seq; Type: SEQUENCE SET; Schema: public; Owner: nobel
--

SELECT pg_catalog.setval('auth_group_id_seq', 1, true);


--
-- Name: auth_group_permissions_id_seq; Type: SEQUENCE SET; Schema: public; Owner: nobel
--

SELECT pg_catalog.setval('auth_group_permissions_id_seq', 21, true);


--
-- Name: auth_permission_id_seq; Type: SEQUENCE SET; Schema: public; Owner: nobel
--

SELECT pg_catalog.setval('auth_permission_id_seq', 63, true);


--
-- Name: auth_user_groups_id_seq; Type: SEQUENCE SET; Schema: public; Owner: nobel
--

SELECT pg_catalog.setval('auth_user_groups_id_seq', 2, true);


--
-- Name: auth_user_id_seq; Type: SEQUENCE SET; Schema: public; Owner: nobel
--

SELECT pg_catalog.setval('auth_user_id_seq', 4, true);


--
-- Name: auth_user_user_permissions_id_seq; Type: SEQUENCE SET; Schema: public; Owner: nobel
--

SELECT pg_catalog.setval('auth_user_user_permissions_id_seq', 1, false);


--
-- Name: chatbot_agent_id_seq; Type: SEQUENCE SET; Schema: public; Owner: nobel
--

SELECT pg_catalog.setval('chatbot_agent_id_seq', 2, true);


--
-- Name: chatbot_banglarequests_id_seq; Type: SEQUENCE SET; Schema: public; Owner: nobel
--

SELECT pg_catalog.setval('chatbot_banglarequests_id_seq', 532, true);


--
-- Name: chatbot_banglaresponses_id_seq; Type: SEQUENCE SET; Schema: public; Owner: nobel
--

SELECT pg_catalog.setval('chatbot_banglaresponses_id_seq', 141, true);


--
-- Name: chatbot_classtag_id_seq; Type: SEQUENCE SET; Schema: public; Owner: nobel
--

SELECT pg_catalog.setval('chatbot_classtag_id_seq', 239, true);


--
-- Name: chatbot_complaints_id_seq; Type: SEQUENCE SET; Schema: public; Owner: nobel
--

SELECT pg_catalog.setval('chatbot_complaints_id_seq', 116, true);


--
-- Name: chatbot_context_id_seq; Type: SEQUENCE SET; Schema: public; Owner: nobel
--

SELECT pg_catalog.setval('chatbot_context_id_seq', 150, true);


--
-- Name: chatbot_contextmethod_id_seq; Type: SEQUENCE SET; Schema: public; Owner: nobel
--

SELECT pg_catalog.setval('chatbot_contextmethod_id_seq', 2, true);


--
-- Name: chatbot_englishrequests_id_seq; Type: SEQUENCE SET; Schema: public; Owner: nobel
--

SELECT pg_catalog.setval('chatbot_englishrequests_id_seq', 539, true);


--
-- Name: chatbot_englishresponses_id_seq; Type: SEQUENCE SET; Schema: public; Owner: nobel
--

SELECT pg_catalog.setval('chatbot_englishresponses_id_seq', 157, true);


--
-- Name: chatbot_feedbacks_id_seq; Type: SEQUENCE SET; Schema: public; Owner: nobel
--

SELECT pg_catalog.setval('chatbot_feedbacks_id_seq', 11, true);


--
-- Name: django_admin_log_id_seq; Type: SEQUENCE SET; Schema: public; Owner: nobel
--

SELECT pg_catalog.setval('django_admin_log_id_seq', 22, true);


--
-- Name: django_content_type_id_seq; Type: SEQUENCE SET; Schema: public; Owner: nobel
--

SELECT pg_catalog.setval('django_content_type_id_seq', 20, true);


--
-- Name: django_migrations_id_seq; Type: SEQUENCE SET; Schema: public; Owner: nobel
--

SELECT pg_catalog.setval('django_migrations_id_seq', 35, true);


--
-- Name: products_categories_id_seq; Type: SEQUENCE SET; Schema: public; Owner: nobel
--

SELECT pg_catalog.setval('products_categories_id_seq', 4, true);


--
-- Name: products_product_id_seq; Type: SEQUENCE SET; Schema: public; Owner: nobel
--

SELECT pg_catalog.setval('products_product_id_seq', 5, true);


--
-- Name: products_productsize_id_seq; Type: SEQUENCE SET; Schema: public; Owner: nobel
--

SELECT pg_catalog.setval('products_productsize_id_seq', 1, false);


--
-- Name: auth_group auth_group_name_key; Type: CONSTRAINT; Schema: public; Owner: nobel
--

ALTER TABLE ONLY auth_group
    ADD CONSTRAINT auth_group_name_key UNIQUE (name);


--
-- Name: auth_group_permissions auth_group_permissions_group_id_permission_id_0cd325b0_uniq; Type: CONSTRAINT; Schema: public; Owner: nobel
--

ALTER TABLE ONLY auth_group_permissions
    ADD CONSTRAINT auth_group_permissions_group_id_permission_id_0cd325b0_uniq UNIQUE (group_id, permission_id);


--
-- Name: auth_group_permissions auth_group_permissions_pkey; Type: CONSTRAINT; Schema: public; Owner: nobel
--

ALTER TABLE ONLY auth_group_permissions
    ADD CONSTRAINT auth_group_permissions_pkey PRIMARY KEY (id);


--
-- Name: auth_group auth_group_pkey; Type: CONSTRAINT; Schema: public; Owner: nobel
--

ALTER TABLE ONLY auth_group
    ADD CONSTRAINT auth_group_pkey PRIMARY KEY (id);


--
-- Name: auth_permission auth_permission_content_type_id_01ab375a_uniq; Type: CONSTRAINT; Schema: public; Owner: nobel
--

ALTER TABLE ONLY auth_permission
    ADD CONSTRAINT auth_permission_content_type_id_01ab375a_uniq UNIQUE (content_type_id, codename);


--
-- Name: auth_permission auth_permission_content_type_id_codename_01ab375a_uniq; Type: CONSTRAINT; Schema: public; Owner: nobel
--

ALTER TABLE ONLY auth_permission
    ADD CONSTRAINT auth_permission_content_type_id_codename_01ab375a_uniq UNIQUE (content_type_id, codename);


--
-- Name: auth_permission auth_permission_pkey; Type: CONSTRAINT; Schema: public; Owner: nobel
--

ALTER TABLE ONLY auth_permission
    ADD CONSTRAINT auth_permission_pkey PRIMARY KEY (id);


--
-- Name: auth_user_groups auth_user_groups_pkey; Type: CONSTRAINT; Schema: public; Owner: nobel
--

ALTER TABLE ONLY auth_user_groups
    ADD CONSTRAINT auth_user_groups_pkey PRIMARY KEY (id);


--
-- Name: auth_user_groups auth_user_groups_user_id_group_id_94350c0c_uniq; Type: CONSTRAINT; Schema: public; Owner: nobel
--

ALTER TABLE ONLY auth_user_groups
    ADD CONSTRAINT auth_user_groups_user_id_group_id_94350c0c_uniq UNIQUE (user_id, group_id);


--
-- Name: auth_user auth_user_pkey; Type: CONSTRAINT; Schema: public; Owner: nobel
--

ALTER TABLE ONLY auth_user
    ADD CONSTRAINT auth_user_pkey PRIMARY KEY (id);


--
-- Name: auth_user_user_permissions auth_user_user_permissions_pkey; Type: CONSTRAINT; Schema: public; Owner: nobel
--

ALTER TABLE ONLY auth_user_user_permissions
    ADD CONSTRAINT auth_user_user_permissions_pkey PRIMARY KEY (id);


--
-- Name: auth_user_user_permissions auth_user_user_permissions_user_id_permission_id_14a6b632_uniq; Type: CONSTRAINT; Schema: public; Owner: nobel
--

ALTER TABLE ONLY auth_user_user_permissions
    ADD CONSTRAINT auth_user_user_permissions_user_id_permission_id_14a6b632_uniq UNIQUE (user_id, permission_id);


--
-- Name: auth_user auth_user_username_key; Type: CONSTRAINT; Schema: public; Owner: nobel
--

ALTER TABLE ONLY auth_user
    ADD CONSTRAINT auth_user_username_key UNIQUE (username);


--
-- Name: chatbot_agent chatbot_agent_name_key; Type: CONSTRAINT; Schema: public; Owner: nobel
--

ALTER TABLE ONLY chatbot_agent
    ADD CONSTRAINT chatbot_agent_name_key UNIQUE (name);


--
-- Name: chatbot_agent chatbot_agent_pkey; Type: CONSTRAINT; Schema: public; Owner: nobel
--

ALTER TABLE ONLY chatbot_agent
    ADD CONSTRAINT chatbot_agent_pkey PRIMARY KEY (id);


--
-- Name: chatbot_banglarequests chatbot_banglarequests_pkey; Type: CONSTRAINT; Schema: public; Owner: nobel
--

ALTER TABLE ONLY chatbot_banglarequests
    ADD CONSTRAINT chatbot_banglarequests_pkey PRIMARY KEY (id);


--
-- Name: chatbot_banglaresponses chatbot_banglaresponses_pkey; Type: CONSTRAINT; Schema: public; Owner: nobel
--

ALTER TABLE ONLY chatbot_banglaresponses
    ADD CONSTRAINT chatbot_banglaresponses_pkey PRIMARY KEY (id);


--
-- Name: chatbot_classtag chatbot_classtag_pkey; Type: CONSTRAINT; Schema: public; Owner: nobel
--

ALTER TABLE ONLY chatbot_classtag
    ADD CONSTRAINT chatbot_classtag_pkey PRIMARY KEY (id);


--
-- Name: chatbot_complaints chatbot_complaints_pkey; Type: CONSTRAINT; Schema: public; Owner: nobel
--

ALTER TABLE ONLY chatbot_complaints
    ADD CONSTRAINT chatbot_complaints_pkey PRIMARY KEY (id);


--
-- Name: chatbot_context chatbot_context_pkey; Type: CONSTRAINT; Schema: public; Owner: nobel
--

ALTER TABLE ONLY chatbot_context
    ADD CONSTRAINT chatbot_context_pkey PRIMARY KEY (id);


--
-- Name: chatbot_contextmethod chatbot_contextmethod_methodName_key; Type: CONSTRAINT; Schema: public; Owner: nobel
--

ALTER TABLE ONLY chatbot_contextmethod
    ADD CONSTRAINT "chatbot_contextmethod_methodName_key" UNIQUE ("methodName");


--
-- Name: chatbot_contextmethod chatbot_contextmethod_pkey; Type: CONSTRAINT; Schema: public; Owner: nobel
--

ALTER TABLE ONLY chatbot_contextmethod
    ADD CONSTRAINT chatbot_contextmethod_pkey PRIMARY KEY (id);


--
-- Name: chatbot_englishrequests chatbot_englishrequests_pkey; Type: CONSTRAINT; Schema: public; Owner: nobel
--

ALTER TABLE ONLY chatbot_englishrequests
    ADD CONSTRAINT chatbot_englishrequests_pkey PRIMARY KEY (id);


--
-- Name: chatbot_englishresponses chatbot_englishresponses_pkey; Type: CONSTRAINT; Schema: public; Owner: nobel
--

ALTER TABLE ONLY chatbot_englishresponses
    ADD CONSTRAINT chatbot_englishresponses_pkey PRIMARY KEY (id);


--
-- Name: chatbot_feedbacks chatbot_feedbacks_pkey; Type: CONSTRAINT; Schema: public; Owner: nobel
--

ALTER TABLE ONLY chatbot_feedbacks
    ADD CONSTRAINT chatbot_feedbacks_pkey PRIMARY KEY (id);


--
-- Name: django_admin_log django_admin_log_pkey; Type: CONSTRAINT; Schema: public; Owner: nobel
--

ALTER TABLE ONLY django_admin_log
    ADD CONSTRAINT django_admin_log_pkey PRIMARY KEY (id);


--
-- Name: django_content_type django_content_type_app_label_76bd3d3b_uniq; Type: CONSTRAINT; Schema: public; Owner: nobel
--

ALTER TABLE ONLY django_content_type
    ADD CONSTRAINT django_content_type_app_label_76bd3d3b_uniq UNIQUE (app_label, model);


--
-- Name: django_content_type django_content_type_app_label_model_76bd3d3b_uniq; Type: CONSTRAINT; Schema: public; Owner: nobel
--

ALTER TABLE ONLY django_content_type
    ADD CONSTRAINT django_content_type_app_label_model_76bd3d3b_uniq UNIQUE (app_label, model);


--
-- Name: django_content_type django_content_type_pkey; Type: CONSTRAINT; Schema: public; Owner: nobel
--

ALTER TABLE ONLY django_content_type
    ADD CONSTRAINT django_content_type_pkey PRIMARY KEY (id);


--
-- Name: django_migrations django_migrations_pkey; Type: CONSTRAINT; Schema: public; Owner: nobel
--

ALTER TABLE ONLY django_migrations
    ADD CONSTRAINT django_migrations_pkey PRIMARY KEY (id);


--
-- Name: django_session django_session_pkey; Type: CONSTRAINT; Schema: public; Owner: nobel
--

ALTER TABLE ONLY django_session
    ADD CONSTRAINT django_session_pkey PRIMARY KEY (session_key);


--
-- Name: products_category products_categories_pkey; Type: CONSTRAINT; Schema: public; Owner: nobel
--

ALTER TABLE ONLY products_category
    ADD CONSTRAINT products_categories_pkey PRIMARY KEY (id);


--
-- Name: products_product products_product_pkey; Type: CONSTRAINT; Schema: public; Owner: nobel
--

ALTER TABLE ONLY products_product
    ADD CONSTRAINT products_product_pkey PRIMARY KEY (id);


--
-- Name: products_product products_product_slug_key; Type: CONSTRAINT; Schema: public; Owner: nobel
--

ALTER TABLE ONLY products_product
    ADD CONSTRAINT products_product_slug_key UNIQUE (slug);


--
-- Name: products_productsize products_productsize_pkey; Type: CONSTRAINT; Schema: public; Owner: nobel
--

ALTER TABLE ONLY products_productsize
    ADD CONSTRAINT products_productsize_pkey PRIMARY KEY (id);


--
-- Name: auth_group_name_a6ea08ec_like; Type: INDEX; Schema: public; Owner: nobel
--

CREATE INDEX auth_group_name_a6ea08ec_like ON auth_group USING btree (name varchar_pattern_ops);


--
-- Name: auth_group_permissions_group_id_b120cbf9; Type: INDEX; Schema: public; Owner: nobel
--

CREATE INDEX auth_group_permissions_group_id_b120cbf9 ON auth_group_permissions USING btree (group_id);


--
-- Name: auth_group_permissions_permission_id_84c5c92e; Type: INDEX; Schema: public; Owner: nobel
--

CREATE INDEX auth_group_permissions_permission_id_84c5c92e ON auth_group_permissions USING btree (permission_id);


--
-- Name: auth_permission_417f1b1c; Type: INDEX; Schema: public; Owner: nobel
--

CREATE INDEX auth_permission_417f1b1c ON auth_permission USING btree (content_type_id);


--
-- Name: auth_permission_content_type_id_2f476e4b; Type: INDEX; Schema: public; Owner: nobel
--

CREATE INDEX auth_permission_content_type_id_2f476e4b ON auth_permission USING btree (content_type_id);


--
-- Name: auth_user_groups_group_id_97559544; Type: INDEX; Schema: public; Owner: nobel
--

CREATE INDEX auth_user_groups_group_id_97559544 ON auth_user_groups USING btree (group_id);


--
-- Name: auth_user_groups_user_id_6a12ed8b; Type: INDEX; Schema: public; Owner: nobel
--

CREATE INDEX auth_user_groups_user_id_6a12ed8b ON auth_user_groups USING btree (user_id);


--
-- Name: auth_user_user_permissions_permission_id_1fbb5f2c; Type: INDEX; Schema: public; Owner: nobel
--

CREATE INDEX auth_user_user_permissions_permission_id_1fbb5f2c ON auth_user_user_permissions USING btree (permission_id);


--
-- Name: auth_user_user_permissions_user_id_a95ead1b; Type: INDEX; Schema: public; Owner: nobel
--

CREATE INDEX auth_user_user_permissions_user_id_a95ead1b ON auth_user_user_permissions USING btree (user_id);


--
-- Name: auth_user_username_6821ab7c_like; Type: INDEX; Schema: public; Owner: nobel
--

CREATE INDEX auth_user_username_6821ab7c_like ON auth_user USING btree (username varchar_pattern_ops);


--
-- Name: chatbot_agent_name_23f8dc64_like; Type: INDEX; Schema: public; Owner: nobel
--

CREATE INDEX chatbot_agent_name_23f8dc64_like ON chatbot_agent USING btree (name varchar_pattern_ops);


--
-- Name: chatbot_banglarequests_request_95372532_like; Type: INDEX; Schema: public; Owner: nobel
--

CREATE INDEX chatbot_banglarequests_request_95372532_like ON chatbot_banglarequests USING btree ("requestMessage" varchar_pattern_ops);


--
-- Name: chatbot_banglarequests_tag_id_a74ab854; Type: INDEX; Schema: public; Owner: nobel
--

CREATE INDEX chatbot_banglarequests_tag_id_a74ab854 ON chatbot_banglarequests USING btree (tag_id);


--
-- Name: chatbot_banglaresponses_response_d783ec00_like; Type: INDEX; Schema: public; Owner: nobel
--

CREATE INDEX chatbot_banglaresponses_response_d783ec00_like ON chatbot_banglaresponses USING btree ("responseMessage" varchar_pattern_ops);


--
-- Name: chatbot_banglaresponses_tag_id_457bd932; Type: INDEX; Schema: public; Owner: nobel
--

CREATE INDEX chatbot_banglaresponses_tag_id_457bd932 ON chatbot_banglaresponses USING btree (tag_id);


--
-- Name: chatbot_classtag_agentId_id_6f7b76ab; Type: INDEX; Schema: public; Owner: nobel
--

CREATE INDEX "chatbot_classtag_agentId_id_6f7b76ab" ON chatbot_classtag USING btree ("agentId_id");


--
-- Name: chatbot_context_contextClass_id_79620312; Type: INDEX; Schema: public; Owner: nobel
--

CREATE INDEX "chatbot_context_contextClass_id_79620312" ON chatbot_context USING btree ("contextClass_id");


--
-- Name: chatbot_context_contextMethod_id_66aa6874; Type: INDEX; Schema: public; Owner: nobel
--

CREATE INDEX "chatbot_context_contextMethod_id_66aa6874" ON chatbot_context USING btree ("contextMethod_id");


--
-- Name: chatbot_context_contextParent_id_b3e1062b; Type: INDEX; Schema: public; Owner: nobel
--

CREATE INDEX "chatbot_context_contextParent_id_b3e1062b" ON chatbot_context USING btree ("contextParent_id");


--
-- Name: chatbot_contextmethod_methodName_378858a7_like; Type: INDEX; Schema: public; Owner: nobel
--

CREATE INDEX "chatbot_contextmethod_methodName_378858a7_like" ON chatbot_contextmethod USING btree ("methodName" varchar_pattern_ops);


--
-- Name: chatbot_englishrequests_request_53eeb0c6_like; Type: INDEX; Schema: public; Owner: nobel
--

CREATE INDEX chatbot_englishrequests_request_53eeb0c6_like ON chatbot_englishrequests USING btree ("requestMessage" varchar_pattern_ops);


--
-- Name: chatbot_englishrequests_tag_id_b3250014; Type: INDEX; Schema: public; Owner: nobel
--

CREATE INDEX chatbot_englishrequests_tag_id_b3250014 ON chatbot_englishrequests USING btree (tag_id);


--
-- Name: chatbot_englishresponses_response_0a6e8956_like; Type: INDEX; Schema: public; Owner: nobel
--

CREATE INDEX chatbot_englishresponses_response_0a6e8956_like ON chatbot_englishresponses USING btree ("responseMessage" varchar_pattern_ops);


--
-- Name: chatbot_englishresponses_tag_id_37899798; Type: INDEX; Schema: public; Owner: nobel
--

CREATE INDEX chatbot_englishresponses_tag_id_37899798 ON chatbot_englishresponses USING btree (tag_id);


--
-- Name: django_admin_log_content_type_id_c4bce8eb; Type: INDEX; Schema: public; Owner: nobel
--

CREATE INDEX django_admin_log_content_type_id_c4bce8eb ON django_admin_log USING btree (content_type_id);


--
-- Name: django_admin_log_user_id_c564eba6; Type: INDEX; Schema: public; Owner: nobel
--

CREATE INDEX django_admin_log_user_id_c564eba6 ON django_admin_log USING btree (user_id);


--
-- Name: django_session_expire_date_a5c62663; Type: INDEX; Schema: public; Owner: nobel
--

CREATE INDEX django_session_expire_date_a5c62663 ON django_session USING btree (expire_date);


--
-- Name: django_session_session_key_c0390e0f_like; Type: INDEX; Schema: public; Owner: nobel
--

CREATE INDEX django_session_session_key_c0390e0f_like ON django_session USING btree (session_key varchar_pattern_ops);


--
-- Name: products_product_category_id_9b594869; Type: INDEX; Schema: public; Owner: nobel
--

CREATE INDEX products_product_category_id_9b594869 ON products_product USING btree (category_id);


--
-- Name: products_product_size_id_24f71d67; Type: INDEX; Schema: public; Owner: nobel
--

CREATE INDEX products_product_size_id_24f71d67 ON products_product USING btree (size_id);


--
-- Name: products_product_slug_70d3148d_like; Type: INDEX; Schema: public; Owner: nobel
--

CREATE INDEX products_product_slug_70d3148d_like ON products_product USING btree (slug varchar_pattern_ops);


--
-- Name: auth_group_permissions auth_group_permissio_permission_id_84c5c92e_fk_auth_perm; Type: FK CONSTRAINT; Schema: public; Owner: nobel
--

ALTER TABLE ONLY auth_group_permissions
    ADD CONSTRAINT auth_group_permissio_permission_id_84c5c92e_fk_auth_perm FOREIGN KEY (permission_id) REFERENCES auth_permission(id) DEFERRABLE INITIALLY DEFERRED;


--
-- Name: auth_group_permissions auth_group_permissions_group_id_b120cbf9_fk_auth_group_id; Type: FK CONSTRAINT; Schema: public; Owner: nobel
--

ALTER TABLE ONLY auth_group_permissions
    ADD CONSTRAINT auth_group_permissions_group_id_b120cbf9_fk_auth_group_id FOREIGN KEY (group_id) REFERENCES auth_group(id) DEFERRABLE INITIALLY DEFERRED;


--
-- Name: auth_permission auth_permiss_content_type_id_2f476e4b_fk_django_content_type_id; Type: FK CONSTRAINT; Schema: public; Owner: nobel
--

ALTER TABLE ONLY auth_permission
    ADD CONSTRAINT auth_permiss_content_type_id_2f476e4b_fk_django_content_type_id FOREIGN KEY (content_type_id) REFERENCES django_content_type(id) DEFERRABLE INITIALLY DEFERRED;


--
-- Name: auth_permission auth_permission_content_type_id_2f476e4b_fk_django_co; Type: FK CONSTRAINT; Schema: public; Owner: nobel
--

ALTER TABLE ONLY auth_permission
    ADD CONSTRAINT auth_permission_content_type_id_2f476e4b_fk_django_co FOREIGN KEY (content_type_id) REFERENCES django_content_type(id) DEFERRABLE INITIALLY DEFERRED;


--
-- Name: auth_user_groups auth_user_groups_group_id_97559544_fk_auth_group_id; Type: FK CONSTRAINT; Schema: public; Owner: nobel
--

ALTER TABLE ONLY auth_user_groups
    ADD CONSTRAINT auth_user_groups_group_id_97559544_fk_auth_group_id FOREIGN KEY (group_id) REFERENCES auth_group(id) DEFERRABLE INITIALLY DEFERRED;


--
-- Name: auth_user_groups auth_user_groups_user_id_6a12ed8b_fk_auth_user_id; Type: FK CONSTRAINT; Schema: public; Owner: nobel
--

ALTER TABLE ONLY auth_user_groups
    ADD CONSTRAINT auth_user_groups_user_id_6a12ed8b_fk_auth_user_id FOREIGN KEY (user_id) REFERENCES auth_user(id) DEFERRABLE INITIALLY DEFERRED;


--
-- Name: auth_user_user_permissions auth_user_user_permi_permission_id_1fbb5f2c_fk_auth_perm; Type: FK CONSTRAINT; Schema: public; Owner: nobel
--

ALTER TABLE ONLY auth_user_user_permissions
    ADD CONSTRAINT auth_user_user_permi_permission_id_1fbb5f2c_fk_auth_perm FOREIGN KEY (permission_id) REFERENCES auth_permission(id) DEFERRABLE INITIALLY DEFERRED;


--
-- Name: auth_user_user_permissions auth_user_user_permissions_user_id_a95ead1b_fk_auth_user_id; Type: FK CONSTRAINT; Schema: public; Owner: nobel
--

ALTER TABLE ONLY auth_user_user_permissions
    ADD CONSTRAINT auth_user_user_permissions_user_id_a95ead1b_fk_auth_user_id FOREIGN KEY (user_id) REFERENCES auth_user(id) DEFERRABLE INITIALLY DEFERRED;


--
-- Name: chatbot_banglarequests chatbot_banglarequests_tag_id_a74ab854_fk_chatbot_classtag_id; Type: FK CONSTRAINT; Schema: public; Owner: nobel
--

ALTER TABLE ONLY chatbot_banglarequests
    ADD CONSTRAINT chatbot_banglarequests_tag_id_a74ab854_fk_chatbot_classtag_id FOREIGN KEY (tag_id) REFERENCES chatbot_classtag(id) DEFERRABLE INITIALLY DEFERRED;


--
-- Name: chatbot_banglaresponses chatbot_banglaresponses_tag_id_457bd932_fk_chatbot_classtag_id; Type: FK CONSTRAINT; Schema: public; Owner: nobel
--

ALTER TABLE ONLY chatbot_banglaresponses
    ADD CONSTRAINT chatbot_banglaresponses_tag_id_457bd932_fk_chatbot_classtag_id FOREIGN KEY (tag_id) REFERENCES chatbot_classtag(id) DEFERRABLE INITIALLY DEFERRED;


--
-- Name: chatbot_classtag chatbot_classtag_agentId_id_6f7b76ab_fk_chatbot_agent_id; Type: FK CONSTRAINT; Schema: public; Owner: nobel
--

ALTER TABLE ONLY chatbot_classtag
    ADD CONSTRAINT "chatbot_classtag_agentId_id_6f7b76ab_fk_chatbot_agent_id" FOREIGN KEY ("agentId_id") REFERENCES chatbot_agent(id) DEFERRABLE INITIALLY DEFERRED;


--
-- Name: chatbot_context chatbot_context_contextClass_id_79620312_fk_chatbot_classtag_id; Type: FK CONSTRAINT; Schema: public; Owner: nobel
--

ALTER TABLE ONLY chatbot_context
    ADD CONSTRAINT "chatbot_context_contextClass_id_79620312_fk_chatbot_classtag_id" FOREIGN KEY ("contextClass_id") REFERENCES chatbot_classtag(id) DEFERRABLE INITIALLY DEFERRED;


--
-- Name: chatbot_context chatbot_context_contextMethod_id_66aa6874_fk_chatbot_c; Type: FK CONSTRAINT; Schema: public; Owner: nobel
--

ALTER TABLE ONLY chatbot_context
    ADD CONSTRAINT "chatbot_context_contextMethod_id_66aa6874_fk_chatbot_c" FOREIGN KEY ("contextMethod_id") REFERENCES chatbot_contextmethod(id) DEFERRABLE INITIALLY DEFERRED;


--
-- Name: chatbot_context chatbot_context_contextParent_id_b3e1062b_fk_chatbot_c; Type: FK CONSTRAINT; Schema: public; Owner: nobel
--

ALTER TABLE ONLY chatbot_context
    ADD CONSTRAINT "chatbot_context_contextParent_id_b3e1062b_fk_chatbot_c" FOREIGN KEY ("contextParent_id") REFERENCES chatbot_classtag(id) DEFERRABLE INITIALLY DEFERRED;


--
-- Name: chatbot_englishrequests chatbot_englishrequests_tag_id_b3250014_fk_chatbot_classtag_id; Type: FK CONSTRAINT; Schema: public; Owner: nobel
--

ALTER TABLE ONLY chatbot_englishrequests
    ADD CONSTRAINT chatbot_englishrequests_tag_id_b3250014_fk_chatbot_classtag_id FOREIGN KEY (tag_id) REFERENCES chatbot_classtag(id) DEFERRABLE INITIALLY DEFERRED;


--
-- Name: chatbot_englishresponses chatbot_englishresponses_tag_id_37899798_fk_chatbot_classtag_id; Type: FK CONSTRAINT; Schema: public; Owner: nobel
--

ALTER TABLE ONLY chatbot_englishresponses
    ADD CONSTRAINT chatbot_englishresponses_tag_id_37899798_fk_chatbot_classtag_id FOREIGN KEY (tag_id) REFERENCES chatbot_classtag(id) DEFERRABLE INITIALLY DEFERRED;


--
-- Name: django_admin_log django_admin_log_content_type_id_c4bce8eb_fk_django_co; Type: FK CONSTRAINT; Schema: public; Owner: nobel
--

ALTER TABLE ONLY django_admin_log
    ADD CONSTRAINT django_admin_log_content_type_id_c4bce8eb_fk_django_co FOREIGN KEY (content_type_id) REFERENCES django_content_type(id) DEFERRABLE INITIALLY DEFERRED;


--
-- Name: django_admin_log django_admin_log_user_id_c564eba6_fk_auth_user_id; Type: FK CONSTRAINT; Schema: public; Owner: nobel
--

ALTER TABLE ONLY django_admin_log
    ADD CONSTRAINT django_admin_log_user_id_c564eba6_fk_auth_user_id FOREIGN KEY (user_id) REFERENCES auth_user(id) DEFERRABLE INITIALLY DEFERRED;


--
-- Name: products_product products_product_category_id_9b594869_fk_products_category_id; Type: FK CONSTRAINT; Schema: public; Owner: nobel
--

ALTER TABLE ONLY products_product
    ADD CONSTRAINT products_product_category_id_9b594869_fk_products_category_id FOREIGN KEY (category_id) REFERENCES products_category(id) DEFERRABLE INITIALLY DEFERRED;


--
-- Name: products_product products_product_size_id_24f71d67_fk_products_productsize_id; Type: FK CONSTRAINT; Schema: public; Owner: nobel
--

ALTER TABLE ONLY products_product
    ADD CONSTRAINT products_product_size_id_24f71d67_fk_products_productsize_id FOREIGN KEY (size_id) REFERENCES products_productsize(id) DEFERRABLE INITIALLY DEFERRED;


--
-- PostgreSQL database dump complete
--

